source,rule_id,title,level,techniques,records_benchmarked,matched_records,evaluation_ms
SigmaHQ,195e1b9d-bfc2-4ffa-ab4e-35aef69815f8,Bitbucket Full Data Export Triggered,high,T1213.003,14,0,0.011617
SigmaHQ,aac6c4f4-87c7-4961-96ac-c3fd3a42c310,Bitbucket Global Permission Changed,medium,T1098,14,0,0.003249
SigmaHQ,e16cf0f0-ee88-4901-bd0b-4c8d13d9ee05,Bitbucket Global Secret Scanning Rule Deleted,medium,T1685,14,0,0.002229
SigmaHQ,16ab6143-510a-44e2-a615-bdb80b8317fc,Bitbucket Global SSH Settings Changed,medium,"T1685,T1021.004",14,0,0.002373
SigmaHQ,6aa12161-235a-4dfb-9c74-fe08df8d8da1,Bitbucket Audit Log Configuration Updated,medium,T1685,14,0,0.00204
SigmaHQ,42ccce6d-7bd3-4930-95cd-e4d83fa94a30,Bitbucket Project Secret Scanning Allowlist Added,low,T1685,14,0,0.002633
SigmaHQ,b91e8d5e-0033-44fe-973f-b730316f23a1,Bitbucket Secret Scanning Exempt Repository Added,high,T1685,14,0,0.001807
SigmaHQ,ff91e3f0-ad15-459f-9a85-1556390c138d,Bitbucket Secret Scanning Rule Deleted,low,T1685,14,0,0.002744
SigmaHQ,7215374a-de4f-4b33-8ba5-70804c9251d3,Bitbucket Unauthorized Access To A Resource,critical,T1586,14,0,0.00181
SigmaHQ,34d81081-03c9-4a7f-91c9-5e46af625cde,Bitbucket Unauthorized Full Data Export Triggered,critical,"T1213.003,T1586",14,0,0.00235
SigmaHQ,5259cbf2-0a75-48bf-b57a-c54d6fabaef3,Bitbucket User Details Export Attempt Detected,medium,"T1213,T1082,T1591.004",14,0,0.437237
SigmaHQ,70ed1d26-0050-4b38-a599-92c53d57d45a,Bitbucket User Login Failure,medium,"T1078.004,T1110",14,0,0.002024
SigmaHQ,d3f90469-fb05-42ce-b67d-0fded91bbef3,Bitbucket User Login Failure Via SSH,medium,"T1021.004,T1110",14,0,0.002333
SigmaHQ,87cc6698-3e07-4ba2-9b43-a85a73e151e2,Bitbucket User Permissions Export Attempt,medium,"T1213,T1082,T1591.004",14,0,0.023235
SigmaHQ,fd435618-981e-4a7c-81f8-f78ce480d616,Django Framework Exceptions,medium,T1190,14,0,0.003343
SigmaHQ,16a71777-0b2e-4db7-9888-9d59cb75200b,Github Delete Action Invoked,medium,T1213.003,14,0,0.002143
SigmaHQ,8622c92d-c00e-463c-b09d-fd06166f6794,Github High Risk Configuration Disabled,high,T1556,14,0,0.004223
SigmaHQ,34e1c7d4-0cd5-419d-9f1b-1dad3f61018d,Outdated Dependency Or Vulnerability Alert Disabled,high,T1195.001,14,0,0.002323
SigmaHQ,69b3bd1e-b38a-462f-9a23-fbdbf63d2294,Github Fork Private Repositories Setting Enabled/Cleared,medium,"T1020,T1537",14,0,0.001567
SigmaHQ,3908d64a-3c06-4091-b503-b3a94424533b,New Github Organization Member Added,informational,T1136.003,14,0,0.001402
SigmaHQ,f9405037-bc97-4eb7-baba-167dad399b83,Github New Secret Created,low,T1078.004,14,0,0.002444
SigmaHQ,eaa9ac35-1730-441f-9587-25767bde99d7,Github Outside Collaborator Detected,medium,"T1098.001,T1098.003,T1213.003",14,0,0.001762
SigmaHQ,0c46d4f4-a2bf-4104-9597-8d653fc2bb55,GitHub Repository Pages Site Changed to Public,low,T1567.001,14,0,0.001374
SigmaHQ,02cf536a-cf21-4876-8842-4159c8aee3cc,Github Push Protection Bypass Detected,low,T1685,14,0,0.001217
SigmaHQ,ccd55945-badd-4bae-936b-823a735d37dd,Github Push Protection Disabled,high,T1685,14,0,0.003364
SigmaHQ,04ad83ef-1a37-4c10-b57a-81092164bf33,Github Repository/Organization Transferred,medium,"T1020,T1537",14,0,0.001833
SigmaHQ,dca8991c-cb16-4128-abf8-6b11e5cd156f,GitHub Repository Archive Status Changed,low,,14,0,0.001301
SigmaHQ,3883d9a0-fd0f-440f-afbb-445a2a799bb8,Github Secret Scanning Feature Disabled,high,T1685,14,0,0.002236
SigmaHQ,f8ed0e8f-7438-4b79-85eb-f358ef2fbebd,Github Self Hosted Runner Changes Detected,low,"T1526,T1213.003,T1078.004",14,0,0.002869
SigmaHQ,2f575940-d85e-4ddc-af13-17dad6f1a0ef,Github SSH Certificate Configuration Changed,medium,T1078.004,14,0,0.001691
SigmaHQ,bb0e9cec-d4da-46f5-997f-22efc59f3dca,Potential JNDI Injection Exploitation In JVM Based Application,high,T1190,14,0,0.003022
SigmaHQ,e032f5bc-4563-4096-ae3b-064bab588685,Potential Local File Read Vulnerability In JVM Based Application,high,T1190,14,0,0.001253
SigmaHQ,4d0af518-828e-4a04-a751-a7d03f3046ad,Potential OGNL Injection Exploitation In JVM Based Application,high,T1190,14,0,0.001888
SigmaHQ,d65f37da-a26a-48f8-8159-3dde96680ad2,Process Execution Error In JVM Based Application,high,T1190,14,0,0.010875
SigmaHQ,c4e06896-e27c-4583-95ac-91ce2279345d,Potential XXE Exploitation Attempt In JVM Based Application,high,T1190,14,0,0.001238
SigmaHQ,eed82177-38f5-4299-8a76-098d50d225ab,Kubernetes Admission Controller Modification,medium,"T1078,T1552,T1552.007",14,0,0.002758
SigmaHQ,0c9b3bda-41a6-4442-9345-356ae86343dc,Kubernetes CronJob/Job Modification,medium,,14,0,0.002801
SigmaHQ,40967487-139b-4811-81d9-c9767a92aa5a,Deployment Deleted From Kubernetes Cluster,low,T1498,14,0,0.001198
SigmaHQ,3132570d-cab2-4561-9ea6-1743644b2290,Kubernetes Events Deleted,medium,T1070,14,0,0.001205
SigmaHQ,a1b0ca4e-7835-413e-8471-3ff2b8a66be6,Potential Remote Command Execution In Pod Container,medium,T1609,14,0,0.00134
SigmaHQ,402b955c-8fe0-4a8c-b635-622b4ac5f902,Container With A hostPath Mount Created,low,T1611,14,0,0.001593
SigmaHQ,a80d927d-ac6e-443f-a867-e8d6e3897318,Creation Of Pod In System Namespace,medium,T1036.005,14,0,0.001997
SigmaHQ,597a7e84-187d-458b-9e4f-2f5a0e676711,Kubernetes Potential Enumeration Activity,medium,"T1609,T1613",14,0,0.005328
SigmaHQ,c5cd1b20-36bb-488d-8c05-486be3d0cb97,Privileged Container Deployed,low,T1611,14,0,0.001111
SigmaHQ,84b777bd-c946-4d17-aa2e-c39f5a454325,RBAC Permission Enumeration Attempt,low,"T1069.003,T1087.004",14,0,0.001447
SigmaHQ,10b97915-ec8d-455f-a815-9a78926585f6,Kubernetes Rolebinding Modification,medium,,14,0,0.003053
SigmaHQ,eeb3e9e1-b685-44e4-9232-6bb701f925b5,Kubernetes Secrets Enumeration,low,T1552.007,14,0,0.001114
SigmaHQ,58d31a75-a4f8-4c40-985b-373d58162ca2,Kubernetes Secrets Modified or Deleted,medium,,14,0,0.002121
SigmaHQ,e31bae15-83ed-473e-bf31-faf4f8a17d36,New Kubernetes Service Account Created,low,T1136,14,0,0.001237
SigmaHQ,ad9012a6-e518-4432-9890-f3b82b8fc71f,Potential Sidecar Injection Into Running Deployment,medium,T1609,14,0,0.001538
SigmaHQ,0d933542-1f1f-420d-97d4-21b2c3c492d9,Kubernetes Unauthorized or Unauthenticated Access,low,,14,0,0.378027
SigmaHQ,97661d9d-2beb-4630-b423-68985291a8af,Potential RCE Exploitation Attempt In NodeJS,high,T1190,14,0,0.00154
SigmaHQ,6991bc2b-ae2e-447f-bc55-3a1ba04c14e5,OpenCanary - FTP Login Attempt,high,"T1190,T1021",14,0,0.300477
SigmaHQ,4fe17521-aef3-4e6a-9d6b-4a7c8de155a8,OpenCanary - GIT Clone Request,high,T1213,14,0,0.062133
SigmaHQ,af6c3078-84cd-4c68-8842-08b76bd81b13,OpenCanary - HTTP GET Request,high,T1190,14,0,0.061065
SigmaHQ,af1ac430-df6b-4b38-b976-0b52f07a0252,OpenCanary - HTTP POST Login Attempt,high,T1190,14,0,0.06075
SigmaHQ,5498fc09-adc6-4804-b9d9-5cca1f0b8760,OpenCanary - HTTPPROXY Login Attempt,high,T1090,14,0,0.060748
SigmaHQ,3ec9a16d-0b4f-4967-9542-ebf38ceac7dd,OpenCanary - MSSQL Login Attempt Via SQLAuth,high,"T1003,T1213",14,0,0.060761
SigmaHQ,6e78f90f-0043-4a01-ac41-f97681613a66,OpenCanary - MSSQL Login Attempt Via Windows Authentication,high,"T1003,T1213",14,0,0.061278
SigmaHQ,e7d79a1b-25ed-4956-bd56-bd344fa8fd06,OpenCanary - MySQL Login Attempt,high,"T1003,T1213",14,0,0.083642
SigmaHQ,7cded4b3-f09e-405a-b96f-24248433ba44,OpenCanary - NTP Monlist Request,high,T1498,14,0,0.061737
SigmaHQ,eae8c0c8-e5da-450a-9d7d-66aa56cd26b6,OpenCanary - NMAP FIN Scan,high,T1046,14,0,0.061425
SigmaHQ,68b8547b-107f-43f3-97fb-900a7d63c190,OpenCanary - NMAP NULL Scan,high,T1046,14,0,0.061795
SigmaHQ,e8a677fd-248c-4eab-94df-de2f6f645884,OpenCanary - NMAP OS Scan,high,T1046,14,0,0.061116
SigmaHQ,d7553d7b-f485-479c-b192-cdac6edd83a4,OpenCanary - NMAP XMAS Scan,high,T1046,14,0,0.078471
SigmaHQ,974be8d2-283e-4033-ab08-7505b84204d0,OpenCanary - Host Port Scan (SYN Scan),high,T1046,14,0,0.062166
SigmaHQ,598290cf-5932-45cd-9123-be1e05ab4f2e,OpenCanary - RDP New Connection Attempt,high,"T1133,T1021.001",14,0,0.06206
SigmaHQ,547dfc53-ebf6-4afe-8d2e-793d9574975d,OpenCanary - REDIS Action Command Attempt,high,"T1003,T1213",14,0,0.061933
SigmaHQ,e30de276-68ec-435c-ab99-ef3befec6c61,OpenCanary - SIP Request,high,T1123,14,0,0.062506
SigmaHQ,22777c9e-873a-4b49-855f-6072ab861a52,OpenCanary - SMB File Open Request,high,"T1021,T1005",14,0,0.060773
SigmaHQ,e9856028-fd4e-46e6-b3d1-10f7ceb95078,OpenCanary - SNMP OID Request,high,"T1016,T1021",14,0,0.060767
SigmaHQ,ff7139bc-fdb1-4437-92f2-6afefe8884cb,OpenCanary - SSH Login Attempt,high,"T1133,T1021,T1078",14,0,0.06153
SigmaHQ,cd55f721-5623-4663-bd9b-5229cab5237d,OpenCanary - SSH New Connection Attempt,high,"T1133,T1021,T1078",14,0,0.062937
SigmaHQ,512cff7a-683a-43ad-afe0-dd398e872f36,OpenCanary - Telnet Login Attempt,high,"T1133,T1078",14,0,0.061213
SigmaHQ,b4e6b016-a2ac-4759-ad85-8000b300d61e,OpenCanary - TFTP Request,high,T1041,14,0,0.060718
SigmaHQ,9db5446c-b44a-4291-8b89-fcab5609c3b3,OpenCanary - VNC Connection Attempt,high,T1021,14,0,0.060238
SigmaHQ,19aefed0-ffd4-47dc-a7fc-f8b1425e84f9,Python SQL Exceptions,medium,T1190,14,0,0.002025
SigmaHQ,0fcd1c79-4eeb-4746-aba9-1b458f7a79cb,Remote Schedule Task Lateral Movement via ATSvc,high,"T1053,T1053.002",14,0,0.295845
SigmaHQ,f177f2bc-5f3e-4453-b599-57eefce9a59c,Remote Schedule Task Recon via AtScv,high,,14,0,0.093262
SigmaHQ,56fda488-113e-4ce9-8076-afc2457922c3,Possible DCSync Attack,high,T1033,14,0,0.075403
SigmaHQ,5f92fff9-82e2-48eb-8fc1-8b133556a551,Remote Encrypting File System Abuse,high,,14,0,0.071191
SigmaHQ,2053961f-44c7-4a64-b62d-f6e72800af0d,Remote Event Log Recon,high,,14,0,0.070245
SigmaHQ,ace3ff54-e7fd-46bd-8ea0-74b49a0aca1d,Remote Schedule Task Lateral Movement via ITaskSchedulerService,high,"T1053,T1053.002",14,0,0.07026
SigmaHQ,7f7c49eb-2977-4ac8-8ab0-ab1bae14730e,Remote Schedule Task Recon via ITaskSchedulerService,high,,14,0,0.073796
SigmaHQ,bc3a4b0c-e167-48e1-aa88-b3020950e560,Remote Printing Abuse for Lateral Movement,high,,14,0,0.069881
SigmaHQ,68050b10-e477-4377-a99b-3721b422d6ef,Remote DCOM/WMI Lateral Movement,high,"T1021.003,T1047",14,0,0.070821
SigmaHQ,35c55673-84ca-4e99-8d09-e334f3c29539,Remote Registry Lateral Movement,high,T1112,14,0,0.068873
SigmaHQ,d8ffe17e-04be-4886-beb9-c1dd1944b9a8,Remote Registry Recon,high,,14,0,0.07257
SigmaHQ,b6ea3cc7-542f-43ef-bbe4-980fbed444c7,Remote Server Service Abuse,high,,14,0,0.068173
SigmaHQ,10018e73-06ec-46ec-8107-9172f1e04ff2,Remote Server Service Abuse for Lateral Movement,high,T1569.002,14,0,0.06677
SigmaHQ,aff229ab-f8cd-447b-b215-084d11e79eb0,Remote Schedule Task Lateral Movement via SASec,high,"T1053,T1053.002",14,0,0.068093
SigmaHQ,0a3ff354-93fc-4273-8a03-1078782de5b7,Recon Activity via SASec,high,,14,0,0.07127
SigmaHQ,65f77b1e-8e79-45bf-bb67-5988a8ce45a5,SharpHound Recon Account Discovery,high,T1087,14,0,0.066329
SigmaHQ,6d580420-ff3f-4e0e-b6b0-41b90c787e28,SharpHound Recon Sessions,high,T1033,14,0,0.067165
SigmaHQ,0d2c3d4c-4b48-4ac3-8f23-ea845746bb1a,Ruby on Rails Framework Exceptions,medium,T1190,14,0,0.002517
SigmaHQ,ae48ab93-45f7-4051-9dfe-5d30a3f78e33,Spring Framework Exceptions,medium,T1190,14,0,0.001972
SigmaHQ,e9edd087-89d8-48c9-b0b4-5b9bb10896b8,Potential SpEL Injection In Spring Framework,high,T1190,14,0,0.001503
SigmaHQ,8a670c6d-7189-4b1c-8017-a417ca84a086,Suspicious SQL Error Messages,high,T1190,14,0,0.004564
SigmaHQ,16c86189-b556-4ee8-b4c7-7e350a195a4f,Potential Server Side Template Injection In Velocity,high,T1190,14,0,0.001584
SigmaHQ,101a1877-2cf4-474d-abfd-7f6ac4788d1a,Antivirus - APT Malware Signature,critical,"T1203,T1219.002",14,0,3.796983
SigmaHQ,238527ad-3c2c-4e4f-a1f6-92fd63adb864,Antivirus - Exploitation Framework Signature,critical,"T1203,T1219.002",14,0,0.005598
SigmaHQ,fa0c05b6-8ad3-468d-8231-c1cbccb64fba,Antivirus - Hacktool Signature,high,T1204,14,0,0.004237
SigmaHQ,78cc2dd2-7d20-4d32-93ff-057084c38b93,Antivirus - Password Dumper Signature,critical,"T1003,T1558,T1003.001,T1003.002",14,0,0.003662
SigmaHQ,4c6ca276-d4d0-4a8c-9e4c-d69832f8671f,Antivirus - Ransomware Signature,critical,T1486,14,0,0.003462
SigmaHQ,c9a88268-0047-4824-ba6e-4d81ce0b907c,Antivirus - Relevant File Paths Alerts Signature,high,T1588,14,0,1.659967
SigmaHQ,97233998-3838-4581-88c6-f1d19d3993fb,Antivirus - Remote Access Tools Signature,critical,"T1203,T1219.002",14,0,0.005112
SigmaHQ,fdf135a2-9241-4f96-a114-bb404948f736,Antivirus - Web Shell Detection Signature,high,T1505.003,14,0,0.004074
SigmaHQ,d84c0ded-edd7-4123-80ed-348bb3ccc4d5,Suspicious SQL Query,medium,"T1190,T1505.001",14,0,0.001968
SigmaHQ,6f7e1c10-2dc9-4312-adb6-9574ff09a5c8,Cisco Duo Successful MFA Authentication Via Bypass Code,medium,,14,0,0.001346
SigmaHQ,9058ca8b-f397-4fd1-a9fa-2b7aad4d6309,Okta Admin Functions Access Through Proxy,medium,,14,0,0.001241
SigmaHQ,413d4a81-6c98-4479-9863-014785fd579c,Okta Admin Role Assigned to an User or Group,medium,T1098.003,14,0,0.002115
SigmaHQ,139bdd4b-9cd7-49ba-a2f4-744d0a8f5d8c,Okta Admin Role Assignment Created,medium,,14,0,0.001655
SigmaHQ,19951c21-229d-4ccb-8774-b993c3ff3c5c,Okta API Token Created,medium,,14,0,0.001522
SigmaHQ,cf1dbc6b-6205-41b4-9b88-a83980d2255b,Okta API Token Revoked,medium,,14,0,0.00143
SigmaHQ,7899144b-e416-4c28-b0b5-ab8f9e0a541d,Okta Application Modified or Deleted,medium,,14,0,0.001666
SigmaHQ,8f668cc4-c18e-45fe-ad00-624a981cf88a,Okta Application Sign-On Policy Modified or Deleted,medium,,14,0,0.002209
SigmaHQ,ee39a9f7-5a79-4b0a-9815-d36b3cf28d3e,Okta FastPass Phishing Detection,high,T1566,14,0,0.00269
SigmaHQ,969c7590-8c19-4797-8c1b-23155de6e7ac,Okta Identity Provider Created,medium,T1098.001,14,0,0.001343
SigmaHQ,50e068d7-1e6b-4054-87e5-0a592c40c7e0,Okta MFA Reset or Deactivated,medium,T1556.006,14,0,0.001906
SigmaHQ,9f308120-69ed-4506-abde-ac6da81f4310,Okta Network Zone Deactivated or Deleted,medium,,14,0,0.00137
SigmaHQ,a0b38b70-3cb5-484b-a4eb-c4d8e7bcc0a9,Okta New Admin Console Behaviours,high,T1078.004,14,0,0.002255
SigmaHQ,91b76b84-8589-47aa-9605-c837583b82a9,Potential Okta Password in AlternateID Field,high,T1552,14,0,0.28927
SigmaHQ,1667a172-ed4c-463c-9969-efd92195319a,Okta Policy Modified or Deleted,low,,14,0,0.001735
SigmaHQ,0c97c1d3-4057-45c9-b148-1de94b631931,Okta Policy Rule Modified or Deleted,medium,,14,0,0.001627
SigmaHQ,5c82f0b9-3c6d-477f-a318-0e14a1df73e0,Okta Security Threat Detected,medium,,14,0,0.001356
SigmaHQ,07e97cc6-aed1-43ae-9081-b3470d2367f1,Okta Suspicious Activity Reported by End-user,high,T1586.003,14,0,0.001185
SigmaHQ,6cc2b61b-d97e-42ef-a9dd-8aa8dc951657,Okta Unauthorized Access to App,medium,,14,0,0.001864
SigmaHQ,14701da0-4b0f-4ee6-9c95-2ffb4e73bb9a,Okta User Account Locked Out,medium,T1531,14,0,0.001418
SigmaHQ,b6c718dd-8f53-4b9f-98d8-93fdca966969,New Okta User Created,informational,,14,0,0.001141
SigmaHQ,bde30855-5c53-4c18-ae90-1ff79ebc9578,Okta User Session Start Via An Anonymising Proxy Service,high,T1685,14,0,0.001346
SigmaHQ,62fff148-278d-497e-8ecd-ad6083231a35,OneLogin User Assumed Another User,low,,14,0,0.255425
SigmaHQ,a717c561-d117-437e-b2d9-0118a7035d01,OneLogin User Account Locked,low,,14,0,0.166056
SigmaHQ,c52a914f-3d8b-4b2a-bb75-b3991e75f8ba,Binary Padding - Linux,high,T1027.001,14,0,0.001509
SigmaHQ,70b4156e-50fc-4523-aa50-c9dddf1993fc,Bpfdoor TCP Ports Redirect,medium,T1686,14,0,0.001606
SigmaHQ,fe10751f-1995-40a5-aaa2-c97ccb4123fe,Linux Capabilities Discovery,low,"T1083,T1548",14,0,0.000992
SigmaHQ,b3cec4e7-6901-4b0d-a02d-8ab2d8eb818b,File Time Attribute Change - Linux,medium,T1070.006,14,0,0.001266
SigmaHQ,a5b977d6-8a81-4475-91b9-49dbfcd941f7,Remove Immutable File Attribute - Auditd,medium,T1222.002,14,0,0.001094
SigmaHQ,214e7e6c-f21b-47ff-bb6f-551b2d143fcf,Clipboard Collection with Xclip Tool - Auditd,low,T1115,14,0,0.002099
SigmaHQ,f200dc3f-b219-425d-a17e-c38467364816,Clipboard Collection of Image Data with Xclip Tool,low,T1115,14,0,0.212826
SigmaHQ,071d5e5a-9cef-47ec-bc4e-a42e34d8d0ed,Possible Coin Miner CPU Priority Param,critical,T1068,14,0,0.001361
SigmaHQ,a3b5e3e9-1b49-4119-8b8e-0344a01f21ee,Data Compressed,low,T1560.001,14,0,0.00221
SigmaHQ,cb39d16b-b3b6-4a7a-8222-1cf24b686ffc,Data Exfiltration with Wget,medium,T1048.003,14,0,0.001613
SigmaHQ,37222991-11e9-4b6d-8bdf-60fbe48f753e,Overwriting the File with Dev Zero or Null,low,T1485,14,0,0.001335
SigmaHQ,74c01ace-0152-4094-8ae2-6fd776dd43e5,File or Folder Permissions Change,low,T1222.002,14,0,0.001063
SigmaHQ,df3fcaea-2715-4214-99c5-0056ea59eb35,Credentials In Files - Linux,high,T1552.001,14,0,0.001461
SigmaHQ,d08722cd-3d09-449a-80b4-83ea2d9d4616,Hidden Files and Directories,low,T1564.001,14,0,0.068507
SigmaHQ,45810b50-7edc-42ca-813b-bdac02fb946b,Steganography Hide Zip Information in Picture File,low,T1027.003,14,0,0.011576
SigmaHQ,9d4548fa-bba0-4e88-bd66-5d5bf516cda0,Masquerading as Linux Crond Process,medium,T1036.003,14,0,0.001629
SigmaHQ,323ff3f5-0013-4847-bbd4-250b5edb62cc,Modify System Firewall,medium,T1686,14,0,0.031284
SigmaHQ,f4d3748a-65d1-4806-bd23-e25728081d01,Network Sniffing - Linux,low,T1040,14,0,0.001594
SigmaHQ,dbe4b9c5-c254-4258-9688-d6af0b7967fd,Screen Capture with Import Tool,low,T1113,14,0,0.00205
SigmaHQ,e2f17c5d-b02a-442b-9052-6eb89c9fec9c,Screen Capture with Xwd,low,T1113,14,0,0.001311
SigmaHQ,ce446a9e-30b9-4483-8e38-d2c9ad0a2280,Steganography Hide Files with Steghide,low,T1027.003,14,0,0.001386
SigmaHQ,a5a827d9-1bbe-4952-9293-c59d897eb41b,Steganography Extract Files with Steghide,low,T1027.003,14,0,0.001699
SigmaHQ,1543ae20-cbdf-4ec1-8d12-7664d667a825,Suspicious Commands Linux,medium,T1059.004,14,0,0.253234
SigmaHQ,eae8ce9f-bde9-47a6-8e79-f20d18419910,Suspicious History File Operations - Linux,medium,T1552.003,14,0,0.002701
SigmaHQ,2625cc59-0634-40d0-821e-cb67382a3dd7,Service Reload or Start - Linux,low,T1543.002,14,0,0.0018
SigmaHQ,4cb57c2f-1f29-41f8-893d-8bed8e1c1d2f,System Shutdown/Reboot - Linux,informational,T1529,14,0,0.064824
SigmaHQ,edd595d7-7895-4fa7-acb3-85a18a8772ca,Steganography Unzip Hidden Information From Picture File,low,T1027.003,14,0,0.00138
SigmaHQ,9a0d8ca0-2385-4020-b6c6-cb6153ca56f3,System Owner or User Discovery - Linux,low,T1033,14,0,0.012163
SigmaHQ,a7af2487-9c2f-42e4-9bb9-ff961f0561d5,Audio Capture,low,T1123,14,0,0.002132
SigmaHQ,e497a24e-9345-4a62-9803-b06d7d7cb132,ASLR Disabled Via Sysctl or Direct Syscall - Linux,high,"T1685,T1055.009",14,0,0.125651
SigmaHQ,49aae26c-450e-448b-911d-b3c13d178dfc,Linux Keylogging with Pam.d,high,"T1003,T1056.001",14,0,0.002895
SigmaHQ,ca94a6db-8106-4737-9ed2-3e3bb826af0a,Password Policy Discovery - Linux,low,T1201,14,0,0.00432
SigmaHQ,f7158a64-6204-4d6d-868a-6e6378b467e0,Suspicious C2 Activities,medium,,14,0,0.000898
SigmaHQ,f34047d9-20d3-4e8b-8672-0a35cc50dc71,System Information Discovery - Auditd,low,T1082,14,0,0.00379
SigmaHQ,977ef627-4539-4875-adf4-ed8f780c4922,Auditing Configuration Changes on Linux Host,high,T1685,14,0,0.001987
SigmaHQ,808146b2-9332-4d78-9416-d7e47012d83d,BPFDoor Abnormal Process ID or Lock File Accessed,high,"T1106,T1059",14,0,0.0104
SigmaHQ,9e1bef8d-0fff-46f6-8465-9aa54e128c1e,Use Of Hidden Paths Or Files,low,T1574.001,14,0,0.002146
SigmaHQ,4b3cb710-5e83-4715-8c45-8b2b5b3e5751,Modification of ld.so.preload,high,T1574.006,14,0,0.001298
SigmaHQ,c830f15d-6f6e-430f-8074-6f73d6807841,Logging Configuration Changes on Linux Host,high,T1685,14,0,0.001716
SigmaHQ,ea61bb82-a5e0-42e6-8537-91d29500f1b9,Potential Abuse of Linux Magic System Request Key,medium,"T1059.004,T1529,T1489,T1499",14,0,0.001904
SigmaHQ,1f358e2e-cb63-43c3-b575-dfb072a6814f,System and Hardware Information Discovery,informational,T1082,14,0,0.003791
SigmaHQ,1bac86ba-41aa-4f62-9d6b-405eac99b485,Systemd Service Creation,medium,T1543.002,14,0,0.002446
SigmaHQ,a94cdd87-6c54-4678-a6cc-2814ffe5a13d,Unix Shell Configuration Modification,medium,T1546.004,14,0,0.003673
SigmaHQ,53059bc0-1472-438b-956a-7508a94a91f0,Disable System Firewall,high,T1686,14,0,0.001453
SigmaHQ,eca5e022-d368-4043-98e5-9736fb01f72f,Clear or Disable Kernel Ring Buffer Logs via Syslog Syscall,medium,T1685.006,14,0,0.064502
SigmaHQ,759d0d51-bc99-4b5e-9add-8f5b2c8e7512,Creation Of An User Account,medium,T1136.001,14,0,0.001254
SigmaHQ,106d7cbd-80ff-4985-b682-a7043e5acb72,Loading of Kernel Module via Insmod,high,T1547.006,14,0,0.001881
SigmaHQ,3761e026-f259-44e6-8826-719ed8079408,Linux Network Service Scanning - Auditd,low,T1046,14,0,0.001752
SigmaHQ,2dad0cba-c62a-4a4f-949f-5f6ecd619769,Split A File Into Pieces - Linux,low,T1030,14,0,0.001118
SigmaHQ,b207d563-a1d9-4275-b349-77d1eb55aa6d,System Info Discovery via Sysinfo Syscall,low,"T1057,T1082",14,0,0.001285
SigmaHQ,a39d7fa7-3fbd-4dc2-97e1-d87f546b1bbc,Program Executions in Suspicious Folders,medium,"T1587,T1584",14,0,0.008877
SigmaHQ,710bdbce-495d-491d-9a8f-7d0d88d2b41e,Special File Creation via Mknod Syscall,low,T1543.003,14,0,0.000948
SigmaHQ,c0d3734d-330f-4a03-aae2-65dacc6a8222,Webshell Remote Command Execution,critical,T1505.003,14,0,0.063082
SigmaHQ,36aa86ca-fd9d-4456-814e-d3b1b8e1e0bb,Relevant ClamAV Message,high,T1588.001,14,0,0.001906
SigmaHQ,af202fd3-7bff-4212-a25a-fb34606cfcbe,Modifying Crontab,medium,T1053.003,14,0,0.0009
SigmaHQ,1edd77db-0669-4fef-9598-165bda82826d,Guacamole Two Users Sharing Session Anomaly,high,T1212,14,0,0.005921
SigmaHQ,41e5c73d-9983-4b69-bd03-e13b67e9623c,Equation Group Indicators,high,T1059.004,14,0,0.083803
SigmaHQ,18b042f0-2ecd-4b6e-9f8d-aa7a7e7de781,Buffer Overflow Attempts,high,T1068,14,0,0.002557
SigmaHQ,e09eb557-96d2-4de9-ba2d-30f712a5afd3,Commands to Clear or Remove the Syslog - Builtin,high,T1565.001,14,0,0.001282
SigmaHQ,7a14080d-a048-4de8-ae58-604ce58a795b,Remote File Copy,low,T1105,14,0,0.001551
SigmaHQ,7e3c4651-c347-40c4-b1d4-d48590fdf684,Code Injection by ld.so Preload,high,T1574.006,14,0,0.000965
SigmaHQ,0fadd880-6af3-4610-b1e5-008dc3a11b8a,Potential Suspicious BPF Activity - Linux,high,,14,0,0.000847
SigmaHQ,0ac15ec3-d24f-4246-aa2a-3077bb1cf90e,Privileged User Has Been Created,high,"T1136.001,T1098",14,0,0.001383
SigmaHQ,fdc88d25-96fb-4b7c-9633-c0e417fdbd4e,Linux Command History Tampering,high,T1070.003,14,0,0.003758
SigmaHQ,2aa1440c-9ae9-4d92-84a7-a9e5f5e31695,Suspicious Activity in Shell Commands,high,T1059.004,14,0,1.20336
SigmaHQ,f64b6e9a-5d9d-48a5-8289-e1dd2b3876e1,Suspicious Log Entries,medium,,14,0,0.003818
SigmaHQ,738d9bcf-6999-4fdb-b4ac-3033037db8ab,Suspicious Reverse Shell Command Line,high,T1059.004,14,0,0.033974
SigmaHQ,c67e0c98-4d39-46ee-8f6b-437ebf6b950e,Shellshock Expression,high,T1505.003,14,0,0.034724
SigmaHQ,6cc5fceb-9a71-4c23-aeeb-963abe0b279c,Suspicious Use of /dev/tcp,medium,,14,0,0.002993
SigmaHQ,8ec2c8b4-557a-4121-b87c-5dfb3a602fae,JexBoss Command Sequence,high,T1059.004,14,0,0.001602
SigmaHQ,c67fc22a-0be5-4b4f-aad5-2b32c4b69523,Symlink Etc Passwd,high,T1204.001,14,0,0.001205
SigmaHQ,e76b413a-83d0-4b94-8e4c-85db4a5b8bdc,Suspicious OpenSSH Daemon Error,medium,T1190,14,0,0.053527
SigmaHQ,49f5dfc1-f92e-4d34-96fa-feba3f6acf36,Disabling Security Tools - Builtin,medium,T1686,14,0,0.002327
SigmaHQ,c8e35e96-19ce-4f16-aeb6-fd5588dc5365,Suspicious Named Error,high,T1190,14,0,0.003083
SigmaHQ,377f33a1-4b36-4ee1-acee-1dbe4b43cfbe,Suspicious VSFTPD Error Messages,medium,T1190,14,0,0.041039
SigmaHQ,00eee2a5-fdb0-4746-a21d-e43fbdea5681,Linux Doas Conf File Creation,medium,T1548,14,0,0.001397
SigmaHQ,ddb26b76-4447-4807-871f-1b035b2bfa5d,Persistence Via Sudoers.d Files,medium,T1548.003,14,0,0.002032
SigmaHQ,6c4e2f43-d94d-4ead-b64d-97e53fa2bd05,New Cron File Created,low,T1053.003,14,0,0.003848
SigmaHQ,179b3686-6271-4d87-807d-17d843a8af73,Suspicious Filename with Embedded Base64 Commands,high,"T1059.004,T1027",14,0,0.00125
SigmaHQ,13f08f54-e705-4498-91fd-cce9d9cee9f1,Potentially Suspicious Shell Script Creation in Profile Folder,low,,14,0,0.00126
SigmaHQ,c0239255-822c-4630-b7f1-35362bcb8f44,Triple Cross eBPF Rootkit Default LockFile,high,,14,0,0.001226
SigmaHQ,1a2ea919-d11d-4d1e-8535-06cda13be20f,Triple Cross eBPF Rootkit Default Persistence,high,T1053.003,14,0,0.000747
SigmaHQ,35a05c60-9012-49b6-a11f-6bab741c9f74,Wget Creating Files in Tmp Directory,medium,T1105,14,0,0.001098
SigmaHQ,83dcd9f6-9ca8-4af7-a16e-a1c7a6b51871,Linux Reverse Shell Indicator,critical,T1059.004,14,0,0.001351
SigmaHQ,a46c93b7-55ed-4d27-a41b-c259456c4746,Linux Crypto Mining Pool Connections,high,T1496,14,0,0.003416
SigmaHQ,c4568f5d-131f-4e78-83d4-45b2da0ec4f1,Communication To LocaltoNet Tunneling Service Initiated - Linux,high,"T1572,T1090,T1102",14,0,0.001658
SigmaHQ,19bf6fdb-7721-4f3d-867f-53467f6a5db6,Communication To Ngrok Tunneling Service - Linux,high,"T1567,T1568.002,T1572,T1090,T1102",14,0,0.001379
SigmaHQ,dbfc7c98-04ab-4ab7-aa94-c74d22aa7376,Potentially Suspicious Malware Callback Communication - Linux,high,T1571,14,0,0.316892
SigmaHQ,bb382fd5-b454-47ea-a264-1828e4c766d6,Shell Invocation via Apt - Linux,medium,T1083,14,0,0.207201
SigmaHQ,d2d642d7-b393-43fe-bae4-e81ed5915c4b,Scheduled Task/Job At,low,T1053.002,14,0,0.001009
SigmaHQ,bed26dea-4525-47f4-b24a-76e30e44ffb0,Audit Rules Deleted Via Auditctl,high,T1685.004,14,0,0.070418
SigmaHQ,36388120-b3f1-4ce9-b50b-280d9a7f4c04,Kaspersky Endpoint Security Stopped Via CommandLine - Linux,high,T1685,14,0,0.001578
SigmaHQ,8c1a5675-cb85-452f-a298-b01b22a51856,Suspicious Invocation of Shell via AWK - Linux,high,T1059,14,0,0.002927
SigmaHQ,e2072cab-8c9a-459b-b63c-40ae79e27031,Decode Base64 Encoded Text,low,T1027,14,0,0.000917
SigmaHQ,ba592c6d-6888-43c3-b8c6-689b8fe47337,Linux Base64 Encoded Pipe to Shell,medium,T1140,14,0,0.001284
SigmaHQ,fe2f9663-41cb-47e2-b954-8a228f3b9dff,Linux Base64 Encoded Shebang In CLI,medium,T1140,14,0,0.0015
SigmaHQ,6104e693-a7d6-4891-86cb-49a258523559,Bash Interactive Shell,low,,14,0,0.00095
SigmaHQ,7692f583-bd30-4008-8615-75dab3f08a99,Enable BPF Kprobes Tracing,medium,,14,0,0.002915
SigmaHQ,f8341cb2-ee25-43fa-a975-d8a5a9714b39,BPFtrace Unsafe Option Usage,medium,T1059.004,14,0,0.001233
SigmaHQ,3a716279-c18c-4488-83be-f9ececbfb9fc,Linux Setgid Capability Set on a Binary via Setcap Utility,low,"T1548,T1554",14,0,0.000991
SigmaHQ,ed447910-bc30-4575-a598-3a2e49516a7a,Linux Setuid Capability Set on a Binary via Setcap Utility,low,"T1548,T1554",14,0,0.001092
SigmaHQ,d8d97d51-122d-4cdd-9e2f-01b4b4933530,Capabilities Discovery - Linux,low,T1083,14,0,0.00073
SigmaHQ,db1ac3be-f606-4e3a-89e0-9607cbe6b98a,Capsh Shell Invocation - Linux,high,T1059,14,0,0.000964
SigmaHQ,34979410-e4b5-4e5d-8cfb-389fdff05c12,Remove Immutable File Attribute,medium,T1222.002,14,0,0.00073
SigmaHQ,6419afd1-3742-47a5-a7e6-b50386cd15f8,Chmod Targeting Sensitive Directories,medium,T1222.002,14,0,0.004043
SigmaHQ,f2bed782-994e-4f40-9cd5-518198cb3fba,Linux Sudo Chroot Execution,low,T1068,14,0,0.001089
SigmaHQ,80915f59-9b56-4616-9de0-fd0dea6c12fe,Linux Logs Clearing Attempts,medium,T1685.006,14,0,0.002737
SigmaHQ,3fcc9b35-39e4-44c0-a2ad-9e82b6902b31,Syslog Clearing or Removal Via System Utilities,high,T1685.006,14,0,0.003557
SigmaHQ,ec127035-a636-4b9a-8555-0efd4e59f316,Clipboard Collection with Xclip Tool,low,T1115,14,0,0.001326
SigmaHQ,fa4aaed5-4fe0-498d-bbc0-08e3346387ba,Copy Passwd Or Shadow From TMP Path,high,T1552.001,14,0,0.001236
SigmaHQ,403ed92c-b7ec-4edd-9947-5b535ee12d46,Crontab Enumeration,low,T1007,14,0,0.000966
SigmaHQ,c2e234de-03a3-41e1-b39a-1e56dc17ba67,Remove Scheduled Cron Task/Job,medium,,14,0,0.000741
SigmaHQ,9069ea3c-b213-4c52-be13-86506a227ab1,Linux Crypto Mining Indicators,high,T1496,14,0,0.003707
SigmaHQ,ea34fb97-e2c4-4afb-810f-785e4459b194,Curl Usage on Linux,low,T1105,14,0,0.000957
SigmaHQ,a2d9e2f3-0f43-4c7a-bcd9-9acfc0d723aa,Suspicious Download and Execute Pattern via Curl/Wget,high,"T1059.004,T1203",14,0,0.001778
SigmaHQ,2953194b-e33c-4859-b9e8-05948c167447,DD File Overwrite,low,T1485,14,0,0.001961
SigmaHQ,4cad6c64-d6df-42d6-8dae-eb78defdc415,Potential Linux Process Code Injection Via DD Utility,medium,T1055.009,14,0,0.001026
SigmaHQ,84c9e83c-599a-458a-a0cb-0ecce44e807a,UFW Disable Attempt,medium,T1686,14,0,0.001846
SigmaHQ,067d8238-7127-451c-a9ec-fa78045b618b,Linux Doas Tool Execution,low,T1548,14,0,0.001069
SigmaHQ,bed978f8-7f3a-432b-82c5-9286a9b3031a,Shell Invocation via Env Command - Linux,high,T1059.004,14,0,0.001816
SigmaHQ,33e814e0-1f00-4e43-9c34-31fb7ae2b174,ESXi Network Configuration Discovery Via ESXCLI,medium,"T1033,T1007,T1059.012",14,0,0.001525
SigmaHQ,9691f58d-92c1-4416-8bf3-2edd753ec9cf,ESXi Admin Permission Assigned To Account Via ESXCLI,high,"T1059.012,T1098",14,0,0.002007
SigmaHQ,f41dada5-3f56-4232-8503-3fb7f9cf2d60,ESXi Storage Information Discovery Via ESXCLI,medium,"T1033,T1007,T1059.012",14,0,0.001243
SigmaHQ,38eb1dbb-011f-40b1-a126-cf03a0210563,ESXi Syslog Configuration Change Via ESXCLI,medium,"T1685,T1690,T1059.012",14,0,0.001618
SigmaHQ,e80273e1-9faf-40bc-bd85-dbaff104c4e9,ESXi System Information Discovery Via ESXCLI,medium,"T1033,T1007,T1059.012",14,0,0.00129
SigmaHQ,b28e4eb3-8bbc-4f0c-819f-edfe8e2f25db,ESXi Account Creation Via ESXCLI,medium,"T1136,T1059.012",14,0,0.001297
SigmaHQ,5f1573a7-363b-4114-9208-ad7a61de46eb,ESXi VM List Discovery Via ESXCLI,medium,"T1033,T1007,T1059.012",14,0,0.0014
SigmaHQ,2992ac4d-31e9-4325-99f2-b18a73221bb2,ESXi VM Kill Via ESXCLI,medium,"T1059.012,T1529",14,0,0.001274
SigmaHQ,d54c2f06-aca9-4e2b-81c9-5317858f4b79,ESXi VSAN Information Discovery Via ESXCLI,medium,"T1033,T1007,T1059.012",14,0,0.001073
SigmaHQ,d3feb4ee-ff1d-4d3d-bd10-5b28a238cc72,File and Directory Discovery - Linux,informational,T1083,14,0,0.369644
SigmaHQ,30aed7b6-d2c1-4eaf-9382-b6bc43e50c57,File Deletion,informational,T1070.004,14,0,0.001364
SigmaHQ,6adfbf8f-52be-4444-9bac-81b539624146,Shell Execution via Find - Linux,high,T1083,14,0,0.00201
SigmaHQ,4b09c71e-4269-4111-9cdd-107d8867f0cc,Shell Execution via Flock - Linux,high,T1083,14,0,0.001714
SigmaHQ,9b5de532-a757-4d70-946c-1f3e44f48b4d,Shell Execution GCC  - Linux,high,T1083,14,0,0.002405
SigmaHQ,47b3bbd4-1bf7-48cc-84ab-995362aaa75a,Shell Execution via Git - Linux,high,T1059,14,0,0.001381
SigmaHQ,d27ab432-2199-483f-a297-03633c05bae6,OS Architecture Discovery Via Grep,low,T1082,14,0,0.001923
SigmaHQ,8a46f16c-8c4c-82d1-b121-0fdd3ba70a84,Group Has Been Deleted Via Groupdel,medium,T1531,14,0,0.000922
SigmaHQ,78a80655-a51e-4669-bc6b-e9d206a462ee,Install Root Certificate,low,T1553.004,14,0,0.001519
SigmaHQ,700fb7e8-2981-401c-8430-be58e189e741,Suspicious Package Installed - Linux,medium,T1553.004,14,0,0.003748
SigmaHQ,3be619f4-d9ec-4ea8-a173-18fdd01996ab,Flush Iptables Ufw Chain,medium,T1686,14,0,0.002358
SigmaHQ,b45e3d6f-42c6-47d8-a478-df6bd6cf534c,Local System Accounts Discovery - Linux,low,T1087.001,14,0,0.003544
SigmaHQ,676381a6-15ca-4d73-a9c8-6a22e970b90d,Local Groups Discovery - Linux,low,T1069.001,14,0,0.002622
SigmaHQ,e34cfa0c-0a50-4210-9cb3-5632d08eb041,Potential GobRAT File Discovery Via Grep,high,T1082,14,0,0.002041
SigmaHQ,9d779ce8-5256-4b13-8b6f-b91c602b43f4,Named Pipe Created Via Mkfifo,low,,14,0,0.000858
SigmaHQ,999c3b12-0a8c-40b6-8e13-dd7d62b75c7a,Potentially Suspicious Named Pipe Created Via Mkfifo,medium,,14,0,0.000969
SigmaHQ,ec52985a-d024-41e3-8ff6-14169039a0b3,Mount Execution With Hidepid Parameter,medium,T1564,14,0,0.001047
SigmaHQ,7f734ed0-4f47-46c0-837f-6ee62505abd9,Potential Netcat Reverse Shell Execution,high,T1059,14,0,0.003872
SigmaHQ,093d68c7-762a-42f4-9f46-95e79142571a,Shell Execution via Nice - Linux,high,T1083,14,0,0.001873
SigmaHQ,e4ffe466-6ff8-48d4-94bd-e32d1a6061e2,Nohup Execution,medium,T1059.004,14,0,0.000838
SigmaHQ,457df417-8b9d-4912-85f3-9dbda39c3645,Suspicious Nohup Execution,high,,14,0,0.000936
SigmaHQ,6eea1bf6-f8d2-488a-a742-e6ef6c1b67db,OMIGOD SCX RunAsProvider ExecuteScript,high,"T1068,T1190,T1203",14,0,0.010271
SigmaHQ,21541900-27a9-4454-9c4c-3f0a4240344a,OMIGOD SCX RunAsProvider ExecuteShellCommand,high,"T1068,T1190,T1203",14,0,0.009148
SigmaHQ,259df6bc-003f-4306-9f54-4ff1a08fa38e,Potential Perl Reverse Shell Execution,high,,14,0,0.002261
SigmaHQ,c6714a24-d7d5-4283-a36b-3ffd091d5f7e,Potential PHP Reverse Shell,high,,14,0,0.002724
SigmaHQ,97de11cd-4b67-4abf-9a8b-1020e670aa9e,Pnscan Binary Data Transmission Activity,medium,T1046,14,0,0.308027
SigmaHQ,72f4ab3f-787d-495d-a55d-68c2ff46cf4c,Connection Proxy,low,T1090,14,0,0.001427
SigmaHQ,d7a650c4-226c-451e-948f-cc490db506aa,PUA - TruffleHog Execution - Linux,medium,"T1083,T1552.001",14,0,0.213131
SigmaHQ,55e862a8-dd9c-4651-807a-f21fcad56716,Python One-Liners with Base64 Decoding - Linux,high,"T1059.006,T1027.010",14,0,0.003027
SigmaHQ,3f0f5957-04f8-4792-ad89-192b0303bde6,Python WebServer Execution - Linux,medium,T1048.003,14,0,0.02509
SigmaHQ,c4042d54-110d-45dd-a0e1-05c47822c937,Python Spawning Pretty TTY Via PTY Module,medium,T1059,14,0,0.00227
SigmaHQ,32e62bc7-3de0-4bb1-90af-532978fe42c0,Python Reverse Shell Execution Via PTY And Socket Modules,high,,14,0,0.001917
SigmaHQ,2d2f44ff-4611-4778-a8fc-323a0e9850cc,Inline Python Execution - Spawn Shell Via OS System Library,high,T1059,14,0,0.002969
SigmaHQ,1f6b8cd4-3e60-47cc-b282-5aa1cbc9182d,Remote Access Tool - Team Viewer Session Started On Linux Host,low,T1133,14,0,0.001564
SigmaHQ,11063ec2-de63-4153-935e-b1a8b9e616f1,Linux Remote System Discovery,low,T1018,14,0,0.002387
SigmaHQ,95d61234-7f56-465c-6f2d-b562c6fedbc4,Linux Package Uninstall,low,T1070,14,0,0.002644
SigmaHQ,e2326866-609f-4015-aea9-7ec634e8aa04,Shell Execution via Rsync - Linux,high,T1059,14,0,0.002784
SigmaHQ,297241f3-8108-4b3a-8c15-2dda9f844594,Suspicious Invocation of Shell via Rsync,high,"T1059,T1203",14,0,0.001935
SigmaHQ,b8bdac18-c06e-4016-ac30-221553e74f59,Potential Ruby Reverse Shell,medium,,14,0,0.00262
SigmaHQ,6b14bac8-3e3a-4324-8109-42f0546a347f,Scheduled Cron Task/Job - Linux,medium,T1053.003,14,0,0.001402
SigmaHQ,c9d8b7fd-78e4-44fe-88f6-599135d46d60,Security Software Discovery - Linux,low,T1518.001,14,0,0.002984
SigmaHQ,e3a8a052-111f-4606-9aee-f28ebeb76776,Disabling Security Tools,medium,T1686,14,0,0.003912
SigmaHQ,de25eeb8-3655-4643-ac3a-b662d3f26b6b,Disable Or Stop Services,medium,"T1685,T1489",14,0,0.004603
SigmaHQ,c21c4eaa-ba2e-419a-92b2-8371703cbe21,Setuid and Setgid,low,T1548.001,14,0,0.001626
SigmaHQ,8737b7f6-8df3-4bb7-b1da-06019b99b687,Shell Invocation Via Ssh - Linux,high,T1059,14,0,0.003158
SigmaHQ,f9b3edc5-3322-4fc7-8aa3-245d646cc4b7,Potential Linux Amazon SSM Agent Hijacking,medium,T1219.002,14,0,0.002307
SigmaHQ,746c86fb-ccda-4816-8997-01386263acc4,Container Residence Discovery Via Proc Virtual FS,low,T1082,14,0,0.002721
SigmaHQ,00b90cc1-17ec-402c-96ad-3a8117d7a582,Suspicious Curl File Upload - Linux,medium,"T1567,T1105",14,0,0.07493
SigmaHQ,b86d356d-6093-443d-971c-9b07db583c68,Suspicious Curl Change User Agents - Linux,medium,T1071.001,14,0,0.001607
SigmaHQ,11701de9-d5a5-44aa-8238-84252f131895,Docker Container Discovery Via Dockerenv Listing,low,T1082,14,0,0.002279
SigmaHQ,5cd16c8f-44a6-4654-81e7-a84d6db507d4,Process Execution From Shared Memory Directory,high,T1027.011,14,0,0.001326
SigmaHQ,312b42b1-bded-4441-8b58-163a3af58775,Potentially Suspicious Execution From Tmp Folder,medium,T1036,14,0,0.001787
SigmaHQ,8344c0e5-5783-47cc-9cf9-a0f7fd03e6cf,Potential Discovery Activity Using Find - Linux,medium,T1083,14,0,0.001961
SigmaHQ,cfec9d29-64ec-4a0f-9ffe-0fdb856d5446,Suspicious Git Clone - Linux,medium,T1593.003,14,0,0.011547
SigmaHQ,1182f3b3-e716-4efa-99ab-d2685d04360f,History File Deletion,high,T1565.001,14,0,0.002442
SigmaHQ,d7821ff1-4527-4e33-9f84-d0d57fa2fb66,Print History File Contents,medium,T1592.004,14,0,0.002565
SigmaHQ,a015e032-146d-4717-8944-7a1884122111,Linux HackTool Execution,high,T1587,14,0,0.004787
SigmaHQ,43e26eb5-cd58-48d1-8ce9-a273f5d298d8,Potential Container Discovery Via Inodes Listing,low,T1082,14,0,0.063747
SigmaHQ,ea3ecad2-db86-4a89-ad0b-132a10d2db55,Interactive Bash Suspicious Children,medium,"T1059.004,T1036",14,0,0.002719
SigmaHQ,d292e0af-9a18-420c-9525-ec0ac3936892,Suspicious Java Children Processes,high,T1059,14,0,0.002849
SigmaHQ,3e102cd9-a70d-4a7a-9508-403963092f31,Linux Network Service Scanning Tools Execution,low,T1046,14,0,0.003658
SigmaHQ,880973f3-9708-491c-a77b-2a35a1921158,Linux Shell Pipe to Shell,medium,T1140,14,0,0.00133
SigmaHQ,0f79c4d2-4e1f-4683-9c36-b5469a665e06,Access of Sudoers File Content,medium,T1592.004,14,0,0.003075
SigmaHQ,0cf7a157-8879-41a2-8f55-388dd23746b7,Linux Recon Indicators,high,"T1592.004,T1552.001",14,0,0.001576
SigmaHQ,f0025a69-e1b7-4dda-a53c-db21fa2d4071,Script Interpreter Spawning Credential Scanner - Linux,high,"T1552,T1005,T1059.004",14,0,0.001618
SigmaHQ,86157017-c2b1-4d4a-8c33-93b8e67e4af4,Potential Suspicious Change To Sensitive/Critical Files,medium,T1565.001,14,0,0.003829
SigmaHQ,2fade0b6-7423-4835-9d4f-335b39b83867,Shell Execution Of Process Located In Tmp Directory,high,,14,0,0.002235
SigmaHQ,30bcce26-51c5-49f2-99c8-7b59e3af36c7,Execution Of Script Located In Potentially Suspicious Directory,medium,,14,0,0.001657
SigmaHQ,42df45e7-e6e9-43b5-8f26-bec5b39cc239,System Information Discovery,informational,T1082,14,0,0.002583
SigmaHQ,4c519226-f0cd-4471-bd2f-6fbb2bb68a79,System Network Connections Discovery - Linux,low,T1049,14,0,0.00218
SigmaHQ,e7bd1cfa-b446-4c88-8afb-403bcd79e3fa,System Network Discovery - Linux,informational,T1016,14,0,0.055122
SigmaHQ,c172b7b5-f3a1-4af2-90b7-822c63df86cb,Mask System Power Settings Via Systemctl,high,T1653,14,0,0.002016
SigmaHQ,31545105-3444-4584-bebf-c466353230d2,Touch Suspicious Service File,medium,T1070.006,14,0,0.000955
SigmaHQ,0326c3c8-7803-4a0f-8c5c-368f747f7c3e,Triple Cross eBPF Rootkit Execve Hijack,high,,14,0,0.001139
SigmaHQ,22236d75-d5a0-4287-bf06-c93b1770860f,Triple Cross eBPF Rootkit Install Commands,high,T1014,14,0,0.001651
SigmaHQ,08f26069-6f80-474b-8d1f-d971c6fedea0,User Has Been Deleted Via Userdel,medium,T1531,14,0,0.000824
SigmaHQ,6a50f16c-3b7b-42d1-b081-0fdd3ba70a73,User Added To Root/Sudoers Group Using Usermod,medium,,14,0,0.001224
SigmaHQ,7ab8f73a-fcff-428b-84aa-6a5ff7877dea,Vim GTFOBin Abuse - Linux,high,"T1059,T1083",14,0,0.025566
SigmaHQ,818f7b24-0fba-4c49-a073-8b755573b9c7,Linux Webshell Indicators,high,T1505.003,14,0,0.003943
SigmaHQ,cf610c15-ed71-46e1-bdf8-2bd1a99de6c4,Download File To Potentially Suspicious Directory Via Wget,medium,T1105,14,0,0.064449
SigmaHQ,4e25af4b-246d-44ea-8563-e42aacab006b,Potential Xterm Reverse Shell,medium,T1059,14,0,0.001488
SigmaHQ,ceb407f6-8277-439b-951f-e4210e3ed956,Cisco Clear Logs,high,T1070.003,14,0,0.001232
SigmaHQ,cd072b25-a418-4f98-8ebc-5093fb38fe1a,Cisco Collect Data,low,"T1087.001,T1552.001,T1005",14,0,0.001707
SigmaHQ,1f978c6a-4415-47fb-aca5-736a44d7ca3d,Cisco Crypto Commands,high,"T1553.004,T1552.004",14,0,0.001526
SigmaHQ,9e8f6035-88bf-4a63-96b6-b17c0508257e,Cisco Disabling Logging,high,T1685,14,0,0.009677
SigmaHQ,9705a6a1-6db6-4a16-a987-15b7151e299b,Cisco Discovery,low,"T1083,T1201,T1057,T1018,T1082,T1016,T1049,T1033,T1124",14,0,0.035057
SigmaHQ,d94a35f0-7a29-45f6-90a0-80df6159967c,Cisco Denial of Service,medium,"T1495,T1529,T1565.001",14,0,0.001892
SigmaHQ,ef0ff092-a24a-4fbc-beea-06c08d53e085,Cisco Dot1x Disabled,medium,"T1685,T1556.004",14,0,0.002637
SigmaHQ,71d65515-c436-43c0-841b-236b1f32c21e,Cisco File Deletion,medium,"T1070.004,T1561.001,T1561.002",14,0,0.001347
SigmaHQ,b094d9fb-b1ad-4650-9f1a-fb7be9f1d34b,Cisco Show Commands Input,medium,T1552.003,14,0,0.001349
SigmaHQ,6d844f0f-1c18-41af-8f19-33e7654edfc3,Cisco Local Accounts,high,"T1136.001,T1098",14,2,0.008964
SigmaHQ,671ffc77-50a7-464f-9e3d-9ea2b493b26b,Cisco Modify Configuration,medium,"T1490,T1505,T1565.002,T1053",14,0,0.015423
SigmaHQ,5e51acb2-bcbe-435b-99c6-0e3cd5e2aa59,Cisco Stage Data,low,"T1074,T1105,T1560.001",14,0,0.002318
SigmaHQ,b9e1f193-d236-4451-aaae-2f3d2102120d,Cisco Sniffing,medium,T1040,14,0,0.001956
SigmaHQ,56fa3cd6-f8d6-4520-a8c7-607292971886,Cisco BGP Authentication Failures,low,"T1078,T1110,T1557",14,0,0.00129
SigmaHQ,50e606bf-04ce-4ca7-9d54-3449494bbd4b,Cisco LDP Authentication Failures,low,"T1078,T1110,T1557",14,0,0.001403
SigmaHQ,aff715fa-4dd5-497a-8db3-910bea555566,DNS Query to External Service Interaction Domains,high,"T1190,T1595.002",14,0,0.004155
SigmaHQ,2975af79-28c4-4d2f-a951-9095f229df29,Cobalt Strike DNS Beaconing,critical,T1071.004,14,0,0.244299
SigmaHQ,b593fd50-7335-4682-a36c-4edcb68e4641,Monero Crypto Coin Mining Pool Lookup,high,"T1496,T1567",14,0,0.003757
SigmaHQ,4153a907-2451-4e4f-a578-c52bb6881432,Suspicious DNS Query with B64 Encoded String,medium,"T1048.003,T1071.004",14,0,0.058795
SigmaHQ,c64c5175-5189-431b-a55e-6d9882158251,Telegram Bot API Request,medium,T1102.002,14,0,0.001432
SigmaHQ,8ae51330-899c-4641-8125-e39f2e07da72,DNS TXT Answer with Possible Execution Strings,high,T1071.004,14,0,0.252211
SigmaHQ,3eaf6218-3bed-4d8a-8707-274096f12a18,Wannacry Killswitch Domain,high,T1071.001,14,0,0.002578
SigmaHQ,d7fb8f0e-bd5f-45c2-b467-19571c490d7e,Cleartext Protocol Usage,low,,14,0,1.113675
SigmaHQ,cd0a4943-0edd-42cf-b50c-06f77a10d4c1,FortiGate - New Administrator Account Created,medium,T1136.001,14,0,0.001818
SigmaHQ,5c8d7b41-3812-432f-a0bb-4cfb7c31827e,FortiGate - Firewall Address Object Added,medium,T1686.002,14,0,0.001337
SigmaHQ,f24ab7a8-f09a-4319-82c1-915586aa642b,FortiGate - New Firewall Policy Added,medium,T1686.002,14,0,0.001609
SigmaHQ,ddbbe845-1d74-43a8-8231-2156d180234d,FortiGate - New Local User Created,medium,T1136.001,14,0,0.001443
SigmaHQ,2bfb6216-0c31-4d20-8501-2629b29a3fa2,FortiGate - New VPN SSL Web Portal Added,medium,T1133,14,0,0.001755
SigmaHQ,69ffc84e-8b1a-4024-8351-e018f66b8275,FortiGate - User Group Modified,medium,,14,0,0.001211
SigmaHQ,8b5dacf2-aeb7-459d-b133-678eb696d410,FortiGate - VPN SSL Settings Modified,medium,T1133,14,0,0.001491
SigmaHQ,a557ffe6-ac54-43d2-ae69-158027082350,Huawei BGP Authentication Failures,low,"T1078,T1110,T1557",14,0,0.001046
SigmaHQ,a7c0ae48-8df8-42bf-91bd-2ea57e2f9d43,Juniper BGP Missing MD5,low,"T1078,T1110,T1557",14,0,0.001348
SigmaHQ,b640c0b8-87f8-4daa-aef8-95a24261dd1d,MITRE BZAR Indicators for Execution,medium,"T1047,T1053.002,T1569.002",14,0,0.004147
SigmaHQ,53389db6-ba46-48e3-a94c-e0f2cefe1583,MITRE BZAR Indicators for Persistence,medium,T1547.004,14,0,0.002676
SigmaHQ,4096842a-8f9f-4d36-92b4-d0b2a62f9b2a,Potential PetitPotam Attack Via EFS RPC Calls,medium,"T1557.001,T1187",14,0,0.000889
SigmaHQ,bae2865c-5565-470d-b505-9496c87d0c30,SMB Spoolss Name Piped Usage,medium,T1021.002,14,0,0.001266
SigmaHQ,7100f7e3-92ce-4584-b7b7-01b40d3d4118,Default Cobalt Strike Certificate,high,,14,0,0.000907
SigmaHQ,5588576c-5898-4fac-bcdd-7475a60e8f43,Suspicious DNS Query Indicating Kerberos Coercion via DNS Object SPN Spoofing - Network,high,"T1557.001,T1187",14,0,0.001061
SigmaHQ,bf74135c-18e8-4a72-a926-0e4f47888c19,DNS Events Related To Mining Pools,low,"T1569.002,T1496",14,0,0.004484
SigmaHQ,fa7703d6-0ee8-4949-889c-48c84bc15b6f,New Kind of Network (NKN) Detection,low,,14,0,0.001269
SigmaHQ,ede05abc-2c9e-4624-9944-9ff17fdc0bf5,Suspicious DNS Z Flag Bit Set,medium,"T1095,T1571",14,0,0.318808
SigmaHQ,a8322756-015c-42e7-afb1-436e85ed3ff5,DNS TOR Proxies,medium,T1048,14,0,0.004118
SigmaHQ,aac2fd97-bcba-491b-ad66-a6edf89c71bf,Executable from Webdav,medium,T1105,14,0,0.492102
SigmaHQ,68c2c604-92ad-468b-bf4a-aac49adad08c,HTTP Request to Low Reputation TLD or Suspicious File Extension,medium,,14,0,0.063159
SigmaHQ,705072a5-bb6f-4ced-95b6-ecfa6602090b,WebDav Put Request,low,T1048.003,14,0,0.281084
SigmaHQ,1fc0809e-06bf-4de3-ad52-25e5263b7623,Publicly Accessible RDP Service,high,T1021.001,14,14,0.921015
SigmaHQ,dde85b37-40cd-4a94-b00c-0b8794f956b5,Remote Task Creation via ATSVC Named Pipe - Zeek,medium,T1053.002,14,0,0.001407
SigmaHQ,92dae1ed-1c9d-4eff-a567-33acbd95b00e,Possible Impacket SecretDump Remote Activity - Zeek,high,"T1003.002,T1003.004,T1003.003",14,0,0.212208
SigmaHQ,021310d9-30a6-480a-84b7-eaa69aeb92bb,First Time Seen Remote Named Pipe - Zeek,high,T1021.002,14,0,0.004409
SigmaHQ,f1b3a22a-45e6-4004-afb5-4291f9c21166,Suspicious PsExec Execution - Zeek,high,T1021.002,14,0,0.002031
SigmaHQ,286b47ed-f6fe-40b3-b3a8-35129acd43bc,Suspicious Access to Sensitive File Extensions - Zeek,medium,,14,0,0.00277
SigmaHQ,2e69f167-47b5-4ae7-a390-47764529eff5,Transferring Files with Credential Data via Network Shares - Zeek,medium,"T1003.002,T1003.001,T1003.003",14,0,0.328548
SigmaHQ,503fe26e-b5f2-4944-a126-eab405cc06e5,Kerberos Network Traffic RC4 Ticket Encryption,medium,T1558.003,14,0,0.001344
SigmaHQ,1da8ce0b-855d-4004-8860-7d64d42063b1,Apache Segmentation Fault,high,T1499.004,14,0,0.001729
SigmaHQ,e9a2b582-3f6a-48ac-b4a1-6849cdc50b3c,Apache Threading Error,medium,"T1190,T1210",14,0,0.001535
SigmaHQ,59ec40bb-322e-40ab-808d-84fa690d7e56,Nginx Core Dump,high,T1499.004,14,0,0.001701
SigmaHQ,195c1119-ef07-4909-bb12-e66f5e07bf3c,Download from Suspicious Dyndns Hosts,medium,"T1105,T1568",14,0,0.903635
SigmaHQ,00d0b5ab-1f55-4120-8e83-487c0a7baf19,Download From Suspicious TLD - Blacklist,low,"T1566,T1203,T1204.002",14,0,0.973361
SigmaHQ,b5de2919-b74a-4805-91a7-5049accbaefe,Download From Suspicious TLD - Whitelist,low,"T1566,T1203,T1204.002",14,0,0.750416
SigmaHQ,e09aed7a-09e0-4c9a-90dd-f0d52507347e,Windows WebDAV User Agent,high,T1071.001,14,0,0.009835
SigmaHQ,b59c98c6-95e8-4d65-93ee-f594dfb96b17,F5 BIG-IP iControl Rest API Command Execution - Proxy,medium,T1190,14,0,0.002069
SigmaHQ,1712bafe-be05-4a0e-89d4-17a3ed151bf5,Potential Hello-World Scraper Botnet Activity,medium,T1595,14,0,0.001773
SigmaHQ,304810ed-8853-437f-9e36-c4975c3dfd7e,HackTool - BabyShark Agent Default URL Pattern,critical,T1071.001,14,0,0.001199
SigmaHQ,f3f21ce1-cdef-4bfc-8328-ed2e826f5fac,HackTool - CobaltStrike Malleable Profile Patterns - Proxy,high,T1071.001,14,0,0.392708
SigmaHQ,b923f7d6-ac89-4a50-a71a-89fb846b4aa8,HackTool - Empire UserAgent URI Combo,high,T1071.001,14,0,0.026571
SigmaHQ,1a9bb21a-1bb5-42d7-aa05-3219c7c8f47d,PUA - Advanced IP/Port Scanner Update Check,medium,T1590,14,0,0.003146
SigmaHQ,2b1ee7e4-89b6-4739-b7bb-b811b6607e5e,PwnDrp Access,critical,"T1071.001,T1102.001,T1102.003",14,0,0.001024
SigmaHQ,5468045b-4fcc-4d1a-973c-c9c9578edacb,Raw Paste Service Access,high,"T1071.001,T1102.001,T1102.003",14,0,0.002932
SigmaHQ,4922a5dd-6743-4fc2-8e81-144374280997,Flash Player Update from Suspicious Location,high,"T1189,T1204.002,T1036.005",14,0,0.104165
SigmaHQ,eb6c2004-1cef-427f-8885-9042974e5eb6,Suspicious Network Communication With IPFS,low,T1056,14,0,0.255639
SigmaHQ,b494b165-6634-483d-8c47-2026a6c52372,Telegram API Access,medium,"T1071.001,T1102.002",14,0,0.001818
SigmaHQ,6ec820f2-e963-4801-9127-d8b2dce4d31b,APT User Agent,high,T1071.001,14,0,2.420175
SigmaHQ,d443095b-a221-4957-a2c4-cd1756c9b747,Suspicious Base64 Encoded User-Agent,medium,T1071.001,14,0,0.001871
SigmaHQ,8ccd35a2-1c7c-468b-b568-ac6cdf80eec3,Bitsadmin to Uncommon IP Server Address,high,"T1071.001,T1197",14,0,0.007366
SigmaHQ,9eb68894-7476-4cd6-8752-23b51f5883a7,Bitsadmin to Uncommon TLD,high,"T1071.001,T1197",14,0,0.008436
SigmaHQ,fa935401-513b-467b-81f4-f9e77aa0dd78,Crypto Miner User Agent,high,T1071.001,14,0,0.001306
SigmaHQ,21e44d78-95e7-421b-a464-ffd8395659c4,HTTP Request With Empty User Agent,medium,T1071.001,14,1,0.06003
SigmaHQ,fdd1bfb5-f60b-4a35-910e-f36ed3d0b32f,Exploit Framework User Agent,high,T1071.001,14,0,0.551364
SigmaHQ,c42a3073-30fb-48ae-8c99-c23ada84b103,Hack Tool User Agent,high,"T1190,T1110",14,0,0.789184
SigmaHQ,5c84856b-55a5-45f1-826f-13f37250cf4e,Malware User Agent,high,T1071.001,14,0,1.788602
SigmaHQ,c8557060-9221-4448-8794-96320e6f3e74,Windows PowerShell User Agent,medium,T1071.001,14,0,0.007504
SigmaHQ,2c03648b-e081-41a5-b9fb-7d854a915091,Rclone Activity via Proxy,medium,T1567.002,14,0,0.001071
SigmaHQ,7195a772-4b3f-43a4-a210-6a003d65caa1,Suspicious User Agent,high,T1071.001,14,0,0.414518
SigmaHQ,894a8613-cf12-48b3-8e57-9085f54aa0c3,Potential Base64 Encoded User-Agent,medium,T1071.001,14,0,0.061789
SigmaHQ,1ae64f96-72b6-48b3-ad3d-e71dff6c6398,Suspicious External WebDAV Execution,high,"T1584,T1566",14,0,0.076208
SigmaHQ,85254a62-22be-4239-b79c-2ec17e566c37,F5 BIG-IP iControl Rest API Command Execution - Webserver,medium,T1190,14,0,0.001717
SigmaHQ,7cb02516-6d95-4ffc-8eee-162075e111ac,Successful IIS Shortname Fuzzing Scan,medium,T1190,14,0,0.332289
SigmaHQ,583aa0a2-30b1-4d62-8bf3-ab73689efe6c,Java Payload Strings,high,T1190,14,0,0.002526
SigmaHQ,412d55bc-7737-4d25-9542-5b396867ce55,JNDIExploit Pattern,high,T1190,14,0,0.004285
SigmaHQ,7745c2ea-24a5-4290-b680-04359cb84b35,Path Traversal Exploitation Attempts,medium,T1190,14,0,0.127531
SigmaHQ,953d460b-f810-420a-97a2-cfca4c98e602,Source Code Enumeration Detection by Keyword,medium,T1083,14,0,0.001339
SigmaHQ,5513deaf-f49a-46c2-a6c8-3f111b5cb453,SQL Injection Strings In URI,high,T1190,14,0,0.076155
SigmaHQ,ada3bc4f-f0fd-42b9-ba91-e105e8af7342,Server Side Template Injection Strings,high,T1221,14,0,0.073002
SigmaHQ,19aa4f58-94ca-45ff-bc34-92e533c0994a,Suspicious User-Agents Related To Recon Tools,medium,T1190,14,0,0.003952
SigmaHQ,9f6a34b4-2688-4eb7-a7f5-e39fef573d0e,Suspicious Windows Strings In URI,high,T1505.003,14,0,0.165417
SigmaHQ,2ea44a60-cfda-11ea-87d0-0242ac130003,Webshell ReGeorg Detection Via Web Logs,high,T1505.003,14,0,0.324123
SigmaHQ,7ff9db12-1b94-4a79-ba68-a2402c5d6729,Windows Webshell Strings,high,T1505.003,14,0,0.02846
SigmaHQ,65354b83-a2ea-4ea6-8414-3ab38be0d409,Cross Site Scripting Strings,high,T1189,14,0,0.065622
SigmaHQ,78bc5783-81d9-4d73-ac97-59f6db4f72a8,Relevant Anti-Virus Signature Keywords In Application Log,high,T1588,14,0,1.131946
SigmaHQ,a18e0862-127b-43ca-be12-1a542c75c7c5,LSASS Process Crashed - Application,high,T1003.001,14,0,0.281396
SigmaHQ,545a5da6-f103-4919-a519-e9aec1026ee4,Microsoft Malware Protection Engine Crash,high,"T1211,T1685",14,0,0.069303
SigmaHQ,e6e88853-5f20-4c4a-8d26-cd469fd8d31f,Ntdsutil Abuse,medium,T1003.003,14,0,0.071041
SigmaHQ,94dc4390-6b7c-4784-8ffc-335334404650,Dump Ntds.dit To Suspicious Location,medium,,14,0,0.069182
SigmaHQ,48d91a3a-2363-43ba-a456-ca71ac3da5c2,Audit CVE Event,critical,"T1203,T1068,T1211,T1212,T1210,T1499.004",14,0,0.122801
SigmaHQ,9703792d-fd9a-456d-a672-ff92efe4806a,Backup Catalog Deleted,medium,T1070.004,14,0,0.009454
SigmaHQ,b4c8da4a-1c12-46b0-8a2b-0a8521d03442,Restricted Software Access By SRP,high,T1072,14,0,0.065582
SigmaHQ,570ae5ec-33dc-427c-b815-db86228ad43e,Application Uninstalled,low,T1489,14,0,0.063421
SigmaHQ,c7c8aa1c-5aff-408e-828b-998e3620b341,MSI Installation From Suspicious Locations,medium,,14,0,0.071409
SigmaHQ,5594e67a-7f92-4a04-b65d-1a42fd824a60,MSI Installation From Web,medium,"T1218,T1218.007",14,0,0.064973
SigmaHQ,87261fb2-69d0-42fe-b9de-88c6b5f65a43,Atera Agent Installation,high,T1219.002,14,0,0.008252
SigmaHQ,08200f85-2678-463e-9c32-88dce2f073d1,MSSQL Add Account To Sysadmin Role,high,,14,0,0.063127
SigmaHQ,00321fee-ca72-4cce-b011-5415af3b9960,MSSQL Destructive Query,medium,T1485,14,0,0.064231
SigmaHQ,350dfb37-3706-4cdc-9e2e-5e24bc3a46df,MSSQL Disable Audit Settings,high,,14,0,0.063946
SigmaHQ,218d2855-2bba-4f61-9c85-81d0ea63ac71,MSSQL Server Failed Logon,low,T1110,14,0,0.065468
SigmaHQ,ebfe73c2-5bc9-4ed9-aaa8-8b54b2b4777d,MSSQL Server Failed Logon From External Network,medium,T1110,14,0,0.072193
SigmaHQ,b3d57a5c-c92e-4b48-9a79-5f124b7cf964,MSSQL SPProcoption Set,high,,14,0,0.07483
SigmaHQ,7f103213-a04e-4d59-8261-213dddf22314,MSSQL XPCmdshell Suspicious Execution,high,,14,0,0.090018
SigmaHQ,d08dd86f-681e-4a00-a92c-1db218754417,MSSQL XPCmdshell Option Change,high,,14,0,0.068357
SigmaHQ,076ebe48-cc05-4d8f-9d41-89245cd93a14,Remote Access Tool - ScreenConnect Command Execution,low,T1059.003,14,0,0.070153
SigmaHQ,5d19eb78-5b5b-4ef2-a9f0-4bfa94d58a13,Remote Access Tool - ScreenConnect File Transfer,low,T1059.003,14,0,0.069482
SigmaHQ,6c82cf5c-090d-4d57-9188-533577631108,Microsoft Malware Protection Engine Crash - WER,high,"T1211,T1685",14,0,0.068703
SigmaHQ,401e5d00-b944-11ea-8f9a-00163ecd60ae,AppLocker Prevented Application or Script from Running,medium,"T1204.002,T1059.001,T1059.003,T1059.005,T1059.006,T1059.007",14,0,0.014309
SigmaHQ,557e3bd3-7f21-495d-8d50-7c8bdfb8041c,AppLocker Application Would Have Been Blocked,medium,"T1204.002,T1059.001,T1059.003,T1059.005,T1059.006,T1059.007",14,0,0.013651
SigmaHQ,d29a20b2-be4b-4827-81f2-3d8a59eab5fc,Sysinternals Tools AppX Versions Execution,low,,14,0,0.009023
SigmaHQ,6ae53108-c3a0-4bee-8f45-c7591a2c337f,Deployment AppX Package Was Blocked By AppLocker,medium,,14,0,0.005046
SigmaHQ,8b48ad89-10d8-4382-a546-50588c410f0d,Remote AppX Package Downloaded from File Sharing or CDN Domain,high,,14,0,0.009358
SigmaHQ,898d5fc9-fbc3-43de-93ad-38e97237c344,AppX Package Deployment Failed Due to Signing Requirements,medium,,14,0,0.009758
SigmaHQ,5cdeaf3d-1489-477c-95ab-c318559fc051,AppX Located in Known Staging Directory Added to Deployment Pipeline,high,,14,0,0.008893
SigmaHQ,09d3b48b-be17-47f5-bf4e-94e7e75d09ce,Potential Malicious AppX Package Installation Attempts,medium,,14,0,0.014158
SigmaHQ,e021bbb5-407f-41f5-9dc9-1864c45a7a51,Deployment Of The AppX Package Was Blocked By The Policy,medium,,14,0,0.014731
SigmaHQ,c977cb50-3dff-4a9f-b873-9290f56132f1,AppX Located in Uncommon Directory Added to Deployment Pipeline,medium,,14,0,0.008565
SigmaHQ,e54279c7-4910-4e2c-902c-c56a25b549f6,Windows AppX Deployment Full Trust Package Installation,medium,"T1204.002,T1553.005",14,0,0.013504
SigmaHQ,9a025188-6f2d-42f8-bb2f-d3a83d24a5af,Windows AppX Deployment Unsigned Package Installation,medium,"T1204.002,T1553.005",14,0,0.009178
SigmaHQ,b5aa7d60-c17e-4538-97de-09029d6cd76b,Suspicious Digital Signature Of AppX Package,medium,,14,0,0.00862
SigmaHQ,1ff315dc-2a3a-4b71-8dde-873818d25d39,New BITS Job Created Via Bitsadmin,low,T1197,14,0,0.278649
SigmaHQ,fe3a2d49-f255-4d10-935c-bda7391108eb,New BITS Job Created Via PowerShell,low,T1197,14,0,0.031703
SigmaHQ,b85e5894-9b19-4d86-8c87-a2f3b81f0521,BITS Transfer Job Downloading File Potential Suspicious Extension,medium,T1197,14,0,0.014276
SigmaHQ,d635249d-86b5-4dad-a8c7-d7272b788586,BITS Transfer Job Download From File Sharing Domains,high,T1197,14,0,0.008999
SigmaHQ,90f138c1-f578-4ac3-8c49-eecfd847c8b7,BITS Transfer Job Download From Direct IP,high,T1197,14,0,0.012972
SigmaHQ,6d44fb93-e7d2-475c-9d3d-54c9c1e33427,BITS Transfer Job With Uncommon Or Suspicious Remote TLD,medium,T1197,14,0,0.009525
SigmaHQ,f8a56cb7-a363-44ed-a82f-5926bb44cd05,BITS Transfer Job Download To Potential Suspicious Folder,high,T1197,14,0,0.009982
SigmaHQ,e2b5163d-7deb-4566-9af3-40afea6858c3,Certificate Private Key Acquired,medium,T1649,14,1,0.005685
SigmaHQ,58c0bff0-40a0-46e8-b5e8-b734b84d2017,Certificate Exported From Local Certificate Store,medium,T1649,14,0,0.005178
SigmaHQ,f8931561-97f5-4c46-907f-0a4a592e47a7,CodeIntegrity - Unmet Signing Level Requirements By File Under Validation,low,,14,0,0.014559
SigmaHQ,5daf11c3-022b-4969-adb9-365e6c078c7c,CodeIntegrity - Disallowed File For Protected Processes Has Been Blocked,high,,14,0,0.005084
SigmaHQ,e4be5675-4a53-426a-8c81-a8bb2387e947,CodeIntegrity - Blocked Image/Driver Load For Policy Violation,high,T1543,14,0,0.005053
SigmaHQ,9b72b82d-f1c5-4632-b589-187159bc6ec1,CodeIntegrity - Blocked Driver Load With Revoked Certificate,high,T1543,14,0,0.00509
SigmaHQ,320fccbf-5e32-4101-82b8-2679c5f007c6,CodeIntegrity - Revoked Kernel Driver Loaded,high,,14,0,0.010559
SigmaHQ,6f156c48-3894-4952-baf0-16193e9067d2,CodeIntegrity - Blocked Image Load With Revoked Certificate,high,,14,0,0.004838
SigmaHQ,881b7725-47cc-4055-8000-425823344c59,CodeIntegrity - Revoked Image Loaded,high,,14,0,0.009593
SigmaHQ,951f8d29-f2f6-48a7-859f-0673ff105e6f,CodeIntegrity - Unsigned Kernel Module Loaded,high,,14,0,0.004918
SigmaHQ,c92c24e7-f595-493f-9c98-53d5142f5c18,CodeIntegrity - Unsigned Image Loaded,high,,14,0,0.00474
SigmaHQ,2f8cd7a0-9d5a-4f62-9f8b-2c951aa0dd1f,CodeIntegrity - Unmet WHQL Requirements For Loaded Kernel Module,high,,14,0,0.013822
SigmaHQ,50cb47b8-2c33-4b23-a2e9-4600657d9746,Loading Diagcab Package From Remote Path,high,,14,0,0.009039
SigmaHQ,29f171d7-aa47-42c7-9c7b-3c87938164d9,DNS Query for Anonfiles.com Domain - DNS Client,high,T1567.002,14,0,0.008798
SigmaHQ,0d18728b-f5bf-4381-9dcf-915539fff6c2,Suspicious Cobalt Strike DNS Beaconing - DNS Client,critical,T1071.004,14,0,0.009054
SigmaHQ,66474410-b883-415f-9f8d-75345a0a66a6,DNS Query To MEGA Hosting Website - DNS Client,medium,T1567.002,14,0,0.008636
SigmaHQ,8b69fd42-9dad-4674-abef-7fdef43ef92a,DNS Query To Put.io - DNS Client,medium,,14,0,0.008962
SigmaHQ,8384bd26-bde6-4da9-8e5d-4174a7a47ca2,Query Tor Onion Address - DNS Client,high,T1090.003,14,0,0.00911
SigmaHQ,090ffaad-c01a-4879-850c-6d57da98452d,DNS Query To Ufile.io - DNS Client,low,T1567.002,14,0,0.008527
SigmaHQ,6d444368-6da1-43fe-b2fc-44202430480e,Failed DNS Zone Transfer,medium,T1590.002,14,0,0.004971
SigmaHQ,cbe51394-cd93-4473-b555-edf0144952d9,DNS Server Error Failed Loading the ServerLevelPluginDLL,high,T1574.001,14,0,0.013105
SigmaHQ,1a4bd6e3-4c6e-405d-a9a3-53a116e341d4,USB Device Plugged,low,T1200,14,0,0.011918
SigmaHQ,cde0a575-7d3d-4a49-9817-b8004a7bf105,Uncommon New Firewall Rule Added In Windows Firewall Exception List,medium,T1686.003,14,0,0.016186
SigmaHQ,9e2575e7-2cb9-4da1-adc8-ed94221dca5e,New Firewall Rule Added In Windows Firewall Exception List For Potential Suspicious Application,high,T1686.003,14,0,0.020453
SigmaHQ,eca81e8d-09e1-4d04-8614-c91f44fd0519,New Firewall Rule Added In Windows Firewall Exception List Via WmiPrvSE.EXE,medium,T1686.003,14,0,0.016485
SigmaHQ,79609c82-a488-426e-abcf-9f341a39365d,All Rules Have Been Deleted From The Windows Firewall Configuration,high,T1686.003,14,0,0.014159
SigmaHQ,c187c075-bb3e-4c62-b4fa-beae0ffc211f,A Rule Has Been Deleted From The Windows Firewall Exception List,medium,T1686.003,14,0,0.013819
SigmaHQ,7ec15688-fd24-4177-ba43-1a950537ee39,The Windows Defender Firewall Service Failed To Load Group Policy,low,T1686.003,14,0,0.005181
SigmaHQ,04b60639-39c0-412a-9fbe-e82499c881a3,Windows Defender Firewall Has Been Reset To Its Default Configuration,low,T1686.003,14,0,0.010239
SigmaHQ,00bb5bd5-1379-4fcf-a965-a5b6f7478064,Windows Firewall Settings Have Been Changed,low,T1686.003,14,0,0.01578
SigmaHQ,a5b40a90-baf5-4bf7-a6f7-373494881d22,ETW Logging/Processing Option Disabled On IIS Server,medium,"T1685.001,T1505.004",14,0,0.012871
SigmaHQ,e8ebd53a-30c2-45bd-81bb-74befba07bdb,HTTP Logging Disabled On IIS Server,high,"T1685.001,T1505.004",14,0,0.008794
SigmaHQ,dd857d3e-0c6e-457b-9b48-e82ae7f86bd7,New Module Module Added To IIS Server,medium,"T1685.001,T1505.004",14,0,0.012649
SigmaHQ,9e1a1fdf-ee58-40ce-8e15-b66ca5a80e1f,Previously Installed IIS Module Was Removed,low,"T1685.001,T1505.004",14,0,0.008806
SigmaHQ,31d68132-4038-47c7-8f8e-635a39a7c174,Potential Active Directory Reconnaissance/Enumeration Via LDAP,medium,"T1069.002,T1087.002,T1482",14,0,0.029151
SigmaHQ,7ac407cc-0f48-4328-aede-de1d2e6fef41,Standard User In High Privileged Group,medium,,14,0,0.012134
SigmaHQ,550d3350-bb8a-4ff3-9533-2ba533f4a1c0,ProxyLogon MSExchange OabVirtualDirectory,critical,T1587.001,14,0,0.007179
SigmaHQ,b7bc7038-638b-4ffd-880c-292c692209ef,Certificate Request Export to Exchange Webserver,critical,T1505.003,14,0,0.00289
SigmaHQ,516376b4-05cd-4122-bae0-ad7641c38d48,Mailbox Export to Exchange Webserver,critical,T1505.003,14,0,0.003267
SigmaHQ,09570ae5-889e-43ea-aac0-0e1221fb3d95,Remove Exported Mailbox from Exchange Webserver,high,T1070,14,0,0.002174
SigmaHQ,9db37458-4df2-46a5-95ab-307e7f29e675,Exchange Set OabVirtualDirectory ExternalUrl Property,high,T1505.003,14,0,0.001648
SigmaHQ,4fe151c2-ecf9-4fae-95ae-b88ec9c2fca6,MSExchange Transport Agent Installation - Builtin,medium,T1505.002,14,0,0.001195
SigmaHQ,c7d16cae-aaf3-42e5-9c1c-fb8553faa6fa,Failed MSExchange Transport Agent Installation,high,T1505.002,14,0,0.244805
SigmaHQ,98c3bcf1-56f2-49dc-9d8d-c66cf190238b,NTLM Logon,low,T1550.002,14,0,0.005406
SigmaHQ,9c8acf1a-cbf9-4db6-b63c-74baabe03e59,NTLM Brute Force,medium,T1110,14,0,0.008899
SigmaHQ,ce5678bb-b9aa-4fb5-be4b-e57f686256ad,Potential Remote Desktop Connection to Non-Domain Host,medium,T1219.002,14,0,0.008556
SigmaHQ,3ce8e9a4-bc61-4c9b-8e69-d7e2492a8781,OpenSSH Server Listening On Socket,medium,T1021.004,14,0,0.242454
SigmaHQ,02f7c9c1-1ae8-4c6a-8add-04693807f92f,Potential Access Token Abuse,medium,T1134.001,14,0,0.224973
SigmaHQ,0f63e1ef-1eb9-4226-9d54-8927ca08520a,Admin User Remote Logon,low,"T1078.001,T1078.002,T1078.003",14,0,0.015321
SigmaHQ,2111118f-7e46-4fc8-974a-59fd8ec95196,DiagTrackEoP Default Login Username,critical,,14,0,0.01344
SigmaHQ,c43c26be-2e87-46c7-8661-284588c5a53e,A Member Was Added to a Security-Enabled Global Group,low,T1098,14,0,0.009657
SigmaHQ,02c39d30-02b5-45d2-b435-8aebfe5a8629,A Member Was Removed From a Security-Enabled Global Group,low,T1098,14,0,0.009367
SigmaHQ,192a0330-c20b-4356-90b6-7b7049ae0b87,Successful Overpass the Hash Attempt,high,T1550.002,14,0,0.012192
SigmaHQ,8eef149c-bd26-49f2-9e5a-9b00e3af499b,Pass the Hash Activity 2,medium,T1550.002,14,0,0.232906
SigmaHQ,51e33403-2a37-4d66-a574-1fda1782cc31,RDP Login from Localhost,high,T1021.001,14,0,0.014441
SigmaHQ,b237c54b-0f15-4612-a819-44b735e0de27,A Security-Enabled Global Group Was Deleted,low,T1098,14,0,0.00938
SigmaHQ,259a9cdf-c4dd-4fa2-b243-2269e5ab18a2,External Remote RDP Logon from Public IP,medium,"T1133,T1078,T1110",14,0,0.017475
SigmaHQ,78d5cab4-557e-454f-9fb9-a222bd0d5edc,External Remote SMB Logon from Public IP,high,"T1133,T1078,T1110",14,0,0.036567
SigmaHQ,f88e112a-21aa-44bd-9b01-6ee2a2bbbed1,Failed Logon From Public IP,medium,"T1078,T1190,T1133",14,0,0.00846
SigmaHQ,def8b624-e08f-4ae1-8612-1ba21190da6b,Outgoing Logon with New Credentials,low,T1550,14,0,0.013335
SigmaHQ,749c9f5e-b353-4b90-a9c1-05243357ca4b,Potential Privilege Escalation via Local Kerberos Relay over LDAP,high,T1548,14,0,0.24348
SigmaHQ,16f5d8ca-44bd-47c8-acbe-6fc95a16c12f,RottenPotato Like Attack Pattern,high,T1557.001,14,0,0.016682
SigmaHQ,5af54681-df95-4c26-854f-2565e13cfab0,Successful Account Login Via WMI,low,T1047,14,0,0.214137
SigmaHQ,bacf58c6-e199-4040-a94f-95dea0f1e45a,Windows Filtering Platform Blocked Connection From EDR Agent Binary,high,T1685,14,0,0.008202
SigmaHQ,ff151c33-45fa-475d-af4f-c2f93571f4fe,Azure AD Health Monitoring Agent Registry Keys Access,medium,T1012,14,0,0.017919
SigmaHQ,1d2ab8ac-1a01-423b-9c39-001510eae8e8,Azure AD Health Service Agents Registry Keys Access,medium,T1012,14,0,0.017521
SigmaHQ,2c99737c-585d-4431-b61a-c911d86ff32f,Powerview Add-DomainObjectAcl DCSync AD Extend Right,high,T1098,14,0,0.012083
SigmaHQ,35ba1d85-724d-42a3-889f-2e2362bcaf23,AD Privileged Users or Groups Reconnaissance,high,T1087.002,14,0,0.012085
SigmaHQ,028c7842-4243-41cd-be6f-12f3cf1a26c7,AD Object WriteDAC Access,critical,T1222.001,14,0,0.009342
SigmaHQ,17d619c1-e020-4347-957e-1d1207455c93,Active Directory Replication from Non Machine Account,critical,T1003.006,14,0,0.012781
SigmaHQ,ab6bffca-beff-4baa-af11-6733f296d57a,Potential AD User Enumeration From Non-Machine Account,medium,T1087.002,14,0,0.013477
SigmaHQ,5ee3a654-372f-11ec-8d3d-0242ac130003,ADCS Certificate Template Configuration Vulnerability,low,,14,0,0.021157
SigmaHQ,bfbd3291-de87-4b7c-88a2-d6a5deb28668,ADCS Certificate Template Configuration Vulnerability with Risky EKU,high,,14,0,0.028553
SigmaHQ,20d96d95-5a20-4cf1-a483-f3bda8a7c037,Add or Remove Computer from DC,low,T1207,14,0,0.010773
SigmaHQ,098d7118-55bc-4912-a836-dc6483a8d150,Access To ADMIN$ Network Share,low,T1021.002,14,0,0.013413
SigmaHQ,311b6ce2-7890-4383-a8c2-663a9f6b43cd,Enabled User Right in AD to Control User Objects,high,T1098,14,0,0.009024
SigmaHQ,300bac00-e041-4ee2-9c36-e262656a6ecc,Active Directory User Backdoors,high,T1098,14,0,0.037364
SigmaHQ,f6de9536-0441-4b3f-a646-f4e00f300ffd,Weak Encryption Enabled and Kerberoast,high,T1685,14,0,0.009345
SigmaHQ,24549159-ac1b-479c-8175-d42aea947cae,Hacktool Ruler,high,"T1087,T1114,T1059,T1550.002",14,0,0.024889
SigmaHQ,f6de6525-4509-495a-8a82-1f8b0ed73a00,Remote Task Creation via ATSVC Named Pipe,medium,T1053.002,14,0,0.008168
SigmaHQ,d99b79d2-0a6f-4f46-ad8b-260b6e17f982,Security Eventlog Cleared,high,T1685.005,14,0,0.016381
SigmaHQ,8cd538a4-62d5-4e83-810b-12d41e428d6e,Processes Accessing the Microphone and Webcam,medium,T1123,14,0,0.015181
SigmaHQ,d7a95147-145f-4678-b85d-d1ff4a3bb3f6,CobaltStrike Service Installations - Security,high,"T1021.002,T1543.003,T1569.002",14,0,0.007904
SigmaHQ,470ec5fa-7b4e-4071-b200-4c753100f49b,Failed Code Integrity Checks,informational,T1027.001,14,0,0.01256
SigmaHQ,214e8f95-100a-4e04-bb31-ef6cba8ce07e,DCERPC SMB Spoolss Named Pipe,medium,T1021.002,14,0,0.008253
SigmaHQ,c39f0c81-7348-4965-ab27-2fde35a1b641,DCOM InternetExplorer.Application Iertutil DLL Hijack - Security,high,"T1021.002,T1021.003",14,0,0.011587
SigmaHQ,611eab06-a145-4dfa-a295-3ccc5c20f59a,Mimikatz DC Sync,high,T1003.006,14,0,0.011602
SigmaHQ,e5ac86dd-2da1-454b-be74-05d26c769d7d,Windows Default Domain GPO Modification,medium,T1484.001,14,0,0.008597
SigmaHQ,c9eb55c3-b468-40ab-9089-db2862e42137,Device Installation Blocked,medium,T1200,14,0,0.004711
SigmaHQ,69aeb277-f15f-4d2d-b32a-55e883609563,Windows Event Auditing Disabled,low,T1685.001,14,0,0.012029
SigmaHQ,ab4561b1-6c7e-48a7-ad08-087cfb9ce8f1,Important Windows Event Auditing Disabled,high,T1685.001,14,0,0.017439
SigmaHQ,a4c90ea1-2634-4ca0-adbb-35eae169b6fc,ETW Logging Disabled In .NET Processes - Registry,high,"T1112,T1685",14,0,0.017217
SigmaHQ,4ac1f50b-3bd0-4968-902d-868b4647937e,DPAPI Domain Backup Key Extraction,high,T1003.004,14,0,0.00903
SigmaHQ,39a94fd1-8c9a-4ff6-bf22-c058762f8014,DPAPI Domain Master Key Backup Attempt,medium,T1003.004,14,0,0.004907
SigmaHQ,f69a87ea-955e-4fb4-adb2-bb9fd6685632,External Disk Drive Or USB Storage Device Was Recognized By The System,low,"T1091,T1200",14,0,0.007894
SigmaHQ,a8f29a7b-b137-4446-80a0-b804272f3da2,Persistence and Execution at Scale via GPO Scheduled Task,high,T1053.005,14,0,0.016811
SigmaHQ,7b449a5e-1db5-4dd0-a2dc-4e3a67282538,Hidden Local User Creation,high,T1136.001,14,0,0.013232
SigmaHQ,98054878-5eab-434c-85d4-72d4e5a3361b,HackTool - EDRSilencer Execution - Filter Added,high,T1685,14,0,0.012266
SigmaHQ,7b14c76a-c602-4ae6-9717-eff868153fc0,HackTool - NoFilter Execution,high,"T1134,T1134.001",14,0,0.016234
SigmaHQ,0ee4d8a5-4e67-4faf-acfa-62a78457d1f2,HybridConnectionManager Service Installation,high,T1554,14,0,0.008102
SigmaHQ,32d56ea1-417f-44ff-822b-882873f5f43b,Impacket PsExec Execution,high,T1021.002,14,0,0.007724
SigmaHQ,252902e3-5830-4cf6-bf21-c22083dfd5cf,Possible Impacket SecretDump Remote Activity,high,"T1003.002,T1003.004,T1003.003",14,0,0.007645
SigmaHQ,4edf51e1-cb83-4e1a-bc39-800e396068e3,Invoke-Obfuscation CLIP+ Launcher - Security,high,"T1027,T1059.001",14,0,0.007574
SigmaHQ,fd0f5778-d3cb-4c9a-9695-66759d04702a,Invoke-Obfuscation Obfuscated IEX Invocation - Security,high,T1027,14,0,0.007594
SigmaHQ,0c718a5e-4284-4fb9-b4d9-b9a50b3a1974,Invoke-Obfuscation STDIN+ Launcher - Security,high,"T1027,T1059.001",14,0,0.011471
SigmaHQ,dcf2db1f-f091-425b-a821-c05875b8925a,Invoke-Obfuscation VAR+ Launcher - Security,high,"T1027,T1059.001",14,0,0.007898
SigmaHQ,7a922f1b-2635-4d6c-91ef-af228b198ad3,Invoke-Obfuscation COMPRESS OBFUSCATION - Security,medium,"T1027,T1059.001",14,0,0.007763
SigmaHQ,f241cf1b-3a6b-4e1a-b4f9-133c00dd95ca,Invoke-Obfuscation RUNDLL LAUNCHER - Security,medium,"T1027,T1059.001",14,0,0.008182
SigmaHQ,80b708f3-d034-40e4-a6c8-d23b7a7db3d1,Invoke-Obfuscation Via Stdin - Security,high,"T1027,T1059.001",14,0,0.0078
SigmaHQ,1a0a2ff1-611b-4dac-8216-8a7b47c618a6,Invoke-Obfuscation Via Use Clip - Security,high,"T1027,T1059.001",14,0,0.007757
SigmaHQ,9b8d9203-4e0f-4cd9-bb06-4cc4ea6d0e9a,Invoke-Obfuscation Via Use MSHTA - Security,high,"T1027,T1059.001",14,0,0.007749
SigmaHQ,cd0f7229-d16f-42de-8fe3-fba365fbcb3a,Invoke-Obfuscation Via Use Rundll32 - Security,high,"T1027,T1059.001",14,0,0.008269
SigmaHQ,4c54ba8f-73d2-4d40-8890-d9cf1dca3d30,Invoke-Obfuscation VAR++ LAUNCHER OBFUSCATION - Security,high,"T1027,T1059.001",14,0,0.00838
SigmaHQ,0248a7bc-8a9a-4cd8-a57e-3ae8e073a073,ISO Image Mounted,medium,T1566.001,14,0,0.011297
SigmaHQ,d04ae2b8-ad54-4de0-bd87-4bc1da66aa59,Kerberoasting Activity - Initial Query,medium,T1558.003,14,0,0.011408
SigmaHQ,3e2f1b2c-4d5e-11ee-be56-0242ac120002,Potential AS-REP Roasting via Kerberos TGT Requests,medium,,14,0,0.007829
SigmaHQ,b07e58cf-cacc-4135-8473-ccb2eba63dd2,Potential Kerberos Coercion by Spoofing SPNs via DNS Manipulation,high,T1557.003,14,0,0.022311
SigmaHQ,52d8b0c6-53d6-439a-9e41-52ad442ad9ad,First Time Seen Remote Named Pipe,high,T1021.002,14,0,0.011306
SigmaHQ,962fe167-e48d-4fd6-9974-11e5b9a5d6d1,LSASS Access From Non System Account,medium,T1003.001,14,0,0.016909
SigmaHQ,f0d1feba-4344-4ca9-8121-a6c97bd6df52,Credential Dumping Tools Service Execution - Security,high,"T1003.001,T1003.002,T1003.004,T1003.005,T1003.006,T1569.002",14,0,0.007899
SigmaHQ,1de68c67-af5c-4097-9c85-fe5578e09e67,WCE wceaux.dll Access,critical,T1003,14,0,0.013179
SigmaHQ,72124974-a68b-4366-b990-d30e0b2a190d,Metasploit SMB Authentication,high,T1021.002,14,0,0.035817
SigmaHQ,6fb63b40-e02a-403e-9ffd-3bcc1d749442,Metasploit Or Impacket Service Installation Via SMB PsExec,high,"T1021.002,T1570,T1569.002",14,0,0.011458
SigmaHQ,ecbc5e16-58e0-4521-9c60-eb9a7ea4ad34,Meterpreter or Cobalt Strike Getsystem Service Installation - Security,high,"T1134.001,T1134.002",14,0,0.00792
SigmaHQ,d3abac66-f11c-4ed0-8acb-50cc29c97eed,NetNTLM Downgrade Attack,high,"T1685,T1112",14,0,0.008305
SigmaHQ,35bc7e28-ee6b-492f-ab04-da58fcf6402e,Windows Network Access Suspicious desktop.ini Action,medium,T1547.009,14,0,0.007934
SigmaHQ,cfeed607-6aa4-4bbd-9627-b637deb723c8,New or Renamed User Account with '$' Character,medium,T1036,14,0,0.243554
SigmaHQ,8e5c03fa-b7f0-11ea-b242-07e0576828d9,Denied Access To Remote Desktop,medium,T1021.001,14,0,0.005281
SigmaHQ,12ba6a38-adb3-4d6b-91ba-a7fb248e3199,Password Policy Enumerated,medium,T1201,14,0,0.008012
SigmaHQ,7b687634-ab20-11ea-bb37-0242ac130002,Windows Pcap Drivers,medium,T1040,14,0,0.008245
SigmaHQ,1ce8c8a3-2723-48ed-8246-906ac91061a6,Possible PetitPotam Coerce Authentication Attempt,high,T1187,14,0,0.00829
SigmaHQ,6a53d871-682d-40b6-83e0-b7c1a6c4e3a5,PetitPotam Suspicious Kerberos TGT Request,high,T1187,14,0,0.012398
SigmaHQ,32e19d25-4aed-4860-a55a-be99cb0bf7ed,Possible DC Shadow Attack,medium,T1207,14,0,0.017041
SigmaHQ,2a926e6a-4b81-4011-8a96-e36cc8c04302,PowerShell Scripts Installed as Services - Security,high,T1569.002,14,0,0.008321
SigmaHQ,45545954-4016-43c6-855e-eae8f1c369dc,Protected Storage Service Access,high,T1021.002,14,0,0.007971
SigmaHQ,5bed80b6-b3e8-428e-a3ae-d3c757589e41,RDP over Reverse SSH Tunnel WFP,high,"T1090.001,T1090.002,T1021.001",14,0,0.008067
SigmaHQ,12e6d621-194f-4f59-90cc-1959e21e69f7,Register new Logon Process by Rubeus,high,T1558.003,14,0,0.007989
SigmaHQ,11d00fff-5dc3-428c-8184-801f292faec0,Service Registry Key Read Access Request,low,T1574.011,14,0,0.00793
SigmaHQ,13acf386-b8c6-4fe0-9a6e-c4756b974698,Remote PowerShell Sessions Network Connections (WinRM),high,T1059.001,14,0,0.007958
SigmaHQ,5a44727c-3b85-4713-8c44-4401d5499629,Replay Attack Detected,high,T1558,14,0,0.004668
SigmaHQ,f8748f2c-89dc-4d95-afb0-5a2dfdbad332,SAM Registry Hive Handle Request,high,"T1012,T1552.002",14,0,0.008103
SigmaHQ,13addce7-47b2-4ca0-a98f-1de964d1d669,SCM Database Handle Failure,medium,T1010,14,0,0.011568
SigmaHQ,dae8171c-5ec6-4396-b210-8466585b53e9,SCM Database Privileged Operation,medium,T1548,14,0,0.011952
SigmaHQ,39a80702-d7ca-4a83-b776-525b1f86a36d,Potential Secure Deletion with SDelete,medium,"T1070.004,T1027.005,T1485,T1553.002",14,0,0.014491
SigmaHQ,c8b00925-926c-47e3-beea-298fd563728e,Remote Access Tool Services Have Been Installed - Security,medium,"T1543.003,T1569.002",14,0,0.00798
SigmaHQ,c4e92a97-a9ff-4392-9d2d-7a4c642768ca,Service Installed By Unusual Client - Security,high,T1543,14,0,0.007884
SigmaHQ,5d6c375a-18ae-4952-b4f6-8b803f6c8555,File Access Of Signal Desktop Sensitive Data,medium,T1003,14,0,0.011506
SigmaHQ,b210394c-ba12-4f89-9117-44a2464b9511,SMB Create Remote File Admin Share,high,T1021.002,14,0,0.011318
SigmaHQ,0255a820-e564-4e40-af2b-6ac61160335c,A New Trust Was Created To A Domain,medium,T1098,14,0,0.004582
SigmaHQ,2632954e-db1c-49cb-9936-67d1ef1d17d2,Addition of SID History to Active Directory Object,medium,T1134.005,14,0,0.017544
SigmaHQ,39698b3f-da92-4bc6-bfb5-645a98386e45,Win Susp Computer Name Containing Samtheadmin,critical,T1078,14,0,0.001537
SigmaHQ,53ad8e36-f573-46bf-97e4-15ba5bf4bb51,Password Change on Directory Service Restore Mode (DSRM) Account,high,T1098,14,0,0.004776
SigmaHQ,9eb99343-d336-4020-a3cd-67f3819e68ee,Account Tampering - Suspicious Failed Logon Reasons,medium,T1078,14,0,0.017095
SigmaHQ,1c480e10-7ee1-46d4-8ed2-85f9789e3ce4,Group Policy Abuse for Privilege Addition,medium,T1484.001,14,0,0.008077
SigmaHQ,123e4e6d-b123-48f8-b261-7214938acaf0,Startup/Logon Script Added to Group Policy Object,medium,"T1484.001,T1547",14,0,0.012952
SigmaHQ,f7644214-0eb0-4ace-9455-331ec4c09253,Kerberos Manipulation,high,T1212,14,0,0.01698
SigmaHQ,d00a9a72-2c09-4459-ad03-5e0a23351e36,Suspicious LDAP-Attributes Used,high,T1001.003,14,0,0.00827
SigmaHQ,1bbf25b9-8038-4154-a50b-118f2a32be27,Suspicious Windows ANONYMOUS LOGON Local Account Created,high,"T1136.001,T1136.002",14,0,0.016482
SigmaHQ,941e5c45-cda7-4864-8cea-bbb7458d194a,Suspicious Remote Logon with Explicit Credentials,medium,T1078,14,0,0.011607
SigmaHQ,aa1697b7-d611-4f9a-9cb2-5125b4ccfd5c,Password Dumper Activity on LSASS,high,T1003.001,14,0,0.008698
SigmaHQ,4a1b6da0-d94f-4fc3-98fc-2d9cb9e5ee76,Potentially Suspicious AccessMask Requested From LSASS,medium,T1003.001,14,0,0.022681
SigmaHQ,968eef52-9cff-4454-8992-1e74b9cbad6c,Reconnaissance Activity,high,"T1087.002,T1069.002",14,0,0.008398
SigmaHQ,00ba9da1-b510-4f6b-b258-8d338836180f,Password Protected ZIP File Opened,medium,T1027,14,0,0.012036
SigmaHQ,54f0434b-726f-48a1-b2aa-067df14516e4,Password Protected ZIP File Opened (Suspicious Filenames),high,"T1027,T1105,T1036",14,0,0.012053
SigmaHQ,571498c8-908e-40b4-910b-d2369159a3da,Password Protected ZIP File Opened (Email Attachment),high,"T1027,T1566.001",14,0,0.008718
SigmaHQ,eca91c7c-9214-47b9-b4c5-cb1d7e4f2350,Uncommon Outbound Kerberos Connection - Security,medium,T1558.003,14,0,0.011544
SigmaHQ,f598ea0c-c25a-4f72-a219-50c44411c791,Possible Shadow Credentials Added,high,T1556,14,0,0.009246
SigmaHQ,c462f537-a1e3-41a6-b5fc-b2c2cef9bf82,Suspicious PsExec Execution,high,T1021.002,14,0,0.012136
SigmaHQ,91c945bc-2ad1-4799-a591-4d00198a1215,Suspicious Access to Sensitive File Extensions,medium,T1039,14,0,0.009541
SigmaHQ,496a0e47-0a33-4dca-b009-9e6ca3591f39,Suspicious Kerberos RC4 Ticket Encryption,medium,T1558.003,14,0,0.012785
SigmaHQ,3a734d25-df5c-4b99-8034-af1ddb5883a4,Suspicious Scheduled Task Creation,high,T1053.005,14,0,0.328921
SigmaHQ,7595ba94-cf3b-4471-aa03-4f6baa9e5fad,Important Scheduled Task Deleted/Disabled,high,T1053.005,14,0,0.017817
SigmaHQ,614cf376-6651-47c4-9dcc-6b9527f749f4,Suspicious Scheduled Task Update,high,T1053.005,14,0,0.008379
SigmaHQ,faa031b5-21ed-4e02-8881-2591f98d82ed,Unauthorized System Time Modification,low,T1070.006,14,0,0.009183
SigmaHQ,586a8d6b-6bfe-4ad9-9d78-888cd2fe50c3,Remote Service Activity via SVCCTL Named Pipe,medium,T1021.002,14,0,0.00906
SigmaHQ,9a4ff3b8-6187-4fd2-8e8b-e0eae1129495,SysKey Registry Keys Access,high,T1012,14,0,0.014839
SigmaHQ,18beca67-ab3e-4ee3-ba7a-a46ca8d7d0cc,Sysmon Channel Reference Deletion,high,T1112,14,0,0.018086
SigmaHQ,9c8afa4d-0022-48f0-9456-3712466f9701,Tap Driver Installation - Security,low,T1048,14,0,0.009211
SigmaHQ,25cde13e-8e20-4c29-b949-4e795b76f16f,Suspicious Teams Application Related ObjectAcess Event,high,T1528,14,0,0.01373
SigmaHQ,910ab938-668b-401b-b08c-b596e80fdca5,Transferring Files with Credential Data via Network Shares,medium,"T1003.002,T1003.001,T1003.003",14,0,0.009858
SigmaHQ,c265cf08-3f99-46c1-8d59-328247057d57,User Added to Local Administrator Group,medium,"T1078,T1098",14,0,0.013762
SigmaHQ,6daac7fc-77d1-449a-a71a-e6b4d59a0e54,User Couldn't Call a Privileged Service 'LsaRegisterLogonProcess',high,T1558.003,14,0,0.009479
SigmaHQ,66b6be3d-55d0-4f47-9855-d69df21740ea,Local User Creation,low,T1136.001,14,1,0.006033
SigmaHQ,f63508a0-c809-4435-b3be-ed819394d612,Potential Privileged System Service Operation - SeLoadDriverPrivilege,medium,T1685,14,0,0.01407
SigmaHQ,0badd08f-c6a3-4630-90d3-6875cca440be,User Logoff Event,informational,T1531,14,0,0.01049
SigmaHQ,e9faba72-4974-4ab2-a4c5-46e25ad59e9b,VSSAudit Security Event Source Registration,informational,T1003.002,14,0,0.28416
SigmaHQ,46a68649-f218-4f86-aea1-16a759d81820,Windows Defender Exclusion List Modified,medium,T1685,14,0,0.008308
SigmaHQ,e9c8808f-4cfb-4ba9-97d4-e5f3beaa244d,Windows Defender Exclusion Registry Key - Write Access Requested,medium,T1685,14,0,0.386719
SigmaHQ,f033f3f3-fd24-4995-97d8-a3bb17550a88,WMI Persistence - Security,medium,T1546.003,14,0,0.010691
SigmaHQ,f6c68d5f-e101-4b86-8c84-7d96851fd65c,T1047 Wmiprvse Wbemcomn DLL Hijack,high,"T1047,T1021.002",14,0,0.013902
SigmaHQ,411742ad-89b0-49cb-a7b0-3971b5c1e0a4,Locked Workstation,informational,,14,0,0.005373
SigmaHQ,0b0ea3cc-99c8-4730-9c53-45deee2a4c86,Microsoft Defender Blocked from Loading Unsigned DLL,high,T1574.001,14,0,0.234788
SigmaHQ,8289bf8c-4aca-4f5a-9db3-dc3d7afe5c10,Unsigned Binary Loaded From Suspicious Location,high,T1574.001,14,0,0.228891
SigmaHQ,b55d23e5-6821-44ff-8a6e-67218891e49f,HybridConnectionManager Service Running,high,T1554,14,0,0.015276
SigmaHQ,83c161b6-ca67-4f33-8ad0-644a0737cf07,Suspicious Application Installed,medium,,14,0,0.017166
SigmaHQ,71886b70-d7b4-4dbf-acce-87d2ca135262,Suspicious Rejected SMB Guest Logon From IP,medium,T1110.001,14,0,0.008395
SigmaHQ,8d91f6e4-9f3b-4c21-ae41-2c5b7d9f7a12,Unsigned or Unencrypted SMB Connection to Share Established,medium,T1021.002,14,0,0.01601
SigmaHQ,4d7f1827-1637-4def-8d8a-fd254f9454df,Sysmon Application Crashed,high,T1685,14,0,0.065639
SigmaHQ,e9d4ab66-a532-4ef7-a502-66a9e4a34f5d,NTLMv1 Logon Between Client and Server,medium,T1550.002,14,0,0.063848
SigmaHQ,d22df9cd-2aee-4089-93c7-9dc4eae77f2c,ISATAP Router Address Was Set,medium,"T1557,T1565.002",14,0,0.011417
SigmaHQ,994bfd6d-0a2e-481e-a861-934069fcf5f5,Active Directory Certificate Services Denied Certificate Enrollment Request,low,T1553.004,14,0,0.064125
SigmaHQ,13fc89a9-971e-4ca6-b9dc-aa53a445bf40,DHCP Server Loaded the CallOut DLL,high,T1574.001,14,0,0.008479
SigmaHQ,75edd3fd-7146-48e5-9848-3013d7f0282c,DHCP Server Error Failed Loading the CallOut DLL,high,T1574.001,14,0,0.014663
SigmaHQ,bc2e25ed-b92b-4daa-b074-b502bdd1982b,Local Privilege Escalation Indicator TabTip,high,T1557.001,14,0,0.063666
SigmaHQ,a62b37e0-45d3-48d9-a517-90c1a1b0186b,Eventlog Cleared,medium,T1685.005,14,0,0.016469
SigmaHQ,100ef69e-3327-481c-8e5c-6d80d9507556,Important Windows Eventlog Cleared,high,T1685.005,14,0,0.013177
SigmaHQ,993c2665-e6ef-40e3-a62a-e1a97686af79,Certificate Use With No Strong Mapping,medium,,14,0,0.133332
SigmaHQ,b1e0b3f5-b62e-41be-886a-daffde446ad4,No Suitable Encryption Key Found For Generating Kerberos Ticket,low,T1558.003,14,0,0.129355
SigmaHQ,39f919f3-980b-4e6f-a975-8af7e507ef2b,Critical Hive In Suspicious Location Access Bits Cleared,high,T1003.002,14,0,0.007723
SigmaHQ,f512acbf-e662-4903-843e-97ce4652b740,Volume Shadow Copy Mount,low,T1003.002,14,0,0.062479
SigmaHQ,882fbe50-d8d7-4e29-ae80-0648a8556866,Crash Dump Created By Operating System,medium,"T1003.002,T1005",14,0,0.061335
SigmaHQ,13cfeb75-9e33-4d04-b0f7-ab8faaa95a59,Windows Update Error,informational,T1584,14,0,0.062665
SigmaHQ,18f37338-b9bd-4117-a039-280c81f7a596,Zerologon Exploitation Using Well-known Tools,critical,T1210,14,0,0.013643
SigmaHQ,a0cb7110-edf0-47a4-9177-541a4083128a,Vulnerable Netlogon Secure Channel Connection Allowed,high,T1548,14,0,0.06236
SigmaHQ,f14719ce-d3ab-4e25-9ce6-2899092260b0,NTFS Vulnerability Exploitation,high,T1499.001,14,0,0.094364
SigmaHQ,5a105d34-05fc-401e-8553-272b45c1522d,CobaltStrike Service Installations - System,critical,"T1021.002,T1543.003,T1569.002",14,0,0.077334
SigmaHQ,6c0a7755-6d31-44fa-80e1-133e57752680,Windows Defender Threat Detection Service Disabled,medium,T1685,14,0,0.008352
SigmaHQ,52a85084-6989-40c3-8f32-091e12e13f09,smbexec.py Service Installation,high,"T1021.002,T1569.002",14,0,0.069488
SigmaHQ,f7385ee2-0e0c-11eb-adc1-0242ac120002,Invoke-Obfuscation CLIP+ Launcher - System,high,"T1027,T1059.001",14,0,0.077871
SigmaHQ,51aa9387-1c53-4153-91cc-d73c59ae1ca9,Invoke-Obfuscation Obfuscated IEX Invocation - System,high,T1027,14,0,0.244674
SigmaHQ,72862bf2-0eb1-11eb-adc1-0242ac120002,Invoke-Obfuscation STDIN+ Launcher - System,high,"T1027,T1059.001",14,0,0.070416
SigmaHQ,8ca7004b-e620-4ecb-870e-86129b5b8e75,Invoke-Obfuscation VAR+ Launcher - System,high,"T1027,T1059.001",14,0,0.064521
SigmaHQ,175997c5-803c-4b08-8bb0-70b099f47595,Invoke-Obfuscation COMPRESS OBFUSCATION - System,medium,"T1027,T1059.001",14,0,0.06457
SigmaHQ,11b52f18-aaec-4d60-9143-5dd8cc4706b9,Invoke-Obfuscation RUNDLL LAUNCHER - System,medium,"T1027,T1059.001",14,0,0.082913
SigmaHQ,487c7524-f892-4054-b263-8a0ace63fc25,Invoke-Obfuscation Via Stdin - System,high,"T1027,T1059.001",14,0,0.066652
SigmaHQ,63e3365d-4824-42d8-8b82-e56810fefa0c,Invoke-Obfuscation Via Use Clip - System,high,"T1027,T1059.001",14,0,0.063405
SigmaHQ,7e9c7999-0f9b-4d4a-a6ed-af6d553d4af4,Invoke-Obfuscation Via Use MSHTA - System,high,"T1027,T1059.001",14,0,0.064257
SigmaHQ,641a4bfb-c017-44f7-800c-2aee0184ce9b,Invoke-Obfuscation Via Use Rundll32 - System,high,"T1027,T1059.001",14,0,0.063723
SigmaHQ,14bcba49-a428-42d9-b943-e2ce0f0f7ae6,Invoke-Obfuscation VAR++ LAUNCHER OBFUSCATION - System,high,"T1027,T1059.001",14,0,0.062907
SigmaHQ,e97d9903-53b2-41fc-8cb9-889ed4093e80,KrbRelayUp Service Installation,high,T1543,14,0,0.257294
SigmaHQ,4976aa50-8f41-45c6-8b15-ab3fc10e79ed,Credential Dumping Tools Service Execution - System,high,"T1003.001,T1003.002,T1003.004,T1003.005,T1003.006,T1569.002",14,0,0.077198
SigmaHQ,843544a7-56e0-4dcc-a44f-5cc266dd97d6,Meterpreter or Cobalt Strike Getsystem Service Installation - System,high,"T1134.001,T1134.002",14,0,0.07876
SigmaHQ,25b9c01c-350d-4b95-bed1-836d04a4f324,Moriya Rootkit - System,critical,T1543.003,14,0,0.070576
SigmaHQ,a2e5019d-a658-4c6a-92bf-7197b54e2cae,PowerShell Scripts Installed as Services,high,T1569.002,14,0,0.063611
SigmaHQ,530a6faa-ff3d-4022-b315-50828e77eef5,Anydesk Remote Access Software Service Installation,medium,,14,0,0.071723
SigmaHQ,a27e5fa9-c35e-4e3d-b7e0-1ce2af66ad12,CSExec Service Installation,medium,T1569.002,14,0,0.066253
SigmaHQ,d26ce60c-2151-403c-9a42-49420d87b5e4,HackTool Service Registration or Execution,high,T1569.002,14,0,0.066809
SigmaHQ,e0d1ad53-c7eb-48ec-a87a-72393cc6cedc,Mesh Agent Service Installation,medium,T1219.002,14,0,0.067181
SigmaHQ,2d510d8d-912b-45c5-b1df-36faa3d8c3f4,NetSupport Manager Service Install,medium,,14,0,0.069179
SigmaHQ,de7ce410-b3fb-4e8a-b38c-3b999e2c3420,PAExec Service Installation,medium,T1569.002,14,0,0.066283
SigmaHQ,ee9ca27c-9bd7-4cee-9b01-6e906be7cae3,New PDQDeploy Service - Server Side,medium,T1543.003,14,0,0.06621
SigmaHQ,b98a10af-1e1e-44a7-bab2-4cc026917648,New PDQDeploy Service - Client Side,medium,T1543.003,14,0,0.085238
SigmaHQ,c4ff1eac-84ad-44dd-a6fb-d56a92fc43a9,ProcessHacker Privilege Elevation,high,"T1543.003,T1569.002",14,0,0.064742
SigmaHQ,9e36ed87-4986-482e-8e3b-5c23ffff11bf,RemCom Service Installation,medium,T1569.002,14,0,0.06895
SigmaHQ,1a31b18a-f00c-4061-9900-f735b96c99fc,Remote Access Tool Services Have Been Installed - System,medium,"T1543.003,T1569.002",14,0,0.064648
SigmaHQ,85cce894-dd8b-4427-a958-5cc47a4dc9b9,Remote Utilities Host Service Install,medium,,14,0,0.069022
SigmaHQ,31c51af6-e7aa-4da7-84d4-8f32cc580af2,Sliver C2 Default Service Installation,high,"T1543.003,T1569.002",14,0,0.068806
SigmaHQ,71c276aa-49cd-43d2-b920-2dcd3e6962d5,Service Installed By Unusual Client - System,high,T1543,14,0,0.065851
SigmaHQ,1d61f71d-59d2-479e-9562-4ff5f4ead16b,Suspicious Service Installation,high,T1543.003,14,0,0.069724
SigmaHQ,42c575ea-e41e-41f1-b248-8093c3e82a28,PsExec Service Installation,medium,T1569.002,14,0,0.06975
SigmaHQ,4bb79b62-ef12-4861-981d-2aab43fab642,TacticalRMM Service Installation,medium,T1219.002,14,0,0.070699
SigmaHQ,8e4cf0e5-aa5d-4dc3-beff-dc26917744a9,Tap Driver Installation,medium,T1048,14,0,0.064507
SigmaHQ,26481afe-db26-4228-b264-25a29fe6efc7,Uncommon Service Installation Image Path,medium,T1543.003,14,0,0.069387
SigmaHQ,acfa2210-0d71-4eeb-b477-afab494d596c,Windows Service Terminated With Error,low,,14,0,0.064372
SigmaHQ,d6b5520d-3934-48b4-928c-2aa3f92d6963,Important Windows Service Terminated With Error,high,,14,0,0.068918
SigmaHQ,56abae0c-6212-4b97-adc0-0b559bb950c3,Important Windows Service Terminated Unexpectedly,high,,14,0,0.07008
SigmaHQ,91c49341-e2ef-40c0-ac45-49ec5c3fe26c,RTCore Suspicious Service Installation,high,,14,0,0.064952
SigmaHQ,5e993621-67d4-488a-b9ae-b420d08b96cb,Service Installation in Suspicious Folder,medium,T1543.003,14,0,0.069685
SigmaHQ,1b2ae822-6fe1-43ba-aa7c-d1a3b3d1d5f2,Service Installation with Suspicious Folder Pattern,high,T1543.003,14,0,0.070557
SigmaHQ,70f00d10-60b2-4f34-b9a0-dc3df3fe762a,Suspicious Service Installation Script,high,T1543.003,14,0,0.068158
SigmaHQ,424273ea-7cf8-43a6-b712-375f925e481f,Scheduled Task Executed From A Suspicious Location,medium,T1053.005,14,0,0.009332
SigmaHQ,f0767f15-0fb3-44b9-851e-e8d9a6d0005d,Scheduled Task Executed Uncommon LOLBIN,medium,T1053.005,14,0,0.008397
SigmaHQ,9e3cb244-bdb8-4632-8c90-6079c8f4f16d,Important Scheduled Task Deleted or Disabled,high,T1489,14,0,0.01838
SigmaHQ,64d51a51-32a6-49f0-9f3d-17e34d640272,Ngrok Usage with Remote Desktop Service,high,T1090,14,0,0.008543
SigmaHQ,06d71506-7beb-4f22-8888-e2e5e2ca7fd8,Mimikatz Use,high,"T1003.002,T1003.004,T1003.001,T1003.006",14,0,0.324043
SigmaHQ,360a1340-398a-46b6-8d06-99b905dc69d2,Windows Defender Grace Period Expired,high,T1685,14,0,0.005713
SigmaHQ,a0a278fe-2c0e-4de2-ac3c-c68b08a9ba98,LSASS Access Detected via Attack Surface Reduction,high,T1003.001,14,0,0.01271
SigmaHQ,97b9ce1e-c5ab-11ea-87d0-0242ac130003,PSExec and WMI Process Creations Block,high,"T1047,T1569.002",14,0,0.008943
SigmaHQ,1321dc4e-a1fe-481d-a016-52c45f0c8b4f,Windows Defender Exclusions Added,medium,T1685,14,0,0.008356
SigmaHQ,a3ab73f1-bd46-4319-8f06-4b20d0617886,Windows Defender Exploit Guard Tamper,high,T1685,14,0,0.021376
SigmaHQ,91903aba-1088-42ee-b680-d6d94fe002b0,Windows Defender Submit Sample Feature Disabled,low,T1685,14,0,0.00811
SigmaHQ,2afe6582-e149-11ea-87d0-0242ac130003,Windows Defender Malware Detection History Deletion,informational,,14,0,0.004393
SigmaHQ,bc275be9-0bec-4d77-8c8f-281a2df6710f,Windows Defender Malware And PUA Scanning Disabled,high,T1685,14,0,0.005008
SigmaHQ,ea9bf0fa-edec-4fb8-8b78-b119f2528186,Windows Defender AMSI Trigger Detected,high,T1059,14,0,0.008015
SigmaHQ,b28e58e4-2a72-4fae-bdee-0fbe904db642,Windows Defender Real-time Protection Disabled,high,T1685,14,0,0.005269
SigmaHQ,dd80db93-6ec2-4f4c-a017-ad40da6ffe81,Windows Defender Real-Time Protection Failure/Restart,medium,T1685,14,0,0.012779
SigmaHQ,bc92ca75-cd42-4d61-9a37-9d5aa259c88b,Win Defender Restored Quarantine File,high,T1685,14,0,0.004788
SigmaHQ,801bd44f-ceed-4eb6-887c-11544633c0aa,Windows Defender Configuration Changes,high,T1685,14,0,0.008102
SigmaHQ,49e5bc24-8b86-49f1-b743-535f332c2856,Microsoft Defender Tamper Protection Trigger,high,T1685,14,0,0.008394
SigmaHQ,57b649ef-ff42-4fb0-8bf6-62da243a1708,Windows Defender Threat Detected,high,T1059,14,0,0.013498
SigmaHQ,686c0b4b-9dd3-4847-9077-d6c1bbe36fcb,Windows Defender Virus Scanning Feature Disabled,high,T1685,14,0,0.004733
SigmaHQ,d4f1a2b3-7c8e-4d5f-b6a9-1e0c2d3f4e5b,Failed Event Log Clear Via WMI NTEventLogFile ClearEventLog,medium,T1685.005,14,0,0.008126
SigmaHQ,0b7889b4-5577-4521-a60a-3376ee7f9f7b,WMI Persistence,medium,T1546.003,14,0,0.017094
SigmaHQ,2e4e488a-6164-4811-9ea1-f960c7359c40,HackTool - CACTUSTORCH Remote Thread Creation,high,"T1055.012,T1059.005,T1059.007,T1218.005",14,0,0.535406
SigmaHQ,6309645e-122d-4c5b-bb2b-22e4f9c2fa42,HackTool - Potential CobaltStrike Process Injection,high,T1055.001,14,0,0.003038
SigmaHQ,77564cc2-7382-438b-a7f6-395c2ae53b9a,Remote Thread Created In KeePass.EXE,high,T1555.005,14,0,0.246658
SigmaHQ,c0aac16a-b1e7-4330-bab0-3c27bb4987c7,Remote Thread Creation In Mstsc.Exe From Suspicious Location,high,,14,0,0.049491
SigmaHQ,fb656378-f909-47c1-8747-278bf09f4f4f,Potential Credential Dumping Attempt Via PowerShell Remote Thread,high,T1003.001,14,0,0.089523
SigmaHQ,99b97608-3e21-4bfe-8217-2a127c396a0e,Remote Thread Creation Via PowerShell In Uncommon Target,medium,"T1218.011,T1059.001",14,0,0.087354
SigmaHQ,f239b326-2f41-4d6b-9dfa-c846a60ef505,Password Dumper Remote Thread in LSASS,high,T1003.001,14,0,0.305156
SigmaHQ,02d1d718-dd13-41af-989d-ea85c7fab93f,Rare Remote Thread Creation By Uncommon Source Image,high,T1055,14,0,1.70727
SigmaHQ,66d31e5f-52d6-40a4-9615-002d3789a119,Remote Thread Creation By Uncommon Source Image,medium,T1055,14,0,0.361935
SigmaHQ,a1a144b7-5c9b-4853-a559-2172be8d4a03,Remote Thread Creation In Uncommon Target Image,medium,T1055.003,14,0,0.373936
SigmaHQ,c15e99a3-c474-48ab-b9a7-84549a7a9d16,Remote Thread Creation Ttdinject.exe Proxy,high,T1127,14,0,0.043151
SigmaHQ,b69888d4-380c-45ce-9cf9-d9ce46e67821,Hidden Executable In NTFS Alternate Data Stream,medium,T1564.004,14,0,0.001741
SigmaHQ,573df571-a223-43bc-846e-3f98da481eca,Creation Of a Suspicious ADS File Outside a Browser Download,medium,,14,0,0.321648
SigmaHQ,52182dfb-afb7-41db-b4bc-5336cb29b464,Suspicious File Download From File Sharing Websites -  File Stream,high,T1564.004,14,0,1.479266
SigmaHQ,ae02ed70-11aa-4a22-b397-c0d0e8f6ea99,Unusual File Download From File Sharing Websites - File Stream,medium,T1564.004,14,0,0.292907
SigmaHQ,19b041f6-e583-40dc-b842-d6fa8011493f,HackTool Named File Stream Created,high,T1564.004,14,0,0.004354
SigmaHQ,0d7a9363-af70-4e7b-a3b7-1a176b7fbe84,Exports Registry Key To an Alternate Data Stream,high,T1564.004,14,0,0.048041
SigmaHQ,025bd229-fd1f-4fdb-97ab-20006e1a5368,Unusual File Download from Direct IP Address,high,T1564.004,14,0,0.063655
SigmaHQ,a3f5c081-e75b-43a0-9f5b-51f26fe5dba2,Potential Suspicious Winget Package Installation,high,,14,0,0.007736
SigmaHQ,0bb4bbeb-fe52-4044-b40c-430a04577ebe,Potentially Suspicious File Download From ZIP TLD,high,,14,0,0.047999
SigmaHQ,065cceea-77ec-4030-9052-fc0affea7110,DNS Query for Anonfiles.com Domain - Sysmon,high,T1567.002,14,0,0.001649
SigmaHQ,7cff77e1-9663-46a3-8260-17f2e1aa9d0a,AppX Package Installation Attempts Via AppInstaller.EXE,medium,T1105,14,0,0.047341
SigmaHQ,a1d9eec5-33b2-4177-8d24-27fe754d0812,Cloudflared Tunnels Related DNS Requests,medium,"T1071.001,T1572",14,0,0.001947
SigmaHQ,f8c1e80b-c73a-476a-ae24-6c72528b1521,DNS Query To Common Malware Hosting and Shortener Services,medium,T1071.004,14,0,0.003335
SigmaHQ,1cb0c6ce-3d00-44fc-ab9c-6d6d577bf20b,DNS Query To Devtunnels Domain,medium,"T1071.001,T1572",14,0,0.001176
SigmaHQ,a21bcd7e-38ec-49ad-b69a-9ea17e69509e,DNS Server Discovery Via LDAP Query,low,T1482,14,0,0.296667
SigmaHQ,e043f529-8514-4205-8ab0-7f7d2927b400,DNS Query To AzureWebsites.NET By Non-Browser Process,medium,T1219.002,14,0,0.051007
SigmaHQ,c082c2b0-525b-4dbc-9a26-a57dc4692074,DNS Query by Finger Utility,high,"T1071.004,T1059.003",14,0,0.044982
SigmaHQ,2074e137-1b73-4e2d-88ba-5a3407dbdce0,Notepad++ Updater DNS Query to Uncommon Domains,medium,"T1195.002,T1557",14,0,0.049775
SigmaHQ,7bd3902d-8b8b-4dd4-838a-c6862d40150d,DNS HybridConnectionManager Service Bus,high,T1554,14,0,0.02284
SigmaHQ,e7a21b5f-d8c4-4ae5-b8d9-93c5d3f28e1c,Suspicious DNS Query Indicating Kerberos Coercion via DNS Object SPN Spoofing,high,"T1557.001,T1187",14,0,0.00124
SigmaHQ,f356a9c4-effd-4608-bbf8-408afd5cd006,Suspicious Cobalt Strike DNS Beaconing - Sysmon,critical,T1071.004,14,0,0.030841
SigmaHQ,613c03ba-0779-4a53-8a1f-47f914a4ded3,DNS Query To MEGA Hosting Website,medium,T1567.002,14,0,0.00169
SigmaHQ,df68f791-ad95-447f-a271-640a0dab9cf8,DNS Query Request To OneLaunch Update Service,low,T1056,14,0,0.050295
SigmaHQ,882e858a-3233-4ba8-855e-2f3d3575803d,DNS Query Request By QuickAssist.EXE,low,"T1071.001,T1210",14,0,0.051312
SigmaHQ,36e037c4-c228-4866-b6a3-48eb292b9955,DNS Query Request By Regsvr32.EXE,medium,"T1559.001,T1218.010",14,0,0.046997
SigmaHQ,4d07b1f4-cb00-4470-b9f8-b0191d48ff52,DNS Query To Remote Access Software Domain From Non-Browser App,medium,T1219.002,14,0,2.070131
SigmaHQ,ec82e2a5-81ea-4211-a1f8-37a0286df2c2,Suspicious DNS Query for IP Lookup Service APIs,medium,T1590,14,0,1.808602
SigmaHQ,778ba9a8-45e4-4b80-8e3e-34a419f0b85e,TeamViewer Domain Query By Non-TeamViewer Application,medium,T1219.002,14,0,0.002698
SigmaHQ,b55ca2a3-7cff-4dda-8bdd-c7bfa63bf544,DNS Query Tor .Onion Address - Sysmon,high,T1090.003,14,0,0.004852
SigmaHQ,1cbbeaaf-3c8c-4e4c-9d72-49485b6a176b,DNS Query To Ufile.io,low,T1567.002,14,0,0.001415
SigmaHQ,b3e6418f-7c7a-4fad-993a-93b65027a9f1,DNS Query To Visual Studio Code Tunnels Domain,medium,T1071.001,14,0,0.001882
SigmaHQ,05296024-fe8a-4baf-8f3d-9a5f5624ceb2,Malicious Driver Load,high,"T1543.003,T1068",14,0,0.006222
SigmaHQ,39b64854-5497-4b57-a448-40977b8c9679,Malicious Driver Load By Name,medium,"T1543.003,T1068",14,0,0.004077
SigmaHQ,67add051-9ee7-4ad3-93ba-42935615ae8d,PUA - Process Hacker Driver Load,high,T1543,14,0,0.002546
SigmaHQ,10cb6535-b31d-4512-9962-513dcbc42cc1,PUA - System Informer Driver Load,medium,T1543,14,0,0.005321
SigmaHQ,2c4523d5-d481-4ed0-8ec3-7fbf0cb41a75,Driver Load From A Temporary Directory,high,T1543.003,14,1,0.275171
SigmaHQ,7aaaf4b8-e47c-4295-92ee-6ed40a6f60c8,Vulnerable Driver Load,high,"T1543.003,T1068",14,0,0.008607
SigmaHQ,72cd00d6-490c-4650-86ff-1d11f491daa1,Vulnerable Driver Load By Name,low,"T1543.003,T1068",14,0,4.62923
SigmaHQ,295c9289-acee-4503-a571-8eacaef36b28,Vulnerable HackSys Extreme Vulnerable Driver Load,high,T1543.003,14,0,0.003079
SigmaHQ,1a42dfa6-6cb2-4df9-9b48-295be477e835,Vulnerable WinRing0 Driver Load,high,T1543.003,14,0,0.303301
SigmaHQ,679085d5-f427-4484-9f58-1dc30a7c426d,WinDivert Driver Load,high,"T1599.001,T1557.001",14,0,0.006384
SigmaHQ,407aecb1-e762-4acf-8c7b-d087bcff3bb6,Credential Manager Access By Uncommon Applications,medium,T1003,14,0,0.310707
SigmaHQ,7a2a22ea-a203-4cd3-9abf-20eb1c5c6cd2,Access To Windows Credential History File By Uncommon Applications,medium,T1555.004,14,0,0.049568
SigmaHQ,f41b0311-44f9-44f0-816d-dd45e39d4bc8,Access To Crypto Currency Wallets By Uncommon Applications,medium,T1003,14,0,0.4458
SigmaHQ,46612ae6-86be-4802-bc07-39b59feb1309,Access To Windows DPAPI Master Keys By Uncommon Applications,medium,T1555.004,14,0,0.040571
SigmaHQ,d51694fe-484a-46ac-92d6-969e76d60d10,Access To Potentially Sensitive Sysvol Files By Uncommon Applications,medium,T1552.006,14,0,0.050578
SigmaHQ,a1dfd976-4852-41d4-9507-dc6590a3ccd0,Suspicious File Access to Browser Credential Storage,low,"T1555.003,T1217",14,0,1.748537
SigmaHQ,65744385-8541-44a6-8630-ffc824d7d4cc,Microsoft Teams Sensitive File Access By Uncommon Applications,medium,T1528,14,0,0.08953
SigmaHQ,9f383dc0-fdeb-4d56-acbc-9f9f4f8f20f3,Unusual File Modification by dns.exe,high,T1133,14,0,0.048807
SigmaHQ,06125661-3814-4e03-bfa2-1e4411c60ac3,Backup Files Deleted,medium,T1490,14,0,0.581406
SigmaHQ,63c779ba-f638-40a0-a593-ddd45e8b1ddc,EventLog EVTX File Deleted,medium,T1070,14,0,0.023445
SigmaHQ,a55349d8-9588-4c5a-8e3b-1925fe2a4ffe,Exchange PowerShell Cmdlet History Deleted,high,T1070,14,0,0.002111
SigmaHQ,3eb8c339-a765-48cc-a150-4364c04652bf,IIS WebServer Access Logs Deleted,medium,T1070,14,0,0.001736
SigmaHQ,f01d1f70-cd41-42ec-9c0b-26dd9c22bf29,Process Deletion of Its Own Executable,medium,,14,0,0.004015
SigmaHQ,ff301988-c231-4bd0-834c-ac9d73b86586,PowerShell Console History Logs Deleted,medium,T1070,14,0,0.001535
SigmaHQ,0a1f9d29-6465-4776-b091-7f43b26e4c89,Prefetch File Deleted,high,T1070.004,14,0,0.052266
SigmaHQ,b1decb61-ed83-4339-8e95-53ea51901720,TeamViewer Log File Deleted,low,T1070.004,14,0,0.050424
SigmaHQ,270185ff-5f50-4d6d-a27f-24c3b8c9fef8,Tomcat WebServer Logs Deleted,medium,T1070,14,0,0.001994
SigmaHQ,6ddab845-b1b8-49c2-bbf7-1a11967f64bc,File Deleted Via Sysinternals SDelete,medium,T1070.004,14,0,0.022391
SigmaHQ,8f0b1fb1-9bd4-4e74-8cdf-a8de4d2adfd0,Unusual File Deletion by Dns.exe,high,T1133,14,0,0.044828
SigmaHQ,3109530e-ab47-4cc6-a953-cac5ebcc93ae,ADS Zone.Identifier Deleted By Uncommon Application,medium,T1070.004,14,0,0.046634
SigmaHQ,75bf09fa-1dd7-4d18-9af9-dd9e492562eb,ADSI-Cache File Creation By Uncommon Tool,medium,T1001.003,14,0,0.050258
SigmaHQ,fed85bf9-e075-4280-9159-fbe8a023d6fa,Advanced IP Scanner - File Event,medium,T1046,14,0,0.006286
SigmaHQ,0b9ad457-2554-44c1-82c2-d56a99c42377,Anydesk Temporary Artefact,medium,T1219.002,14,0,0.002019
SigmaHQ,2d367498-5112-4ae5-a06a-96e7bc33a211,Suspicious Binary Writes Via AnyDesk,high,T1219.002,14,0,0.088749
SigmaHQ,e890acee-d488-420e-8f20-d9b19b3c3d43,Suspicious File Created by ArcSOC.exe,high,"T1127,T1105,T1133",14,0,0.046355
SigmaHQ,4c7f49ee-2638-43bb-b85b-ce676c30b260,Assembly DLL Creation Via AspNetCompiler,medium,,14,0,0.044835
SigmaHQ,02773bed-83bf-469f-b7ff-e676e7d78bab,BloodHound Collection Files,high,"T1087.001,T1087.002,T1482,T1069.001,T1069.002,T1059.001",14,0,0.297202
SigmaHQ,9e4b7d3a-6f2c-4e9a-8d1b-3c5e7a9f2b4d,Potentially Suspicious File Creation by OpenEDR's ITSMService,medium,"T1105,T1570,T1219",14,0,0.048845
SigmaHQ,65236ec7-ace0-4f0c-82fd-737b04fd4dcb,EVTX Created In Uncommon Location,medium,T1685.001,14,0,0.024312
SigmaHQ,df6ecb8b-7822-4f4b-b412-08f524b4576c,Creation Of Non-Existent System DLL,medium,T1574.001,14,0,0.256102
SigmaHQ,6c0ce3b6-85e2-49d4-9c3f-6e008ce9796e,Suspicious Deno File Written from Remote Source,low,"T1204,T1059.007,T1105",14,0,0.019963
SigmaHQ,ee63c85c-6d51-4d12-ad09-04e25877a947,New Custom Shim Database Created,medium,T1547.009,14,0,0.038876
SigmaHQ,97aa2e88-555c-450d-85a6-229bcd87efb8,Suspicious Screensaver Binary File Creation,medium,T1546.002,14,0,0.046877
SigmaHQ,13c02350-4177-4e45-ac17-cf7ca628ff5e,Files With System DLL Name In Unsuspected Locations,medium,T1036.005,14,0,0.048085
SigmaHQ,d5866ddf-ce8f-4aea-b28e-d96485a20d3d,Files With System Process Name In Unsuspected Locations,medium,T1036.005,14,0,2.951463
SigmaHQ,8c3c76ca-8f8b-4b1d-aaf3-81aebcd367c9,Creation Exe for Service with Unquoted Path,high,T1547.009,14,0,0.044965
SigmaHQ,8fbf3271-1ef6-4e94-8210-03c2317947f6,Cred Dump Tools Dropped Files,high,"T1003.001,T1003.002,T1003.003,T1003.004,T1003.005",14,0,1.088364
SigmaHQ,002bdb95-0cf1-46a6-9e08-d38c128a6127,WScript or CScript Dropper - File,high,"T1059.005,T1059.007",14,0,0.090869
SigmaHQ,f0e2b768-5220-47dd-b891-d57b96fc0ec1,CSExec Service File Creation,medium,T1569.002,14,0,0.044491
SigmaHQ,e4a74e34-ecde-4aab-b2fb-9112dd01aed0,Dynamic CSharp Compile Artefact,low,T1027.004,14,0,0.001116
SigmaHQ,2f7979ae-f82b-45af-ac1d-2b10e93b0baa,Potential DCOM InternetExplorer.Application DLL Hijack,critical,"T1021.002,T1021.003",14,0,0.00734
SigmaHQ,81315b50-6b60-4d8f-9928-3466e1022515,Desktop.INI Created by Uncommon Process,medium,T1547.009,14,0,0.049552
SigmaHQ,b6f91281-20aa-446a-b986-38a92813a18f,DLL Search Order Hijackig Via Additional Space in Path,high,T1574.001,14,0,0.069635
SigmaHQ,aba15bdd-657f-422a-bab3-ac2d2a0d6f1c,Potentially Suspicious DMP/HDMP File Creation,medium,,14,0,0.258347
SigmaHQ,15904280-565c-4b73-9303-3291f964e7f9,Potential Persistence Attempt Via ErrorHandler.Cmd,medium,,14,0,0.024819
SigmaHQ,bd1212e5-78da-431e-95fa-c58e3237a8e6,Suspicious ASPX File Drop by Exchange,high,T1505.003,14,0,0.058054
SigmaHQ,6b269392-9eba-40b5-acb6-55c882b20ba6,Suspicious File Drop by Exchange,medium,"T1190,T1505.003",14,0,0.053701
SigmaHQ,5d756aee-ad3e-4306-ad95-cb1abec48de2,GoToAssist Temporary Installation Artefact,medium,T1219.002,14,0,0.006742
SigmaHQ,3b8f4c92-6a51-4d7e-9c3a-8e2d1f5a7b09,Uncommon File Created by Notepad++ Updater Gup.EXE,high,"T1195.002,T1557",14,0,0.064254
SigmaHQ,736ffa74-5f6f-44ca-94ef-1c0df4f51d2a,HackTool - CrackMapExec File Indicators,high,T1003.001,14,0,0.0656
SigmaHQ,93d94efc-d7ad-4161-ad7d-1638c4f908d8,HackTool - Dumpert Process Dumper Default File,critical,T1003.001,14,0,0.001481
SigmaHQ,6ea858a8-ba71-4a12-b2cc-5d83312404c7,HackTool - Typical HiveNightmare SAM File Export,high,T1552.001,14,0,0.153279
SigmaHQ,bb09dd3e-2b78-4819-8e35-a7c1b874e449,HackTool - Inveigh Execution Artefacts,critical,T1219.002,14,0,0.439174
SigmaHQ,3ab79e90-9fab-4cdf-a7b2-6522bc742adb,HackTool - RemoteKrbRelay SMB Relay Secrets Dump Module Indicators,high,T1219.002,14,0,0.068578
SigmaHQ,9e099d99-44c2-42b6-a6d8-54c3545cab29,HackTool - Mimikatz Kirbi File Creation,critical,T1558,14,0,0.001608
SigmaHQ,efc21479-9e83-41da-8cf1-122e06ba8db3,HackTool - NetExec File Indicators,high,"T1021.002,T1059.005",14,0,0.04946
SigmaHQ,cad1fe90-2406-44dc-bd03-59d0b58fe722,HackTool - NPPSpy Hacktool Usage,high,,14,0,0.009827
SigmaHQ,602a1f13-c640-4d73-b053-be9a2fa58b96,HackTool - Powerup Write Hijack DLL,high,T1574.001,14,0,0.087387
SigmaHQ,847def9e-924d-4e90-b7c4-5f581395a2b4,HackTool - QuarksPwDump Dump File,critical,T1003.002,14,0,0.006511
SigmaHQ,6e2a900a-ced9-4e4a-a9c2-13e706f9518a,HackTool - Potential Remote Credential Dumping Activity Via CrackMapExec Or Impacket-Secretsdump,high,T1003,14,0,0.063429
SigmaHQ,e074832a-eada-4fd7-94a1-10642b130e16,HackTool - SafetyKatz Dump Indicator,high,T1003.001,14,0,0.005521
SigmaHQ,03f4ca17-de95-428d-a75a-4ee78b047256,HackTool - Impacket File Indicators,high,T1003.001,14,0,0.060207
SigmaHQ,dbbd9f66-2ed3-4ca2-98a4-6ea985dd1a1c,Potential Initial Access via DLL Search Order Hijacking,medium,"T1566,T1566.001,T1574,T1574.001",14,0,0.795393
SigmaHQ,9711de76-5d4f-4c50-a94f-21e4e8f8384d,Installation of TeamViewer Desktop,medium,T1219.002,14,0,0.044333
SigmaHQ,1908fcc1-1b92-4272-8214-0fbaf2fa5163,Malicious DLL File Dropped in the Teams or OneDrive Folder,high,T1574.001,14,0,0.011332
SigmaHQ,2f9356ae-bf43-41b8-b858-4496d83b2acb,ISO File Created Within Temp Folders,high,T1566.001,14,0,0.05373
SigmaHQ,4358e5a5-7542-4dcb-b9f3-87667371839b,ISO or Image Mount Indicator in Recent Files,medium,T1566.001,14,0,0.089553
SigmaHQ,f92a6f1e-a512-4a15-9735-da09e78d7273,GatherNetworkInfo.VBS Reconnaissance Script Output,medium,,14,0,0.02275
SigmaHQ,a5a2d357-1ab8-4675-a967-ef9990a59391,LSASS Process Memory Dump Files,high,T1003.001,14,0,0.07128
SigmaHQ,6902955a-01b7-432c-b32a-6f5f81d8f625,LSASS Process Dump Artefact In CrashDumps Folder,high,T1003.001,14,0,0.048391
SigmaHQ,c3e76af5-4ce0-4a14-9c9a-25ceb8fda182,WerFault LSASS Process Memory Dump,high,T1003.001,14,0,0.048829
SigmaHQ,0bcfabcb-7929-47f4-93d6-b33fb67d34d1,Adwind RAT / JRAT File Artifact,high,"T1059.005,T1059.007",14,0,0.094825
SigmaHQ,805c55d9-31e6-4846-9878-c34c75054fe9,Octopus Scanner Malware,high,"T1195,T1195.001",14,0,0.011892
SigmaHQ,318557a5-150c-4c8d-b70e-a9910e199857,File Creation In Suspicious Directory By Msdt.EXE,high,T1547.001,14,0,0.049574
SigmaHQ,c61daa90-3c1e-4f18-af62-8f288b5c9aaf,Uncommon File Creation By Mysql Daemon Process,high,,14,0,0.090556
SigmaHQ,e0b06658-7d1d-4cd3-bf15-03467507ff7c,Suspicious DotNET CLR Usage Log Artifact,high,T1218,14,0,0.378641
SigmaHQ,d7b50671-d1ad-4871-aa60-5aa5b331fe04,Suspicious File Creation In Uncommon AppData Folder,high,,14,0,0.055857
SigmaHQ,c048f047-7e2a-4888-b302-55f509d4a91d,SCR File Write Event,medium,T1218.011,14,0,0.022553
SigmaHQ,54127bd4-f541-4ac3-afdb-ea073f63f692,Potential Persistence Via Notepad++ Plugins,medium,,14,0,0.052509
SigmaHQ,0b8baa3f-575c-46ee-8715-d6f28cc7d33c,NTDS.DIT Created,low,T1003.003,14,0,0.001025
SigmaHQ,4e7050dd-e548-483f-b7d6-527ab4fa784d,NTDS.DIT Creation By Uncommon Parent Process,high,T1003.003,14,0,0.048968
SigmaHQ,11b1ed55-154d-4e82-8ad7-83739298f720,NTDS.DIT Creation By Uncommon Process,high,"T1003.002,T1003.003",14,0,0.04958
SigmaHQ,3a8da4e0-36c1-40d2-8b29-b3e890d5172a,NTDS Exfiltration Filename Patterns,high,T1003.003,14,0,0.00211
SigmaHQ,8e1cb247-6cf6-42fa-b440-3f27d57e9936,Potential Persistence Via Microsoft Office Add-In,high,T1137.006,14,0,0.023865
SigmaHQ,91174a41-dc8f-401b-be89-7bfc140612a0,Office Macro File Creation,low,T1566.001,14,0,0.257565
SigmaHQ,0e29e3a7-1ad8-40aa-b691-9f82ecd33d66,Office Macro File Download,low,T1566.001,14,0,0.662613
SigmaHQ,b1c50487-1967-4315-a026-6491686d860e,Office Macro File Creation From Suspicious Process,high,T1566.001,14,0,0.6862
SigmaHQ,7fd164ba-126a-4d9c-9392-0d4f7c243df0,OneNote Attachment File Dropped In Suspicious Location,medium,,14,0,0.176927
SigmaHQ,fcc6d700-68d9-4241-9a1a-06874d621b06,Suspicious File Created Via OneNote Application,high,,14,0,0.13061
SigmaHQ,8c31f563-f9a7-450c-bfa8-35f8f32f1f61,New Outlook Macro Created,medium,"T1137,T1008,T1546",14,0,0.050567
SigmaHQ,c3edc6a5-d9d4-48d8-930e-aab518390917,Potential Persistence Via Outlook Form,high,T1137.003,14,0,0.045279
SigmaHQ,fabb0e80-030c-4e3e-a104-d09676991ac3,Suspicious File Created in Outlook Temporary Directory,high,T1566.001,14,0,0.157153
SigmaHQ,117d3d3a-755c-4a61-b23e-9171146d094c,Suspicious Outlook Macro Created,high,"T1137,T1008,T1546",14,0,0.045744
SigmaHQ,3d2a2d59-929c-4b78-8c1a-145dfe9e07b1,Publisher Attachment File Dropped In Suspicious Location,medium,,14,0,0.116003
SigmaHQ,0e20c89d-2264-44ae-8238-aeeaba609ece,Potential Persistence Via Microsoft Office Startup Folder,high,T1137,14,0,0.191573
SigmaHQ,c7a74c80-ba5a-486e-9974-ab9e682bc5e4,File With Uncommon Extension Created By An Office Application,high,T1204.002,14,0,0.236444
SigmaHQ,a10a2c40-2c4d-49f8-b557-1a946bc55d9d,Uncommon File Created In Office Startup Folder,high,T1587.001,14,0,0.212959
SigmaHQ,6e90ae7a-7cd3-473f-a035-4ebb72d961da,PCRE.NET Package Temp Files,high,T1059,14,0,0.007278
SigmaHQ,bbb7e38c-0b41-4a11-b306-d2a457b7ac2b,Suspicious File Created In PerfLogs,medium,T1059,14,0,0.062468
SigmaHQ,7047d730-036f-4f40-b9d8-1c63e36d5e62,Potential Binary Or Script Dropper Via PowerShell,medium,,14,0,0.226675
SigmaHQ,576426ad-0131-4001-ae01-be175da0c108,PowerShell Script Dropped Via PowerShell.EXE,low,,14,0,0.096772
SigmaHQ,f331aa1f-8c53-4fc3-b083-cc159bc971cb,Malicious PowerShell Scripts - FileCreation,high,T1059.001,14,0,1.936415
SigmaHQ,e36941d0-c0f0-443f-bc6f-cb2952eb69ea,PowerShell Module File Created,low,,14,0,0.093722
SigmaHQ,e8a52bbd-bced-459f-bd93-64db45ce7657,Potential Suspicious PowerShell Module File Created,medium,,14,0,0.020834
SigmaHQ,e3845023-ca9a-4024-b2b2-5422156d5527,PowerShell Module File Created By Non-PowerShell Process,medium,,14,0,0.090214
SigmaHQ,92fa78e7-4d39-45f1-91a3-8b23f3f1088d,Potential Startup Shortcut Persistence Via PowerShell.EXE,high,T1547.001,14,0,0.084102
SigmaHQ,1027d292-dd87-4a1a-8701-2abe04d7783c,PSScriptPolicyTest Creation By Uncommon Process,medium,,14,0,0.047169
SigmaHQ,34986307-b7f4-49be-92f3-e7a4d01ac5db,Rclone Config File Creation,medium,T1567.002,14,0,0.015562
SigmaHQ,fccfb43e-09a7-4bd2-8b37-a5a7df33386d,.RDP File Created By Uncommon Application,high,,14,0,0.048584
SigmaHQ,130c9e58-28ac-4f83-8574-0a4cc913b97e,Potential Winnti Dropper Activity,high,T1027,14,0,0.06794
SigmaHQ,145095eb-e273-443b-83d0-f9b519b7867b,PDF File Created By RegEdit.EXE,high,,14,0,0.045817
SigmaHQ,7eff1a7f-dd45-4c20-877a-f21e342a7611,RemCom Service File Creation,medium,T1569.002,14,0,0.043538
SigmaHQ,fec96f39-988b-4586-b746-b93d59fd1922,ScreenConnect Temporary Installation Artefact,medium,T1219.002,14,0,0.001106
SigmaHQ,0afecb6e-6223-4a82-99fb-bf5b981e92a5,Remote Access Tool - ScreenConnect Temporary File,low,T1059.003,14,0,0.045358
SigmaHQ,a6976974-ea6f-4e97-818e-ea08625c52cb,Potential RipZip Attack on Startup Folder,high,T1547,14,0,0.050967
SigmaHQ,4e87b8e2-2ee9-4b2a-a715-4727d297ece0,Potential SAM Database Dump,high,T1003.002,14,0,0.21356
SigmaHQ,760e75d8-c3b5-409b-a9bf-6130b4c4603f,Self Extraction Directive File Created In Potentially Suspicious Location,medium,T1218,14,0,0.129138
SigmaHQ,1277f594-a7d1-4f28-a2d3-73af5cbeab43,Windows Shell/Scripting Application File Write to Suspicious Folder,high,T1059,14,0,0.546231
SigmaHQ,b8fd0e93-ff58-4cbd-8f48-1c114e342e62,Windows Binaries Write Suspicious Extensions,high,T1036,14,0,0.409049
SigmaHQ,2aa0a6b4-a865-495b-ab51-c28249537b75,Startup Folder File Write,medium,T1547.001,14,0,0.04873
SigmaHQ,e15b518d-b4ce-4410-a9cd-501f23ce4a18,Suspicious Creation with Colorcpl,high,T1564,14,0,0.045576
SigmaHQ,409f8a98-4496-4aaa-818a-c931c0a8b832,Created Files by Microsoft Sync Center,medium,"T1055,T1218",14,0,0.045173
SigmaHQ,5f87308a-0a5b-4623-ae15-d8fa1809bc60,Suspicious Files in Default GPO Folder,medium,T1036.005,14,0,0.047289
SigmaHQ,fc4f4817-0c53-4683-a4ee-b17a64bc1039,Suspicious Desktopimgdownldr Target File,high,T1105,14,0,0.049223
SigmaHQ,3d0ed417-3d94-4963-a562-4a92c940656a,Creation of a Diagcab,medium,,14,0,0.001233
SigmaHQ,b4926b47-a9d7-434c-b3a0-adc3fa0bd13e,Suspicious Double Extension Files,high,T1036.007,14,0,0.360261
SigmaHQ,7892ec59-c5bb-496d-8968-e5d210ca3ac4,DPAPI Backup Keys And Certificate Export Activity IOC,high,"T1555,T1552.004",14,0,0.002627
SigmaHQ,7280c9f3-a5af-45d0-916a-bc01cb4151c9,Suspicious MSExchangeMailboxReplication ASPX Write,high,"T1190,T1505.003",14,0,0.04827
SigmaHQ,74babdd6-a758-4549-9632-26535279e654,Suspicious Executable File Creation,high,T1564,14,0,0.279881
SigmaHQ,89c42960-f244-4dad-9151-ae9b1a3287a2,Suspicious File Write to Webapps Root Directory,medium,"T1505.003,T1190",14,0,0.142089
SigmaHQ,1f0489be-b496-4ddf-b3a9-5900f2044e9c,Suspicious File Write to SharePoint Layouts Directory,high,"T1190,T1505.003",14,0,0.219238
SigmaHQ,0c3fac91-5627-46e8-a6a8-a0d7b9b8ae1b,Suspicious Get-Variable.exe Creation,high,"T1546,T1027",14,0,0.050669
SigmaHQ,a8f866e1-bdd4-425e-a27a-37619238d9c7,Potential Hidden Directory Creation Via NTFS INDEX_ALLOCATION Stream,medium,T1564.004,14,0,0.001072
SigmaHQ,4f1707b1-b50b-45b4-b5a2-3978b5a5d0d6,Potential Homoglyph Attack Using Lookalike Characters in Filename,medium,"T1036,T1036.003",14,0,2.790121
SigmaHQ,654fcc6d-840d-4844-9b07-2c3300e54a26,Legitimate Application Dropped Archive,high,T1218,14,0,0.770138
SigmaHQ,f0540f7e-2db3-4432-b9e0-3965486744bc,Legitimate Application Dropped Executable,high,T1218,14,0,0.556622
SigmaHQ,1cf465a1-2609-4c15-9b66-c32dbe4bfd67,Legitimate Application Writing Files In Uncommon Location,high,"T1218,T1105",14,0,0.784658
SigmaHQ,7d604714-e071-49ff-8726-edeb95a70679,Legitimate Application Dropped Script,high,T1218,14,0,0.551679
SigmaHQ,3215aa19-f060-4332-86d5-5602511f3ca8,Suspicious LNK Double Extension File Created,medium,T1036.007,14,0,0.053066
SigmaHQ,b5b78988-486d-4a80-b991-930eff3ff8bf,PowerShell Profile Modification,medium,T1546.013,14,0,0.17769
SigmaHQ,3da70954-0f2c-4103-adff-b7440368f50e,Suspicious PROCEXP152.sys File Created In TMP,medium,T1685,14,0,0.051264
SigmaHQ,b447f7de-1e53-4cbf-bfb4-f1f6d0b04e4e,Suspicious Binaries and Scripts in Public Folder,high,T1204,14,1,0.06031
SigmaHQ,cd8b36ac-8e4a-4c2f-a402-a29b8fbd5bca,Suspicious File Creation Activity From Fake Recycle.Bin Folder,high,,14,0,0.001494
SigmaHQ,979baf41-ca44-4540-9d0c-4fcef3b5a3a4,Potential File Extension Spoofing Using Right-to-Left Override,high,T1036.002,14,0,0.004005
SigmaHQ,ce7066a6-508a-42d3-995b-2952c65dc2ce,Drop Binaries Into Spool Drivers Color Folder,medium,,14,0,0.04739
SigmaHQ,28208707-fe31-437f-9a7f-4b1108b94d2e,Suspicious Startup Folder Persistence,high,"T1204.002,T1547.001",14,0,0.027145
SigmaHQ,5b40a734-99b6-4b98-a1d0-1cea51a08ab2,Suspicious Interactive PowerShell as SYSTEM,high,T1059.001,14,0,0.06363
SigmaHQ,80e1f67a-4596-4351-98f5-a9c3efabac95,Suspicious Scheduled Task Write to System32 Tasks,high,T1053,14,0,0.022267
SigmaHQ,162ab1e4-6874-4564-853c-53ec3ab8be01,TeamViewer Remote Session,medium,T1219.002,14,0,0.002028
SigmaHQ,3a9fa2ec-30bc-4ebd-b49e-7c9cff225502,VsCode Powershell Profile Modification,medium,T1546.013,14,0,0.006627
SigmaHQ,1d2de8a6-4803-4fde-b85b-f58f3aa7a705,Potentially Suspicious WDAC Policy File Creation,medium,,14,0,0.04853
SigmaHQ,9b64de98-9db3-4033-bd7a-f51430105f00,Windows Terminal Profile Settings Modification By Uncommon Process,medium,T1547.015,14,0,0.231496
SigmaHQ,34746e8c-5fb8-415a-b135-0abc167e912a,WinSxS Executable File Creation By Non-System Process,medium,,14,0,0.050725
SigmaHQ,0a1255c5-d732-4b62-ac02-b5152d34fb83,ADExplorer Writing Complete AD Snapshot Into .dat File,medium,"T1087.002,T1069.002,T1482",14,0,0.159933
SigmaHQ,814ddeca-3d31-4265-8e07-8cc54fb44903,LiveKD Kernel Memory Dump File Created,high,,14,0,0.020402
SigmaHQ,16fe46bb-4f64-46aa-817d-ff7bec4a2352,LiveKD Driver Creation,medium,,14,0,0.051955
SigmaHQ,059c5af9-5131-4d8d-92b2-de4ad6146712,LiveKD Driver Creation By Uncommon Process,high,,14,0,0.046426
SigmaHQ,de46c52b-0bf8-4936-a327-aace94f94ac6,Process Explorer Driver Creation By Non-Sysinternals Binary,high,T1068,14,0,0.049796
SigmaHQ,a05baa88-e922-4001-bc4d-8738135f27de,Process Monitor Driver Creation By Non-Sysinternals Binary,medium,T1068,14,0,0.049944
SigmaHQ,259e5a6a-b8d2-4c38-86e2-26c5e651361d,PsExec Service File Creation,low,T1569.002,14,0,0.04245
SigmaHQ,304afd73-55a5-4bb9-8c21-0b1fc84ea9e4,PSEXEC Remote Execution File Artefact,high,"T1136.002,T1543.003,T1570",14,0,0.021379
SigmaHQ,07a99744-56ac-40d2-97b7-2095967b0e03,Potential Privilege Escalation Attempt Via .Exe.Local Technique,high,,14,0,0.204797
SigmaHQ,69ca12af-119d-44ed-b50f-a47af0ebc364,LSASS Process Memory Dump Creation Via Taskmgr.EXE,high,T1003.001,14,0,0.086461
SigmaHQ,52753ea4-b3a0-4365-910d-36cff487b789,Hijack Legit RDP Session to Move Laterally,high,T1219.002,14,0,0.045124
SigmaHQ,62ed5b55-f991-406a-85d9-e8e8fdf18789,UAC Bypass Using Consent and Comctl32 - File,high,T1548.002,14,0,0.047485
SigmaHQ,93a19907-d4f9-4deb-9f91-aac4692776a6,UAC Bypass Using .NET Code Profiler on MMC,high,T1548.002,14,0,0.019149
SigmaHQ,63e4f530-65dc-49cc-8f80-ccfa95c69d43,UAC Bypass Using EventVwr,high,,14,0,0.040971
SigmaHQ,48ea844d-19b1-4642-944e-fe39c2cc1fec,UAC Bypass Using IDiagnostic Profile - File,high,T1548.002,14,0,0.046225
SigmaHQ,bdd8157d-8e85-4397-bb82-f06cc9c71dbb,UAC Bypass Using IEInstal - File,high,T1548.002,14,0,0.045503
SigmaHQ,41bb431f-56d8-4691-bb56-ed34e390906f,UAC Bypass Using MSConfig Token Modification - File,high,T1548.002,14,0,0.051014
SigmaHQ,7fff6773-2baa-46de-a24a-b6eec1aba2d1,UAC Bypass Using NTFS Reparse Point - File,high,T1548.002,14,0,0.087673
SigmaHQ,155dbf56-e0a4-4dd0-8905-8a98705045e8,UAC Bypass Abusing Winsat Path Parsing - File,high,T1548.002,14,0,0.055191
SigmaHQ,68578b43-65df-4f81-9a9b-92f32711a951,UAC Bypass Using Windows Media Player - File,high,T1548.002,14,0,0.096635
SigmaHQ,8468111a-ef07-4654-903b-b863a80bbc95,VHD Image Download Via Browser,medium,T1587.001,14,0,0.533441
SigmaHQ,56e05d41-ce99-4ecd-912d-93f019ee0b71,Visual Studio Code Tunnel Remote File Creation,medium,,14,0,0.051811
SigmaHQ,d102b8f5-61dc-4e68-bd83-9a3187c67377,Renamed VsCode Code Tunnel Execution - File Indicator,high,,14,0,0.05422
SigmaHQ,39f1f9f2-9636-45de-98f6-a4046aa8e4b9,Potential Webshell Creation On Static Website,medium,T1505.003,14,0,0.110702
SigmaHQ,28a452f3-786c-4fd8-b8f2-bddbe9d616d1,Creation of WerFault.exe/Wer.dll in Unusual Folder,medium,T1574.001,14,0,0.098908
SigmaHQ,74a2b37d-fea4-41e0-9ac7-c9fbcf1f60cc,WinRAR Creating Files in Startup Locations,high,T1547.001,14,0,0.096558
SigmaHQ,d353dac0-1b41-46c2-820c-d7d2561fc6ed,AWL Bypass with Winrm.vbs and Malicious WsmPty.xsl/WsmTxt.xsl - File,medium,T1216,14,0,0.059505
SigmaHQ,33f41cdd-35ac-4ba8-814b-c6a4244a1ad4,WMI Persistence - Script Event Consumer File Write,high,T1546.003,14,0,0.052252
SigmaHQ,8d5aca11-22b3-4f22-b7ba-90e60533e1fb,Wmiexec Default Output File,critical,T1047,14,0,0.205319
SigmaHQ,614a7e17-5643-4d89-b6fe-f9df1a79641c,Wmiprvse Wbemcomn DLL Hijack - File,critical,"T1047,T1021.002",14,0,0.007878
SigmaHQ,e94b9ddc-eec5-4bb8-8a58-b9dc5f4e185f,UEFI Persistence Via Wpbbin - FileCreation,high,T1542.001,14,0,0.045649
SigmaHQ,4aafb0fa-bff5-4b9d-b99e-8093e659c65f,Writing Local Admin Share,medium,T1546.002,14,0,0.001443
SigmaHQ,ab90dab8-c7da-4010-9193-563528cfa347,Potentially Suspicious Self Extraction Directive File Created,medium,T1218,14,0,0.001041
SigmaHQ,e3f673b3-65d1-4d80-9146-466f8b63fa99,Suspicious Appended Extension,medium,T1486,14,0,0.348154
SigmaHQ,fb4e2211-6d08-426b-8e6f-0d4a161e3b1d,Clfs.SYS Loaded By Process Located In a Potential Suspicious Location,medium,T1059,14,0,0.043718
SigmaHQ,75e508f7-932d-4ebc-af77-269237a84ce1,DLL Loaded From Suspicious Location Via Cmspt.EXE,high,T1218.003,14,0,0.048351
SigmaHQ,6ec86d9e-912e-4726-91a2-209359b999b9,Amsi.DLL Loaded Via LOLBIN Process,medium,,14,0,0.049094
SigmaHQ,50f852e6-af22-4c78-9ede-42ef36aa3453,Potential Azure Browser SSO Abuse,low,T1574.001,14,0,0.064722
SigmaHQ,8cde342c-ba48-4b74-b615-172c330f2e93,Suspicious Renamed Comsvcs DLL Loaded By Rundll32,high,T1003.001,14,0,0.050745
SigmaHQ,9ae01559-cf7e-4f8e-8e14-4c290a1b4784,CredUI.DLL Loaded By Uncommon Process,medium,T1056.002,14,0,0.38768
SigmaHQ,bdc64095-d59a-42a2-8588-71fd9c9d9abc,Suspicious Unsigned Dbghelp/Dbgcore DLL Loaded,high,T1003.001,14,0,0.011749
SigmaHQ,84b0a8f3-680b-4096-a45b-e9a89221727c,PCRE.NET Package Image Load,high,T1059,14,0,0.006219
SigmaHQ,b48492dc-c5ef-4572-8dff-32bc241c15c8,Load Of RstrtMgr.DLL By A Suspicious Process,high,"T1486,T1685",14,0,0.028786
SigmaHQ,3669afd2-9891-4534-a626-e5cf03810a61,Load Of RstrtMgr.DLL By An Uncommon Process,low,"T1486,T1685",14,0,0.092223
SigmaHQ,ec8c4047-fad9-416a-8c81-0f479353d7f6,Diagnostic Library Sdiageng.DLL Loaded By Msdt.EXE,high,T1202,14,0,0.08006
SigmaHQ,092bc4b9-3d1d-43b4-a6b4-8c8acd83522f,PowerShell Core DLL Loaded By Non PowerShell Process,medium,T1059.001,14,0,0.450131
SigmaHQ,e76c8240-d68f-4773-8880-5c6f63595aaf,Time Travel Debugging Utility Usage - Image,high,"T1218,T1003.001",14,0,0.014722
SigmaHQ,e5f5c693-52d7-4de5-88ae-afbfbce85595,Unsigned .node File Loaded,medium,"T1129,T1574.001,T1036.005",14,0,0.050277
SigmaHQ,333cdbe8-27bb-4246-bf82-b41a0dca4b70,Suspicious Volume Shadow Copy VSS_PS.dll Load,high,T1490,14,0,0.061311
SigmaHQ,37774c23-25a1-4adb-bb6d-8bb9fd59c0f8,Suspicious Volume Shadow Copy Vssapi.dll Load,high,T1490,14,0,0.06157
SigmaHQ,48bfd177-7cf2-412b-ad77-baf923489e82,Potentially Suspicious Volume Shadow Copy Vsstrace.dll Load,medium,T1490,14,0,0.061505
SigmaHQ,49329257-089d-46e6-af37-4afce4290685,HackTool - SharpEvtMute DLL Load,high,T1685.001,14,0,0.001578
SigmaHQ,75c505b1-711d-4f68-a357-8c3fe37dbf2d,HackTool - SILENTTRINITY Stager DLL Load,high,T1071,14,0,0.00106
SigmaHQ,f354eba5-623b-450f-b073-0b5b2773b6aa,Potential DCOM InternetExplorer.Application DLL Hijack - Image Load,critical,"T1021.002,T1021.003",14,0,0.046462
SigmaHQ,857c8db3-c89b-42fb-882b-f681c7cf4da2,Unsigned Image Loaded Into LSASS Process,medium,T1003.001,14,0,0.046864
SigmaHQ,ff0f2b05-09db-4095-b96d-1b75ca24894a,DotNET Assembly DLL Loaded Via Office Application,medium,T1204.002,14,0,0.286931
SigmaHQ,d13c43f0-f66b-4279-8b2c-5912077c1780,CLR DLL Loaded Via Office Applications,medium,T1204.002,14,0,0.266782
SigmaHQ,90217a70-13fc-48e4-b3db-0d836c5824ac,GAC DLL Loaded Via Office Applications,high,T1204.002,14,0,0.273672
SigmaHQ,af4c4609-5755-42fe-8075-4effb49f5d44,Microsoft Excel Add-In Loaded From Uncommon Location,medium,T1204.002,14,0,0.053544
SigmaHQ,9a0b8719-cd3c-4f0a-90de-765a4cb3f5ed,Microsoft VBA For Outlook Addin Loaded Via Outlook,medium,T1204.002,14,0,0.051041
SigmaHQ,bb2ba6fb-95d4-4a25-89fc-30bb736c021a,PowerShell Core DLL Loaded Via Office Application,medium,,14,0,0.287152
SigmaHQ,e6ce8457-68b1-485b-9bdd-3c2b5d679aa9,VBA DLL Loaded Via Office Application,high,T1204.002,14,0,0.267762
SigmaHQ,f40017b3-cb2e-4335-ab5d-3babf679c1de,Remote DLL Load Via Rundll32.EXE,medium,T1204.002,14,0,0.04403
SigmaHQ,b439f47d-ef52-4b29-9a2f-57d8a96cb6b8,WMI ActiveScriptEventConsumers Activity Via Scrcons.EXE DLL Load,medium,T1546.003,14,0,0.045808
SigmaHQ,4f6edb78-5c21-42ab-a558-fd2a6fc1fd57,Potential 7za.DLL Sideloading,low,T1574.001,14,0,0.006848
SigmaHQ,799a5f48-0ac1-4e0f-9152-71d137d48c2a,Abusable DLL Potential Sideloading From Suspicious Location,high,T1059,14,0,0.145339
SigmaHQ,552b6b65-df37-4d3e-a258-f2fc4771ae54,Potential Antivirus Software DLL Sideloading,medium,T1574.001,14,0,0.410177
SigmaHQ,ee6cea48-c5b6-4304-a332-10fc6446f484,Potential appverifUI.DLL Sideloading,high,T1574.001,14,0,0.048538
SigmaHQ,90ae0469-0cee-4509-b67f-e5efcef040f7,Aruba Network Service Potential DLL Sideloading,high,T1574.001,14,0,0.052326
SigmaHQ,952ed57c-8f99-453d-aee0-53a49c22f95d,Potential AVKkid.DLL Sideloading,medium,T1574.001,14,0,0.058096
SigmaHQ,1fbc0671-5596-4e17-8682-f020a0b995dc,Potential CCleanerDU.DLL Sideloading,medium,T1574.001,14,0,0.05595
SigmaHQ,3735d5ac-d770-4da0-99ff-156b180bc600,Potential CCleanerReactivator.DLL Sideloading,medium,T1574.001,14,0,0.048782
SigmaHQ,72ca7c75-bf85-45cd-aca7-255d360e423c,Potential Chrome Frame Helper DLL Sideloading,medium,T1574.001,14,0,0.007375
SigmaHQ,caa02837-f659-466f-bca6-48bde2826ab4,Potential DLL Sideloading Via ClassicExplorer32.dll,medium,T1574.001,14,0,0.00672
SigmaHQ,6360757a-d460-456c-8b13-74cf0e60cceb,Potential DLL Sideloading Via comctl32.dll,high,T1574.001,14,0,0.209631
SigmaHQ,0fa66f66-e3f6-4a9c-93f8-4f2610b00171,Potential DLL Sideloading Using Coregen.exe,medium,"T1218,T1055",14,0,0.050226
SigmaHQ,2b140a5c-dc02-4bb8-b6b1-8bdb45714cde,System Control Panel Item Loaded From Uncommon Location,high,T1574.001,14,0,0.057226
SigmaHQ,9ca2bf31-0570-44d8-a543-534c47c33ed7,Potential DLL Sideloading Of DBGCORE.DLL,medium,T1574.001,14,0,0.027681
SigmaHQ,6414b5cd-b19d-447e-bb5e-9f03940b5784,Potential DLL Sideloading Of DBGHELP.DLL,medium,T1574.001,14,0,0.026443
SigmaHQ,fef394cd-f44d-4040-9b18-95d92fe278c0,Potential DLL Sideloading Of DbgModel.DLL,medium,T1574.001,14,0,0.027383
SigmaHQ,edd3ddc3-386f-4ba5-9ada-4376b2cfa7b5,Potential EACore.DLL Sideloading,high,T1574.001,14,0,0.046153
SigmaHQ,e4903324-1a10-4ed3-981b-f6fe3be3a2c2,Potential Edputil.DLL Sideloading,high,T1574.001,14,0,0.026086
SigmaHQ,4fc0deee-0057-4998-ab31-d24e46e0aba4,Potential System DLL Sideloading From Non System Locations,high,T1574.001,14,0,16.431092
SigmaHQ,b6188d2f-b3c4-4d2c-a17d-9706e0851af0,Potential Goopdate.DLL Sideloading,medium,T1574.001,14,0,0.052556
SigmaHQ,e49b5745-1064-4ac1-9a2e-f687bc2dd37e,Potential DLL Sideloading Of Libcurl.DLL Via GUP.EXE,medium,T1574.001,14,0,0.062531
SigmaHQ,4c21b805-4dd7-469f-b47d-7383a8fcb437,Potential Iviewers.DLL Sideloading,high,T1574.001,14,0,0.031525
SigmaHQ,7a3b6d1f-4a2b-4f8c-9d7e-e9f8cbf21a35,Potential JLI.dll Side-Loading,high,T1574.001,14,0,0.007959
SigmaHQ,68654bf0-4412-43d5-bfe8-5eaa393cd939,Potential DLL Sideloading Via JsSchHlp,medium,T1574.001,14,0,0.006715
SigmaHQ,d2451be2-b582-4e15-8701-4196ac180260,Potential DLL Sideloading Of KeyScramblerIE.DLL Via KeyScrambler.EXE,high,T1574.001,14,0,0.096762
SigmaHQ,bf9808c4-d24f-44a2-8398-b65227d406b6,Potential Libvlc.DLL Sideloading,medium,T1574.001,14,0,0.007017
SigmaHQ,d2605a99-2218-4894-8fd3-2afb7946514d,Potential Mfdetours.DLL Sideloading,medium,T1574.001,14,0,0.027776
SigmaHQ,948a0953-f287-4806-bbcb-3b2e396df89f,Unsigned Mfdetours.DLL Sideloading,high,T1574.001,14,0,0.02738
SigmaHQ,5ba243e5-8165-4cf7-8c69-e1d3669654c1,Potential DLL Sideloading Of MpSvc.DLL,medium,T1574.001,14,0,0.028444
SigmaHQ,cdb15e19-c2d0-432a-928e-e49c8c60dcf2,Potential DLL Sideloading Of MsCorSvc.DLL,medium,T1574.001,14,0,0.028429
SigmaHQ,6b98b92b-4f00-4f62-b4fe-4d1920215771,Potential DLL Sideloading Of Non-Existent DLLs From System Folders,high,T1574.001,14,0,0.228337
SigmaHQ,829a3bdf-34da-4051-9cf4-8ed221a8ae4f,Microsoft Office DLL Sideload,high,T1574.001,14,0,0.011621
SigmaHQ,d36f7c12-14a3-4d48-b6b8-774b9c66f44d,Potential Python DLL SideLoading,medium,T1574.001,14,0,0.06717
SigmaHQ,6e78b74f-c762-4800-82ad-f66787f10c8a,Potential Rcdll.DLL Sideloading,high,T1574.001,14,0,0.025683
SigmaHQ,259dda31-b7a3-444f-b7d8-17f96e8a7d0d,Potential RjvPlatform.DLL Sideloading From Default Location,medium,T1574.001,14,0,0.046299
SigmaHQ,0e0bc253-07ed-43f1-816d-e1b220fe8971,Potential RjvPlatform.DLL Sideloading From Non-Default Location,high,T1574.001,14,0,0.049108
SigmaHQ,f64c9b2d-b0ad-481d-9d03-7fc75020892a,Potential RoboForm.DLL Sideloading,medium,T1574.001,14,0,0.087261
SigmaHQ,ee4c5d06-3abc-48cc-8885-77f1c20f4451,DLL Sideloading Of ShellChromeAPI.DLL,high,T1574.001,14,0,0.005703
SigmaHQ,844f8eb2-610b-42c8-89a4-47596e089663,Potential ShellDispatch.DLL Sideloading,medium,T1574.001,14,0,0.034716
SigmaHQ,24b6cf51-6122-469e-861a-22974e9c1e5b,Potential SmadHook.DLL Sideloading,high,T1574.001,14,0,0.087875
SigmaHQ,a2edbce1-95c8-4291-8676-0d45146862b3,Potential SolidPDFCreator.DLL Sideloading,medium,T1574.001,14,0,0.047278
SigmaHQ,f9df325d-d7bc-4a32-8a1a-2cc61dcefc63,Third Party Software DLL Sideloading,medium,T1574.001,14,0,0.013272
SigmaHQ,828af599-4c53-4ed2-ba4a-a9f835c434ea,Fax Service DLL Search Order Hijack,high,T1574.001,14,0,0.049822
SigmaHQ,d7a63acb-1284-49bc-bfea-7771146c8b1c,Potential Vcruntime140 DLL Sideloading,high,T1574.001,14,0,0.06772
SigmaHQ,2092cacb-d77b-4f98-ab0d-32b32f99a054,Potential Vivaldi_elf.DLL Sideloading,medium,T1574.001,14,0,0.047953
SigmaHQ,70e8e9b4-6a93-4cb7-8cde-da69502e7aff,VMGuestLib DLL Sideload,medium,T1574.001,14,0,0.054398
SigmaHQ,98ffaed4-aec2-4e04-9b07-31492fe68b3d,VMMap Signed Dbghelp.DLL Potential Sideloading,medium,T1574.001,14,0,0.047537
SigmaHQ,273a8dd8-3742-4302-bcc7-7df5a80fe425,VMMap Unsigned Dbghelp.DLL Potential Sideloading,high,T1574.001,14,0,0.057535
SigmaHQ,9313dc13-d04c-46d8-af4a-a930cc55d93b,Potential DLL Sideloading Via VMware Xfer,high,T1574.001,14,0,0.068321
SigmaHQ,71b31e99-9ad0-47d4-aeb5-c0ca3928eeeb,Potential Waveedit.DLL Sideloading,high,T1574.001,14,0,0.055267
SigmaHQ,db77ce78-7e28-4188-9337-cf30e2b3ba9f,Potential Wazuh Security Platform DLL Sideloading,medium,T1574.001,14,0,0.012214
SigmaHQ,418dc89a-9808-4b87-b1d7-e5ae0cb6effc,Potential Mpclient.DLL Sideloading,high,T1574.001,14,0,0.061169
SigmaHQ,e2e01011-5910-4267-9c3b-4149ed5479cf,Potential WWlib.DLL Sideloading,medium,T1574.001,14,0,0.065981
SigmaHQ,6e8fe0a8-ba0b-4a93-8f9e-82657e7a5984,BaaUpdate.exe Suspicious DLL Load,high,"T1218,T1021.003",14,0,0.077566
SigmaHQ,060d5ad4-3153-47bb-8382-43e5e29eda92,Unsigned Module Loaded by ClickOnce Application,medium,T1574.001,14,0,0.001981
SigmaHQ,9e9a9002-56c4-40fd-9eff-e4b09bfa5f6c,DLL Load By System Process From Suspicious Locations,medium,T1070,14,0,0.042606
SigmaHQ,cbb56d62-4060-40f7-9466-d8aaf3123f83,Python Image Load By Non-Python Process,low,T1027.002,14,0,0.066413
SigmaHQ,4508a70e-97ef-4300-b62b-ff27992990ea,DotNet CLR DLL Loaded By Scripting Applications,high,T1055,14,0,0.266837
SigmaHQ,b5de0c9a-6f19-43e0-af4e-55ad01f550af,Unsigned DLL Loaded by Windows Utility,medium,"T1218.011,T1218.010",14,0,0.274839
SigmaHQ,ea5c131b-380d-49f9-aeb3-920694da4d4b,Suspicious Unsigned Thor Scanner Execution,high,T1574.001,14,0,0.088887
SigmaHQ,9ed5959a-c43c-4c59-84e3-d28628429456,UAC Bypass Using Iscsicpl - ImageLoad,high,T1548.002,14,0,0.048043
SigmaHQ,a5ea83a7-05a5-44c1-be2e-addccbbd8c03,UAC Bypass With Fake DLL,high,"T1548.002,T1574.001",14,0,0.04831
SigmaHQ,a9c73e8b-3b2d-4c45-8ef2-5f9a9c9998ad,MMC Loading Script Engines DLLs,medium,"T1059.005,T1218.014",14,0,0.045532
SigmaHQ,416bc4a2-7217-4519-8dc7-c3271817f1d5,Suspicious Loading of Dbgcore/Dbghelp DLLs from Uncommon Location,high,"T1003,T1685",14,0,0.155215
SigmaHQ,0cbe38c0-270c-41d9-ab79-6e5a9a669290,Trusted Path Bypass via Windows Directory Spoofing,high,"T1574.007,T1548.002",14,0,0.040674
SigmaHQ,05936ce2-ee05-4dae-9d03-9a391cf2d2c6,WMI Persistence - Command Line Event Consumer,high,T1546.003,14,0,0.045544
SigmaHQ,06ce37c2-61ab-4f05-9ff5-b1a96d18ae32,WMIC Loading Scripting Libraries,medium,T1220,14,0,0.044653
SigmaHQ,7707a579-e0d8-4886-a853-ce47e4575aaa,Wmiprvse Wbemcomn DLL Hijack,high,"T1047,T1021.002",14,0,0.046004
SigmaHQ,ad1f4bb9-8dfb-4765-adb6-2a7cfb6c0f94,Suspicious WSMAN Provider Image Loads,medium,"T1059.001,T1021.003",14,0,0.412418
SigmaHQ,5205613d-2a63-4412-a895-3a2458b587b3,Network Connection Initiated By AddinUtil.EXE,high,T1218,14,0,0.04697
SigmaHQ,b3ad3c0f-c949-47a1-a30e-b0491ccae876,Uncommon Connection to Active Directory Web Services,medium,T1087,14,0,0.068414
SigmaHQ,0dba975d-a193-4ed1-a067-424df57570d1,Uncommon Network Connection Initiated By Certutil.EXE,high,T1105,14,0,0.061788
SigmaHQ,efafe0bf-4238-479e-af8f-797bd3490d2d,Outbound Network Connection Initiated By Cmstp.EXE,high,T1218.003,14,0,0.069754
SigmaHQ,37e4024a-6c80-4d8f-b95d-2e7e94f3a8d1,Outbound Network Connection Initiated By Microsoft Dialer,high,T1071.001,14,0,0.081102
SigmaHQ,5c80b618-0dbb-46e6-acbb-03d90bcb6d83,Network Connection Initiated To AzureWebsites.NET By Non-Browser Process,medium,"T1102,T1102.001",14,0,0.07261
SigmaHQ,9e02c8ec-02b9-43e8-81eb-34a475ba7965,Network Connection Initiated To BTunnels Domains,medium,"T1567,T1572",14,0,0.001503
SigmaHQ,7cd1dcdc-6edf-4896-86dc-d1f19ad64903,Network Connection Initiated To Cloudflared Tunnels Domains,medium,"T1567,T1572",14,0,0.002412
SigmaHQ,fa5b1358-b040-4403-9868-15f7d9ab6329,Network Communication With Crypto Mining Pool,high,T1496,14,0,0.665156
SigmaHQ,297ae038-edc2-4b2e-bb3e-7c5fc94dd5c7,New Connection Initiated To Potential Dead Drop Resolver Domain,high,"T1102,T1102.001",14,0,0.074844
SigmaHQ,9501f8e6-8e3d-48fc-a8a6-1089dd5d7ef4,Network Connection Initiated To DevTunnels Domain,medium,"T1567.001,T1572",14,0,0.001369
SigmaHQ,25eabf56-22f0-4915-a1ed-056b8dae0a68,Suspicious Dropbox API Usage,high,"T1105,T1567.002",14,0,0.002283
SigmaHQ,edf3485d-dac4-4d50-90e4-b0e5813f7e60,Suspicious Network Connection to IP Lookup Service APIs,medium,T1016,14,0,0.140468
SigmaHQ,7e9cf7b6-e827-11ed-a05b-0242ac120003,Suspicious Non-Browser Network Communication With Google API,medium,T1102,14,0,0.023213
SigmaHQ,3ab65069-d82a-4d44-a759-466661a082d1,Communication To LocaltoNet Tunneling Service Initiated,high,"T1572,T1090,T1102",14,0,0.002328
SigmaHQ,fdeebdf0-9f3f-4d08-84a6-4c4d13e39fe4,Network Connection Initiated To Mega.nz,low,T1567.002,14,0,0.001267
SigmaHQ,18249279-932f-45e2-b37a-8925f2597670,Process Initiated Network Connection To Ngrok Domain,high,"T1567,T1572,T1102",14,0,0.001891
SigmaHQ,1d08ac94-400d-4469-a82f-daee9a908849,Communication To Ngrok Tunneling Service Initiated,high,"T1567,T1568.002,T1572,T1090,T1102",14,0,0.001377
SigmaHQ,7e9cf7b6-e827-11ed-a05b-15959c120003,Potentially Suspicious Network Connection To Notion API,low,T1102,14,0,0.010586
SigmaHQ,07837ab9-60e1-481f-a74d-c31fb496a94c,Network Communication Initiated To Portmap.IO Domain,medium,"T1041,T1090.002",14,0,0.00131
SigmaHQ,c3dbbc9f-ef1d-470a-a90a-d343448d5875,Suspicious Non-Browser Network Communication With Telegram API,medium,"T1102,T1567,T1105",14,0,0.009684
SigmaHQ,4b657234-038e-4ad5-997c-4be42340bce4,Network Connection Initiated To Visual Studio Code Tunnels Domain,medium,"T1567,T1572",14,0,0.001871
SigmaHQ,a66bc059-c370-472c-a0d7-f8fd1bf9d583,Network Connection Initiated By Eqnedt32.EXE,high,T1203,14,0,0.045749
SigmaHQ,2fdaf50b-9fd5-449f-ba69-f17248119af6,Network Connection Initiated via Finger.EXE,high,"T1071.004,T1059.003",14,0,0.047343
SigmaHQ,8d7e392e-9b28-49e1-831d-5949c6281228,Network Connection Initiated By IMEWDBLD.EXE,high,T1105,14,0,0.046025
SigmaHQ,e81528db-fc02-45e8-8e98-4e84aba1f10b,Network Connection Initiated Via Notepad.EXE,high,T1055,14,0,0.065314
SigmaHQ,75e33ce3-ae32-4dcc-9aa8-a2a3029d6f84,Office Application Initiated Network Connection To Non-Local IP,medium,T1203,14,0,0.305174
SigmaHQ,3b5ba899-9842-4bc2-acc2-12308498bf42,Office Application Initiated Network Connection Over Uncommon Ports,medium,,14,0,0.099512
SigmaHQ,bef0bc5a-b9ae-425d-85c6-7b2d705980c6,Python Initiated Connection,medium,T1046,14,0,0.059641
SigmaHQ,ed74fe75-7594-4b4b-ae38-e38e3fd2eb23,Outbound RDP Connections Over Non-Standard Tools,high,T1021.001,14,0,0.349912
SigmaHQ,5f699bc5-5446-4a4a-a0b7-5ef2885a3eb4,RDP Over Reverse SSH Tunnel,high,"T1572,T1021.001",14,0,0.073112
SigmaHQ,b1e5da3b-ca8e-4adf-915c-9921f3d85481,RDP to HTTP or HTTPS Target Ports,high,"T1572,T1021.001",14,0,0.064067
SigmaHQ,0531e43a-d77d-47c2-b89f-5fe50321c805,RegAsm.EXE Initiating Network Connection To Public IP,medium,T1218.009,14,0,0.070688
SigmaHQ,c7e91a02-d771-4a6d-a700-42587e0b1095,Network Connection Initiated By Regsvr32.EXE,medium,"T1559.001,T1218.010",14,0,0.046691
SigmaHQ,d58ba5c6-0ed7-4b9d-a433-6878379efda9,Remote Access Tool - AnyDesk Incoming Connection,medium,T1219.002,14,0,0.090204
SigmaHQ,cdc8da7d-c303-42f8-b08c-b4ab47230263,Rundll32 Internet Connection,medium,T1218.011,14,0,0.067714
SigmaHQ,50e54b8d-ad73-43f8-96a1-5191685b17a4,Silenttrinity Stager Msbuild Activity,high,T1127.001,14,0,0.064643
SigmaHQ,20384606-a124-4fec-acbb-8bd373728613,Suspicious Network Connection Binary No CommandLine,high,,14,0,0.069464
SigmaHQ,e0f8ab85-0ac9-423b-a73a-81b3c7b1aa97,Network Communication Initiated To File Sharing Domains From Process Located In Suspicious Folder,high,T1105,14,0,0.36798
SigmaHQ,7b434893-c57d-4f41-908d-6a17bf1ae98f,Network Connection Initiated From Process Located In Potentially Suspicious Or Uncommon Location,high,T1105,14,0,0.040854
SigmaHQ,4b89abaa-99fe-4232-afdd-8f9aa4d20382,Potentially Suspicious Malware Callback Communication,high,T1571,14,0,0.071004
SigmaHQ,6d8c3d20-a5e1-494f-8412-4571d716cf5c,Communication To Uncommon Destination Ports,medium,T1571,14,0,0.067682
SigmaHQ,e54979bd-c5f9-4d6c-967b-a04b19ac4c74,Uncommon Outbound Kerberos Connection,medium,"T1558,T1550.003",14,0,0.066039
SigmaHQ,9f2cc74d-78af-4eb2-bb64-9cd1d292b87b,Microsoft Sync Center Suspicious Network Connections,medium,"T1055,T1218",14,0,0.063401
SigmaHQ,9976fa64-2804-423c-8a5b-646ade840773,Suspicious Outbound SMTP Connections,medium,T1048.003,14,0,0.230338
SigmaHQ,c539afac-c12a-46ed-b1bd-5a5567c9f045,Potential Remote PowerShell Session Initiated,high,"T1059.001,T1021.006",14,0,0.141989
SigmaHQ,7610a4ea-c06d-495f-a2ac-0a696abcfd3b,Outbound Network Connection To Public IP Via Winlogon,medium,T1218.011,14,0,0.071383
SigmaHQ,786cdae8-fefb-4eb2-9227-04e34060db01,Suspicious Wordpad Outbound Connections,medium,,14,0,0.069428
SigmaHQ,08249dc0-a28d-4555-8ba5-9255a198e08c,Local Network Connection Initiated By Script Interpreter,medium,T1105,14,0,0.063828
SigmaHQ,992a6cae-db6a-43c8-9cec-76d7195c96fc,Outbound Network Connection Initiated By Script Interpreter,high,T1105,14,0,0.0691
SigmaHQ,c649a6c7-cd8c-4a78-9c04-000fc76df954,Potentially Suspicious Wuauclt Network Connection,medium,T1218,14,0,0.069014
SigmaHQ,1ea13e8c-03ea-409b-877d-ce5c3d2c1cb3,ADFS Database Named Pipe Connection By Uncommon Tool,medium,T1005,14,0,0.271402
SigmaHQ,d5601f8c-b26f-4ab0-9035-69e11a8d4ad2,CobaltStrike Named Pipe,critical,T1055,14,0,0.003664
SigmaHQ,0e7163d4-9e19-4fa7-9be6-000c61aad77a,CobaltStrike Named Pipe Pattern Regex,critical,T1055,14,0,1.097415
SigmaHQ,85adeb13-4fc9-4e68-8a4a-c7cb2c336eb7,CobaltStrike Named Pipe Patterns,high,T1055,14,0,1.318845
SigmaHQ,4d0083b3-580b-40da-9bba-626c19fe4033,HackTool - CoercedPotato Named Pipe Creation,high,T1055,14,0,0.001279
SigmaHQ,1f7025a6-e747-4130-aac4-961eb47015f1,HackTool - DiagTrackEoP Default Named Pipe,critical,,14,0,0.001185
SigmaHQ,637f689e-b4a5-4a86-be0e-0100a0a33ba2,HackTool - EfsPotato Named Pipe Creation,high,T1055,14,0,0.001383
SigmaHQ,961d0ba2-3eea-4303-a930-2cf78bbfcc5e,HackTool - Credential Dumping Tools Named Pipe Created,critical,"T1003.001,T1003.002,T1003.004,T1003.005",14,0,0.001201
SigmaHQ,0adc67e0-a68f-4ffd-9c43-28905aad5d6a,HackTool - Koh Default Named Pipe,critical,"T1528,T1134.001",14,0,0.00117
SigmaHQ,58cb02d5-78ce-4692-b3e1-dce850aae41a,Alternate PowerShell Hosts Pipe,medium,T1059.001,14,0,0.066962
SigmaHQ,ac7102b4-9e1e-4802-9b4f-17c5524c015c,New PowerShell Instance Created,informational,T1059.001,14,0,0.001003
SigmaHQ,f318b911-ea88-43f4-9281-0de23ede628e,PUA - CSExec Default Named Pipe,medium,"T1021.002,T1569.002",14,0,0.000898
SigmaHQ,f6451de4-df0a-41fa-8d72-b39f54a08db5,PUA - PAExec Default Named Pipe,medium,T1569.002,14,0,0.000993
SigmaHQ,d36f87ea-c403-44d2-aa79-1a0ac7c24456,PUA - RemCom Default Named Pipe,medium,"T1021.002,T1569.002",14,0,0.000919
SigmaHQ,493fb4ab-cdcc-4c4f-818c-0e363bd1e4bb,WMI Event Consumer Created Named Pipe,medium,T1047,14,0,0.045072
SigmaHQ,fe3ac066-98bb-432a-b1e7-a5229cb39d4a,Malicious Named Pipe Created,critical,T1055,14,0,0.004105
SigmaHQ,41504465-5e3a-4a5b-a5b4-2a0baadd4463,PsExec Tool Execution From Suspicious Locations - PipeName,medium,T1569.002,14,0,0.035539
SigmaHQ,999bff6d-dc15-44c9-9f5c-e1051bfc86e1,Nslookup PowerShell Download Cradle,medium,T1059.001,14,0,0.028553
SigmaHQ,87df9ee1-5416-453a-8a08-e8d4a51e9ce1,Delete Volume Shadow Copies Via WMI With PowerShell,high,T1490,14,0,0.002007
SigmaHQ,6331d09b-4785-4c13-980f-f96661356249,PowerShell Downgrade Attack - PowerShell,medium,T1059.001,14,0,0.001155
SigmaHQ,3236fcd0-b7e3-4433-b4f8-86ad61a9af2d,PowerShell Download Via Net.WebClient - PowerShell Classic,low,"T1059.001,T1105",14,0,0.00175
SigmaHQ,c70e019b-1479-4b65-b0cc-cd0c6093a599,PowerShell Called from an Executable Version Mismatch,high,T1059.001,14,0,0.001092
SigmaHQ,c5b20776-639a-49bf-94c7-84f912b91c15,Netcat The Powershell Version,medium,"T1095,T1059.001",14,0,0.001287
SigmaHQ,60167e5c-84b2-4c95-a7ac-86281f27c445,Remote PowerShell Session (PS Classic),low,"T1059.001,T1021.006",14,0,0.045607
SigmaHQ,f65e22f9-819e-4f96-9c7b-498364ae7a25,Potential RemoteFXvGPUDisablement.EXE Abuse,high,T1218,14,0,0.00157
SigmaHQ,30a8cb77-8eb3-4cfb-8e79-ad457c5a4592,Renamed Powershell Under Powershell Channel,low,"T1059.001,T1036.003",14,0,0.065686
SigmaHQ,b366adb4-d63d-422d-8a2c-186463b5ded0,Use Get-NetTCPConnection,low,T1049,14,0,0.001604
SigmaHQ,71ff406e-b633-4989-96ec-bc49d825a412,Zip A Folder With PowerShell For Staging In Temp - PowerShell,medium,T1074.001,14,0,0.064838
SigmaHQ,ec19ebab-72dc-40e1-9728-4c0b805d722c,Tamper Windows Defender - PSClassic,high,T1685,14,0,0.004016
SigmaHQ,df9a0e0e-fedb-4d6c-8668-d765dfc92aa7,Suspicious Non PowerShell WSMAN COM Provider,medium,"T1059.001,T1021.003",14,0,0.061562
SigmaHQ,74176142-4684-4d8a-8b0a-713257e7df8e,Potential Active Directory Enumeration Using AD Module - PsModule,medium,,14,0,0.275649
SigmaHQ,64e8e417-c19a-475a-8d19-98ea705394cc,Alternate PowerShell Hosts - PowerShell Module,medium,T1059.001,14,0,0.294154
SigmaHQ,8d31a8ce-46b5-4dd6-bdc3-680931f1db86,Bad Opsec Powershell Code Artifacts,critical,T1059.001,14,0,0.00224
SigmaHQ,f99276ad-d122-4989-a09a-d00904a5f9d2,Clear PowerShell History - PowerShell Module,medium,T1070.003,14,0,0.002815
SigmaHQ,1ddc1472-8e52-4f7d-9f11-eab14fc171f5,PowerShell Decompress Commands,informational,T1140,14,0,0.001116
SigmaHQ,41025fd7-0466-4650-a813-574aaacbe7f4,Malicious PowerShell Scripts - PoshModule,high,T1059.001,14,0,1.788567
SigmaHQ,b140afd9-474b-4072-958e-2ebb435abd68,Suspicious Get-ADDBAccount Usage,high,T1003.003,14,0,0.001781
SigmaHQ,4cbd4f12-2e22-43e3-882f-bff3247ffb78,PowerShell Get Clipboard,medium,T1115,14,0,0.001213
SigmaHQ,9fe55ea2-4cd6-4491-8a54-dd6871651b51,HackTool - Evil-WinRm Execution - PowerShell Module,high,,14,0,0.105955
SigmaHQ,a136cde0-61ad-4a61-9b82-8dc490e60dd2,Invoke-Obfuscation CLIP+ Launcher - PowerShell Module,high,"T1027,T1059.001",14,0,0.069119
SigmaHQ,2f211361-7dce-442d-b78a-c04039677378,Invoke-Obfuscation Obfuscated IEX Invocation - PowerShell Module,high,"T1027,T1059.001",14,0,0.4078
SigmaHQ,9ac8b09b-45de-4a07-9da1-0de8c09304a3,Invoke-Obfuscation STDIN+ Launcher - PowerShell Module,high,"T1027,T1059.001",14,0,0.059406
SigmaHQ,6bfb8fa7-b2e7-4f6c-8d9d-824e5d06ea9e,Invoke-Obfuscation VAR+ Launcher - PowerShell Module,high,"T1027,T1059.001",14,0,0.057838
SigmaHQ,7034cbbb-cc55-4dc2-8dad-36c0b942e8f1,Invoke-Obfuscation COMPRESS OBFUSCATION - PowerShell Module,medium,"T1027,T1059.001",14,0,0.003407
SigmaHQ,a23791fe-8846-485a-b16b-ca691e1b03d4,Invoke-Obfuscation RUNDLL LAUNCHER - PowerShell Module,medium,"T1027,T1059.001",14,0,0.048213
SigmaHQ,c72aca44-8d52-45ad-8f81-f96c4d3c755e,Invoke-Obfuscation Via Stdin - PowerShell Module,high,"T1027,T1059.001",14,0,0.060086
SigmaHQ,ebdf49d8-b89c-46c9-8fdf-2c308406f6bd,Invoke-Obfuscation Via Use Clip - PowerShell Module,high,"T1027,T1059.001",14,0,0.058236
SigmaHQ,07ad2ea8-6a55-4ac6-bf3e-91b8e59676eb,Invoke-Obfuscation Via Use MSHTA - PowerShell Module,high,"T1027,T1059.001",14,0,0.007612
SigmaHQ,88a22f69-62f9-4b8a-aa00-6b0212f2f05a,Invoke-Obfuscation Via Use Rundll32 - PowerShell Module,high,"T1027,T1059.001",14,0,0.018468
SigmaHQ,f3c89218-8c3d-4ba9-9974-f1d8e6a1b4a6,Invoke-Obfuscation VAR++ LAUNCHER OBFUSCATION - PowerShell Module,high,"T1027,T1059.001",14,0,0.057487
SigmaHQ,7d0d0329-0ef1-4e84-a9f5-49500f9d7c6c,Malicious PowerShell Commandlets - PoshModule,high,"T1482,T1087,T1087.001,T1087.002,T1069.001,T1069.002,T1069,T1059.001",14,0,0.732811
SigmaHQ,96b9f619-aa91-478f-bacb-c3e50f8df575,Remote PowerShell Session (PS Module),high,"T1059.001,T1021.006",14,0,0.051151
SigmaHQ,38a7625e-b2cb-485d-b83d-aff137d859f4,Potential RemoteFXvGPUDisablement.EXE Abuse - PowerShell Module,high,T1218,14,0,0.001492
SigmaHQ,815bfc17-7fc6-4908-a55e-2f37b98cedb4,AD Groups Or Users Enumeration Using PowerShell - PoshModule,low,T1069.001,14,0,0.00178
SigmaHQ,de41232e-12e8-49fa-86bc-c05c7e722df9,Suspicious PowerShell Download - PoshModule,medium,T1059.001,14,0,0.01043
SigmaHQ,aff815cc-e400-4bf0-a47a-5d8a2407d4e1,Use Get-NetTCPConnection - PowerShell Module,low,T1049,14,0,0.001452
SigmaHQ,bbb80e91-5746-4fbe-8898-122e2cafdbf4,Suspicious PowerShell Invocations - Generic - PowerShell Module,high,T1059.001,14,0,0.038483
SigmaHQ,8ff28fdd-e2fa-4dfa-aeda-ef3d61c62090,Suspicious PowerShell Invocations - Specific - PowerShell Module,high,T1059.001,14,0,0.20798
SigmaHQ,cef24b90-dddc-4ae1-a09a-8764872f69fc,Suspicious Get Local Groups Information,low,T1069.001,14,0,0.002957
SigmaHQ,e3818659-5016-4811-a73c-dde4679169d2,Suspicious Computer Machine Password by PowerShell,medium,T1078,14,0,0.001623
SigmaHQ,6942bd25-5970-40ab-af49-944247103358,Suspicious Get Information for SMB Share - PowerShell Module,low,T1069.001,14,0,0.001443
SigmaHQ,daf7eb81-35fd-410d-9d7a-657837e602bb,Zip A Folder With PowerShell For Staging In Temp  - PowerShell Module,medium,T1074.001,14,0,0.02928
SigmaHQ,fe5ce7eb-dad8-467c-84a9-31ec23bd644a,SyncAppvPublishingServer Bypass Powershell Restriction - PS Module,medium,T1218,14,0,0.047185
SigmaHQ,91e69562-2426-42ce-a647-711b8152ced6,AADInternals PowerShell Cmdlets Execution - PsScript,high,,14,0,0.321554
SigmaHQ,fc028194-969d-4122-8abe-0470d5b8f12f,Access to Browser Login Data,medium,T1555.003,14,0,0.012173
SigmaHQ,9e620995-f2d8-4630-8430-4afd89f77604,Potential Active Directory Enumeration Using AD Module - PsScript,medium,,14,0,0.022493
SigmaHQ,4368354e-1797-463c-bc39-a309effbe8d7,Powershell Add Name Resolution Policy Table Rule,high,T1565,14,0,0.00168
SigmaHQ,155c7fd5-47b4-49b2-bbeb-eb4fab335429,Add Windows Capability Via PowerShell Script,medium,,14,0,0.001662
SigmaHQ,bf72941a-cba0-41ea-b18c-9aca3925690d,PowerShell ADRecon Execution,high,T1059.001,14,0,0.002643
SigmaHQ,e0d6c087-2d1c-47fd-8799-3904103c5a98,AMSI Bypass Pattern Assembly GetType,high,T1685,14,0,0.002367
SigmaHQ,fa2559c8-1197-471d-9cdd-05a0273d4522,Potential AMSI Bypass Script Using NULL Bits,medium,T1685,14,0,0.001494
SigmaHQ,3ceb2083-a27f-449a-be33-14ec1b7cc973,Silence.EDA Detection,critical,"T1059.001,T1071.004,T1572,T1529",14,0,0.003965
SigmaHQ,96c982fe-3d08-4df4-bed2-eb14e02f21c8,Get-ADUser Enumeration Using UserAccountControl Flags,medium,T1033,14,0,0.001969
SigmaHQ,e4f93c99-396f-47c8-bb0f-201b1fa69034,Potential Data Exfiltration Via Audio File,medium,,14,0,0.003135
SigmaHQ,c1dda054-d638-4c16-afc8-53e007f3fbc5,Automated Collection Command PowerShell,medium,T1119,14,0,0.003542
SigmaHQ,d4a11f63-2390-411c-9adf-d791fd152830,Windows Screen Capture with CopyFromScreen,medium,T1113,14,0,0.001058
SigmaHQ,26b692dc-1722-49b2-b496-a8258aa6371d,Clear PowerShell History - PowerShell,medium,T1070.003,14,0,0.002748
SigmaHQ,bde47d4b-9987-405c-94c7-b080410e8ea7,Clearing Windows Console History,high,"T1070,T1070.003",14,0,0.002337
SigmaHQ,363eccc0-279a-4ccf-a3ab-24c2e63b11fb,Powershell Create Scheduled Task,medium,T1053.005,14,0,0.241001
SigmaHQ,db885529-903f-4c5d-9864-28fe199e6370,Computer Discovery And Export Via Get-ADComputer Cmdlet - PowerShell,medium,T1033,14,0,0.002991
SigmaHQ,63bf8794-9917-45bc-88dd-e1b5abc0ecfd,Powershell Install a DLL in System Directory,high,T1556.002,14,0,0.059856
SigmaHQ,23590215-4702-4a70-8805-8dc9e58314a2,Registry-Free Process Scope COR_PROFILER,medium,T1574.012,14,0,0.001536
SigmaHQ,243de76f-4725-4f2e-8225-a8a69b15ad61,PowerShell Create Local User,medium,"T1059.001,T1136.001",14,0,0.001126
SigmaHQ,02122374-b74e-495c-b285-9e4da973f3d6,DMSA Service Account Created in Specific OUs - PowerShell,medium,"T1078.002,T1098",14,0,0.001492
SigmaHQ,afd12fed-b0ec-45c9-a13d-aa86625dac81,Create Volume Shadow Copy with Powershell,high,T1003.003,14,0,0.001406
SigmaHQ,d93129cd-1ee0-479f-bc03-ca6f129882e3,Powershell Detect Virtualization Environment,medium,T1497.001,14,0,0.001811
SigmaHQ,1f6399cf-2c80-4924-ace1-6fcff3393480,DirectorySearcher Powershell Exploitation,medium,T1018,14,0,0.00298
SigmaHQ,b29a93fb-087c-4b5b-a84d-ee3309e69d08,Manipulation of User Computer or Group Security Principals Across AD,medium,T1136.002,14,0,0.001212
SigmaHQ,602f5669-6927-4688-84db-0d4b7afb2150,Disable Powershell Command History,high,T1070.003,14,0,0.001306
SigmaHQ,99c4658d-2c5e-4d87-828d-7c066ca537c3,Disable-WindowsOptionalFeature Command PowerShell,high,T1685,14,0,0.026143
SigmaHQ,ddcd88cb-7f62-4ce5-86f9-1704190feb0a,Potential In-Memory Execution Using Reflection.Assembly,medium,T1620,14,0,0.001302
SigmaHQ,3c7d1587-3b13-439f-9941-7d14313dbdfe,Potential COM Objects Download Cradles Usage - PS Script,medium,T1105,14,0,0.003553
SigmaHQ,846c7a87-8e14-4569-9d49-ecfd4276a01c,DSInternals Suspicious PowerShell Cmdlets - ScriptBlock,high,T1059.001,14,0,0.00413
SigmaHQ,99c49d9c-34ea-45f7-84a7-4751ae6b2cbc,Dump Credentials from Windows Credential Manager With PowerShell,medium,T1555,14,0,0.083185
SigmaHQ,991a9744-f2f0-44f2-bd33-9092eba17dc3,Enable Windows Remote Management,medium,T1021.006,14,0,0.001286
SigmaHQ,55c925c1-7195-426b-a136-a9396800e29b,Potential Suspicious Windows Feature Enabled,medium,,14,0,0.026142
SigmaHQ,603c6630-5225-49c1-8047-26c964553e0e,Enumerate Credentials from Windows Credential Manager With PowerShell,medium,T1555,14,0,0.023439
SigmaHQ,115fdba9-f017-42e6-84cf-d5573bf2ddf8,Disable of ETW Trace - Powershell,high,"T1070,T1685",14,0,0.001537
SigmaHQ,aa7a3fce-bef5-4311-9cc1-5f04bb8c308c,Certificate Exported Via PowerShell - ScriptBlock,medium,T1552.004,14,0,0.001327
SigmaHQ,df69cb1d-b891-4cd9-90c7-d617d90100ce,Suspicious FromBase64String Usage On Gzip Archive - Ps Script,medium,T1132.001,14,0,0.001542
SigmaHQ,95afc12e-3cbb-40c3-9340-84a032e596a3,Service Registry Permissions Weakness Check,medium,T1574.011,14,0,0.002278
SigmaHQ,36bed6b2-e9a0-4fff-beeb-413a92b86138,Active Directory Computers Enumeration With Get-AdComputer,low,"T1018,T1087.002",14,0,0.001911
SigmaHQ,8c3a6607-b7dc-4f0d-a646-ef38c00b76ee,Active Directory Group Enumeration With Get-AdGroup,low,T1069.002,14,0,0.001303
SigmaHQ,060c3ef1-fd0a-4091-bf46-e7d625f60b73,Suspicious Get-ADReplAccount,medium,T1003.006,14,0,0.001502
SigmaHQ,e0565f5d-d420-4e02-8a68-ac00d864f9cf,Automated Collection Bookmarks Using Get-ChildItem PowerShell,low,T1217,14,0,0.002422
SigmaHQ,904e8e61-8edf-4350-b59c-b905fc8e810c,Security Software Discovery Via Powershell Script,medium,T1518.001,14,0,0.003574
SigmaHQ,3245cd30-e015-40ff-a31d-5cadd5f377ec,HackTool - Rubeus Execution - ScriptBlock,high,"T1003,T1558.003,T1550.003",14,0,0.003724
SigmaHQ,851fd622-b675-4d26-b803-14bc7baa517a,HackTool - WinPwn Execution - ScriptBlock,high,"T1046,T1082,T1106,T1518,T1548.002,T1552.001,T1555,T1555.003",14,0,0.164366
SigmaHQ,f5d1def8-1de0-4a0e-9794-1f6f27dd605c,PowerShell Hotfix Enumeration,medium,,14,0,0.001039
SigmaHQ,4c4af3cd-2115-479c-8193-6b8bfce9001c,PowerShell ICMP Exfiltration,medium,T1048.003,14,0,0.002007
SigmaHQ,21f9162c-5f5d-4b01-89a8-b705bd7d10ab,Import PowerShell Modules From Suspicious Directories,medium,T1059.001,14,0,0.17514
SigmaHQ,975b2262-9a49-439d-92a6-0709cccdf0b2,Unsigned AppX Installation Attempt Using Add-AppxPackage - PsScript,medium,,14,0,0.001906
SigmaHQ,7b836d7f-179c-4ba4-90a7-a7e60afb48e6,Execute Invoke-command on Remote Host,medium,T1021.006,14,0,0.007202
SigmaHQ,d59d7842-9a21-4bc6-ba98-64bfe0091355,Powershell DNSExfiltration,high,T1048,14,0,0.010152
SigmaHQ,73e67340-0d25-11eb-adc1-0242ac120002,Invoke-Obfuscation CLIP+ Launcher - PowerShell,high,"T1027,T1059.001",14,0,0.072838
SigmaHQ,1b9dc62e-6e9e-42a3-8990-94d7a10007f7,Invoke-Obfuscation Obfuscated IEX Invocation - PowerShell,high,"T1027,T1059.001",14,0,0.352469
SigmaHQ,779c8c12-0eb1-11eb-adc1-0242ac120002,Invoke-Obfuscation STDIN+ Launcher - Powershell,high,"T1027,T1059.001",14,0,0.058766
SigmaHQ,0adfbc14-0ed1-11eb-adc1-0242ac120002,Invoke-Obfuscation VAR+ Launcher - PowerShell,high,"T1027,T1059.001",14,0,0.069935
SigmaHQ,20e5497e-331c-4cd5-8d36-935f6e2a9a07,Invoke-Obfuscation COMPRESS OBFUSCATION - PowerShell,medium,"T1027,T1059.001",14,0,0.003205
SigmaHQ,e6cb92b4-b470-4eb8-8a9d-d63e8583aae0,Invoke-Obfuscation RUNDLL LAUNCHER - PowerShell,medium,"T1027,T1059.001",14,0,0.053504
SigmaHQ,86b896ba-ffa1-4fea-83e3-ee28a4c915c7,Invoke-Obfuscation Via Stdin - Powershell,high,"T1027,T1059.001",14,0,0.067438
SigmaHQ,db92dd33-a3ad-49cf-8c2c-608c3e30ace0,Invoke-Obfuscation Via Use Clip - Powershell,high,"T1027,T1059.001",14,0,0.062634
SigmaHQ,e55a5195-4724-480e-a77e-3ebe64bd3759,Invoke-Obfuscation Via Use MSHTA - PowerShell,high,"T1027,T1059.001",14,0,0.007844
SigmaHQ,a5a30a6e-75ca-4233-8b8c-42e0f2037d3b,Invoke-Obfuscation Via Use Rundll32 - PowerShell,high,"T1027,T1059.001",14,0,0.018422
SigmaHQ,e54f5149-6ba3-49cf-b153-070d24679126,Invoke-Obfuscation VAR++ LAUNCHER OBFUSCATION - PowerShell,high,"T1027,T1059.001",14,0,0.058001
SigmaHQ,34f90d3c-c297-49e9-b26d-911b05a4866c,Powershell Keylogging,medium,T1056.001,14,0,0.011837
SigmaHQ,4fdc44df-bfe9-4fcc-b041-68f5a2d3031c,Powershell LocalAccount Manipulation,medium,T1098,14,0,0.002433
SigmaHQ,4a241dea-235b-4a7e-8d76-50d817b146c4,Suspicious PowerShell Mailbox Export to Share - PS,critical,,14,0,0.001529
SigmaHQ,89819aa4-bbd6-46bc-88ec-c7f7fe30efa6,Malicious PowerShell Commandlets - ScriptBlock,high,"T1482,T1087,T1087.001,T1087.002,T1069.001,T1069.002,T1069,T1059.001",14,0,3.717558
SigmaHQ,f62176f3-8128-4faa-bf6c-83261322e5eb,Malicious PowerShell Keywords,medium,T1059.001,14,0,0.16575
SigmaHQ,cd185561-4760-45d6-a63e-a51325112cae,Live Memory Dump Using Powershell,high,T1003,14,0,0.001624
SigmaHQ,9b111d8e-92e0-4153-88bc-daefc1333aba,DMSA Link Attributes Modified,low,"T1078.002,T1098",14,0,0.001419
SigmaHQ,b7216a7d-687e-4c8d-82b1-3080b2ad961f,Modify Group Policy Settings - ScriptBlockLogging,medium,T1484.001,14,0,0.023953
SigmaHQ,78aa1347-1517-4454-9982-b338d6df8343,Powershell MsXml COM Object,medium,T1059.001,14,0,0.001862
SigmaHQ,f772cee9-b7c2-4cb2-8f07-49870adc02e0,Malicious Nishang PowerShell Commandlets,high,T1059.001,14,0,0.564074
SigmaHQ,8c521530-5169-495d-a199-0a3a881ad24e,NTFS Alternate Data Stream,high,"T1564.004,T1059.001",14,0,0.001634
SigmaHQ,36fbec91-fa1b-4d5d-8df1-8d8edcb632ad,Code Executed Via Office Add-in XLL File,high,T1137.006,14,0,0.002038
SigmaHQ,da34e323-1e65-42db-83be-a6725ac2caa3,Potential Packet Capture Activity Via Start-NetEventSession - ScriptBlock,medium,T1040,14,0,0.001037
SigmaHQ,189e3b02-82b2-4b90-9662-411eb64486d4,Potential Invoke-Mimikatz PowerShell Script,high,T1003,14,0,0.00213
SigmaHQ,cdfa73b6-3c9d-4bb8-97f8-ddbd8921f5c5,Potential Unconstrained Delegation Discovery Via Get-ADComputer - ScriptBlock,medium,"T1018,T1558,T1589.002",14,0,0.00316
SigmaHQ,5f9c7f1a-7c21-4c39-b2f3-8d8006e0e51f,PowerShell Web Access Installation - PsScript,high,T1059.001,14,0,0.002358
SigmaHQ,dcd74b95-3f36-4ed9-9598-0490951643aa,PowerView PowerShell Cmdlets - ScriptBlock,high,T1059.001,14,0,0.390819
SigmaHQ,ca8b77a9-d499-4095-b793-5d5f330d450e,PowerShell Credential Prompt,high,T1059.001,14,0,0.001339
SigmaHQ,afd3df04-948d-46f6-ae44-25966c44b97f,PSAsyncShell - Asynchronous TCP Reverse Shell,high,T1059.001,14,0,0.001022
SigmaHQ,b7ec41a4-042c-4f31-a5db-d0fcde9fa5c5,PowerShell PSAttack,high,T1059.001,14,0,0.001045
SigmaHQ,a0edd39f-a0c6-4c17-8141-261f958e8d8f,PowerShell Remote Session Creation,medium,T1059.001,14,0,0.001233
SigmaHQ,cacef8fc-9d3d-41f7-956d-455c6e881bc5,Potential RemoteFXvGPUDisablement.EXE Abuse - PowerShell ScriptBlock,high,T1218,14,0,0.001469
SigmaHQ,a861d835-af37-4930-bcd6-5b178bfb54df,Suspicious Kerberos Ticket Request via PowerShell Script - ScriptBlock,high,T1558.003,14,0,0.001737
SigmaHQ,fbc5e92f-3044-4e73-a5c6-1c4359b539de,PowerShell Script With File Hostname Resolving Capabilities,medium,T1020,14,0,0.002642
SigmaHQ,42821614-9264-4761-acfc-5772c3286f76,Root Certificate Installed - PowerShell,medium,T1553.004,14,0,0.001903
SigmaHQ,902cedee-0398-4e3a-8183-6f3a89773a96,Suspicious Invoke-Item From Mount-DiskImage,medium,T1553.005,14,0,0.020265
SigmaHQ,d2e3f2f6-7e09-4bf2-bc5d-90186809e7fb,PowerShell Script With File Upload Capabilities,low,T1020,14,0,0.038809
SigmaHQ,7d416556-6502-45b2-9bad-9d2f05f38997,Powershell Sensitive File Discovery,medium,T1083,14,0,0.002126
SigmaHQ,cae80281-ef23-44c5-873b-fd48d2666f49,PowerShell Script Change Permission Via Set-Acl - PsScript,low,T1222,14,0,0.00146
SigmaHQ,3bf1d859-3a7e-44cb-8809-a99e066d3478,PowerShell Set-Acl On Windows Folder - PsScript,high,T1222,14,0,0.026091
SigmaHQ,61d0475c-173f-4844-86f7-f3eebae1c66b,Change PowerShell Policies to an Insecure Level - PowerShell,medium,T1059.001,14,0,0.004012
SigmaHQ,16b37b70-6fcf-4814-a092-c36bd3aafcbd,PowerShell ShellCode,high,"T1055,T1059.001",14,0,0.001111
SigmaHQ,402e1e1d-ad59-47b6-bf80-1ee44985b3a7,Malicious ShellIntel PowerShell Commandlets,high,T1059.001,14,0,0.013906
SigmaHQ,2650dd1a-eb2a-412d-ac36-83f06c4f2282,Detected Windows Software Discovery - PowerShell,medium,T1518,14,0,0.007409
SigmaHQ,a699b30e-d010-46c8-bbd1-ee2e26765fe9,Powershell Store File In Alternate Data Stream,medium,T1564.004,14,0,0.001988
SigmaHQ,2f77047c-e6e9-4c11-b088-a3de399524cd,Potential Persistence Via Security Descriptors - ScriptBlock,high,,14,0,0.002418
SigmaHQ,88f0884b-331d-403d-a3a1-b668cf035603,AD Groups Or Users Enumeration Using PowerShell - ScriptBlock,low,T1069.001,14,0,0.001699
SigmaHQ,e8314f79-564d-4f79-bc13-fbc0bf2660d8,Potential PowerShell Obfuscation Using Character Join,low,"T1027,T1059.001",14,0,0.001343
SigmaHQ,0f017df3-8f5a-414f-ad6b-24aff1128278,Suspicious Eventlog Clear,medium,T1685.005,14,0,0.003278
SigmaHQ,162e69a7-7981-4344-84a9-0f1c9a217a52,Powershell Directory Enumeration,medium,T1083,14,0,0.002598
SigmaHQ,403c2cc0-7f6b-4925-9423-bfa573bed7eb,Suspicious PowerShell Download - Powershell Script,medium,T1059.001,14,0,0.002072
SigmaHQ,b5522a23-82da-44e5-9c8b-e10ed8955f88,Powershell Execute Batch Script,medium,T1059.003,14,0,0.008077
SigmaHQ,bd5971a7-626d-46ab-8176-ed643f694f68,Extracting Information with PowerShell,medium,T1552.001,14,0,0.001484
SigmaHQ,03409c93-a7c7-49ba-9a4c-a00badf2a153,Troubleshooting Pack Cmdlet Execution,medium,T1202,14,0,0.026982
SigmaHQ,bbb9495b-58fc-4016-b9df-9a3a1b67ca82,Password Policy Discovery With Get-AdDefaultDomainPasswordPolicy,low,T1201,14,0,0.001152
SigmaHQ,4096a49c-7de4-4da0-a230-c66ccd56ea5a,Suspicious PowerShell Get Current User,low,T1033,14,0,0.002522
SigmaHQ,eb2fd349-ec67-4caa-9143-d79c7fb34441,Suspicious GPO Discovery With Get-GPO,low,T1615,14,0,0.001204
SigmaHQ,af4c87ce-bdda-4215-b998-15220772e993,Suspicious Process Discovery With Get-Process,low,T1057,14,0,0.000783
SigmaHQ,84c174ab-d3ef-481f-9c86-a50d0b8e3edb,PowerShell Get-Process LSASS in ScriptBlock,high,T1003.001,14,0,0.006896
SigmaHQ,8bc063d5-3a3a-4f01-a140-bc15e55e8437,Suspicious GetTypeFromCLSID ShellExecute,medium,T1546.015,14,0,0.00133
SigmaHQ,42d36aa1-3240-4db0-8257-e0118dcdd9cd,Suspicious Hyper-V Cmdlets,medium,T1564.006,14,0,0.001263
SigmaHQ,ed965133-513f-41d9-a441-e38076a0798f,Suspicious PowerShell Invocations - Generic,high,T1059.001,14,0,0.03149
SigmaHQ,ae7fbf8e-f3cb-49fd-8db4-5f3bed522c71,Suspicious PowerShell Invocations - Specific,high,T1059.001,14,0,0.201234
SigmaHQ,d4488827-73af-4f8d-9244-7b7662ef046e,Change User Agents with WebRequest,medium,T1071.001,14,0,0.011919
SigmaHQ,70ad982f-67c8-40e0-a955-b920c2fa05cb,Suspicious IO.FileStream,medium,T1070.003,14,0,0.001446
SigmaHQ,965e2db9-eddb-4cf6-a986-7a967df651e4,Potential Keylogger Activity,medium,T1056.001,14,0,0.021077
SigmaHQ,1f49f2ab-26bc-48b3-96cc-dcffbc93eadf,Potential Suspicious PowerShell Keywords,medium,T1059.001,14,0,0.050932
SigmaHQ,fa6a5a45-3ee2-4529-aa14-ee5edc9e29cb,Suspicious Get Local Groups Information - PowerShell,low,T1069.001,14,0,0.002757
SigmaHQ,2837e152-93c8-43d2-85ba-c3cd3c2ae614,Powershell Local Email Collection,medium,T1114.001,14,0,0.023002
SigmaHQ,29e1c216-6408-489d-8a06-ee9d151ef819,Suspicious Mount-DiskImage,low,T1553.005,14,0,0.006125
SigmaHQ,66a4d409-451b-4151-94f4-a55d559c49b0,PowerShell Deleted Mounted Share,medium,T1070.005,14,0,0.066538
SigmaHQ,1883444f-084b-419b-ac62-e0d0c5b3693f,Suspicious Connection to Remote Account,low,T1110.001,14,0,0.002065
SigmaHQ,1c563233-030e-4a07-af8c-ee0490a66d3a,Suspicious New-PSDrive to Admin Share,medium,T1021.002,14,0,0.00181
SigmaHQ,bd33d2aa-497e-4651-9893-5c5364646595,Suspicious TCP Tunnel Via PowerShell Script,medium,T1090,14,0,0.001762
SigmaHQ,a9723fcc-881c-424c-8709-fd61442ab3c3,Recon Information for Export with PowerShell,medium,T1119,14,0,0.014423
SigmaHQ,48a45d45-8112-416b-8a67-46e03a4b2107,Remove Account From Domain Admin Group,medium,T1531,14,0,0.001554
SigmaHQ,22d80745-6f2c-46da-826b-77adaededd74,Suspicious Service DACL Modification Via Set-Service Cmdlet - PS,high,T1574.011,14,0,0.001364
SigmaHQ,96cd126d-f970-49c4-848a-da3a09f55c55,Potential PowerShell Obfuscation Using Alias Cmdlets,low,"T1027,T1059.001",14,0,0.012792
SigmaHQ,95f0643a-ed40-467c-806b-aac9542ec5ab,Suspicious Get Information for SMB Share,low,T1069.001,14,0,0.001269
SigmaHQ,195626f3-5f1b-4403-93b7-e6cfd4d6a078,Suspicious SSL Connection,low,T1573,14,0,0.001791
SigmaHQ,0718cd72-f316-4aa2-988f-838ea8533277,Suspicious Start-Process PassThru,medium,T1036.003,14,0,0.00179
SigmaHQ,5947497f-1aa4-41dd-9693-c9848d58727d,Suspicious Unblock-File,medium,T1553.005,14,0,0.001227
SigmaHQ,c5ac6a1e-9407-45f5-a0ce-ca9a0806a287,Replace Desktop Wallpaper by Powershell,low,T1491.001,14,0,0.002413
SigmaHQ,b26647de-4feb-4283-af6b-6117661283c5,Powershell Suspicious Win32_PnPEntity,low,T1120,14,0,0.000982
SigmaHQ,c1337eb8-921a-4b59-855b-4ba188ddcc42,Deletion of Volume Shadow Copies via WMI with PowerShell - PS Script,high,T1490,14,0,0.002867
SigmaHQ,313fbb0a-a341-4682-848d-6d6f8c4fab7c,Suspicious PowerShell WindowStyle Option,medium,T1564.003,14,0,0.033521
SigmaHQ,35f41cd7-c98e-469f-8a02-ec4ba0cc7a7e,PowerShell Write-EventLog Usage,medium,,14,0,0.001376
SigmaHQ,b7a3c9a3-09ea-4934-8864-6a32cacd98d9,Zip A Folder With PowerShell For Staging In Temp - PowerShell Script,medium,T1074.001,14,0,0.070566
SigmaHQ,dddfebae-c46f-439c-af7a-fdb6bde90218,SyncAppvPublishingServer Execution to Bypass Powershell Restriction,medium,T1218,14,0,0.044458
SigmaHQ,ae2bdd58-0681-48ac-be7f-58ab4e593458,Tamper Windows Defender Remove-MpPreference - ScriptBlockLogging,high,T1685,14,0,0.001995
SigmaHQ,14c71865-6cd3-44ae-adaa-1db923fae5f2,Tamper Windows Defender - ScriptBlockLogging,high,T1685,14,0,0.004148
SigmaHQ,adf876b3-f1f8-4aa9-a4e4-a64106feec06,Testing Usage of Uncommonly Used Port,medium,T1571,14,0,0.00831
SigmaHQ,c6438007-e081-42ce-9483-b067fbef33c3,Powershell Timestomp,medium,T1070.006,14,0,0.001947
SigmaHQ,c2993223-6da8-4b1a-88ee-668b8bf315e9,User Discovery And Export Via Get-ADUser Cmdlet - PowerShell,medium,T1033,14,0,0.002523
SigmaHQ,05b3e303-faf0-4f4a-9b30-46cc13e69152,Potential Persistence Via PowerShell User Profile Using Add-Content,medium,T1546.013,14,0,0.007928
SigmaHQ,953945c5-22fe-4a92-9f8a-a9edc1e522da,Abuse of Service Permissions to Hide Services Via Set-Service - PS,high,T1574.011,14,0,0.001349
SigmaHQ,2a0a169d-cc66-43ce-9ae2-6e678e54e46a,Registry Modification Attempt Via VBScript - PowerShell,medium,"T1112,T1059.005",14,0,0.001505
SigmaHQ,976d6e6f-a04b-4900-9713-0134a353e38b,Veeam Backup Servers Credential Dumping Script Execution,high,,14,0,0.007818
SigmaHQ,1139d2e2-84b1-4226-b445-354492eba8ba,Usage Of Web Request Commands And Cmdlets - ScriptBlock,medium,T1059.001,14,1,0.300606
SigmaHQ,e2812b49-bae0-4b21-b366-7c142eafcde2,Potentially Suspicious Call To Win32_NTEventlogFile Class - PSScript,medium,,14,0,0.002836
SigmaHQ,91109523-17f0-4248-a800-f81d9e7c081d,PowerShell WMI Win32_Product Install MSI,medium,T1218.007,14,0,0.0097
SigmaHQ,03d83090-8cba-44a0-b02f-0b756a050306,Potential WinAPI Calls Via PowerShell Scripts,high,"T1059.001,T1106,T1620",14,0,0.003657
SigmaHQ,c1344fa2-323b-4d2e-9176-84b4d4821c88,Windows Defender Exclusions Added - PowerShell,medium,"T1685,T1059",14,0,0.001905
SigmaHQ,488b44e7-3781-4a71-888d-c95abfacf44d,Windows Firewall Profile Disabled,medium,T1686.003,14,0,0.014913
SigmaHQ,851c506b-6b7c-4ce2-8802-c703009d03c0,Winlogon Helper DLL,medium,T1547.004,14,0,0.008162
SigmaHQ,9e07f6e7-83aa-45c6-998e-0af26efd0a85,Powershell WMI Persistence,medium,T1546.003,14,0,0.00279
SigmaHQ,09658312-bc27-4a3b-91c5-e49ab9046d1b,WMIC Unquoted Services Path Lookup - PowerShell,medium,T1047,14,0,0.002187
SigmaHQ,8028c2c3-e25a-46e3-827f-bbb5abf181d7,WMImplant Hack Tool,high,"T1047,T1059.001",14,0,0.003559
SigmaHQ,504d63cb-0dba-4d02-8531-e72981aace2c,Suspicious X509Enrollment - Ps Script,medium,T1553.004,14,0,0.002071
SigmaHQ,6c6c6282-7671-4fe9-a0ce-a2dcebdc342b,Powershell XML Execute Command,medium,T1059.001,14,0,0.0091
SigmaHQ,3b4b232a-af90-427c-a22f-30b0c0837b95,CMSTP Execution Process Access,high,"T1218.003,T1559.001",14,0,0.217926
SigmaHQ,09706624-b7f6-455d-9d02-adee024cee1d,HackTool - CobaltStrike BOF Injection Pattern,high,"T1106,T1685",14,0,0.067367
SigmaHQ,d0d2f720-d14f-448d-8242-51ff396a334e,HackTool - Generic Process Access,high,T1003.001,14,0,3.394615
SigmaHQ,b1bd3a59-c1fd-4860-9f40-4dd161a7d1f5,HackTool - HandleKatz Duplicating LSASS Handle,high,"T1106,T1003.001",14,0,0.270153
SigmaHQ,7bdde3bf-2a42-4c39-aa31-a92b3e17afac,HackTool - LittleCorporal Generated Maldoc Injection,high,"T1204.002,T1055.003",14,0,0.047641
SigmaHQ,d29ada0f-af45-4f27-8f32-f7b77c3dbc4e,HackTool - SysmonEnte Execution,high,T1685.001,14,0,0.176025
SigmaHQ,a49fa4d5-11db-418c-8473-1e014a8dd462,Lsass Memory Dump via Comsvcs DLL,high,T1003.001,14,0,0.051207
SigmaHQ,9bd012ee-0dff-44d7-84a0-aa698cfd87a3,LSASS Memory Access by Tool With Dump Keyword In Name,high,T1003.001,14,1,0.056488
SigmaHQ,5ef9853e-4d0e-4a70-846f-a9ca37d876da,Potential Credential Dumping Activity Via LSASS,medium,T1003.001,14,0,0.069666
SigmaHQ,f8be3e82-46a3-4e4e-ada5-8e538ae8b9c9,Credential Dumping Activity By Python Based Tool,high,T1003.001,14,0,0.053353
SigmaHQ,aa35a627-33fb-4d04-a165-d33b4afca3e8,Remote LSASS Process Access Through Windows Remote Management,high,"T1003.001,T1059.001,T1021.006",14,0,0.069792
SigmaHQ,472159c5-31b9-4f56-b794-b766faa8b0a7,Suspicious LSASS Access Via MalSecLogon,high,T1003.001,14,0,0.054285
SigmaHQ,a18dd26b-6450-46de-8c91-9659150cf088,Potentially Suspicious GrantedAccess Flags On LSASS,medium,T1003.001,14,0,0.189368
SigmaHQ,e5b33f7d-eb93-48b6-9851-09e1e610b6d7,Credential Dumping Attempt Via WerFault,high,T1003.001,14,0,0.048126
SigmaHQ,4be8b654-0c01-4c9d-a10c-6b28467fc651,LSASS Access From Potentially White-Listed Processes,high,T1003.001,14,0,0.061399
SigmaHQ,a24e5861-c6ca-4fde-a93c-ba9256feddf0,Uncommon Process Access Rights For Target Image,low,T1055.011,14,0,0.28649
SigmaHQ,9f5c1d59-33be-4e60-bcab-85d2f566effd,Suspicious Process Access to LSASS with Dbgcore/Dbghelp DLLs,high,"T1003.001,T1685",14,0,0.062153
SigmaHQ,3f3f3506-1895-401b-9cc3-e86b16e630d0,Potential Direct Syscall of NtOpenProcess,medium,T1106,14,0,0.048314
SigmaHQ,174afcfa-6e40-4ae9-af64-496546389294,Credential Dumping Attempt Via Svchost,high,T1548,14,0,0.051621
SigmaHQ,166e9c50-8cd9-44af-815d-d1f0c0e90dde,Suspicious Svchost Process Access,high,T1685.001,14,0,0.05216
SigmaHQ,fb3722e4-1a06-46b6-b772-253e2e7db933,Function Call From Undocumented COM Interface EditionUpgradeManager,medium,T1548.002,14,0,0.005928
SigmaHQ,4f6c43e2-f989-4ea5-bcd8-843b49a0317c,UAC Bypass Using WOW64 Logger DLL Hijack,high,T1548.002,14,0,0.02723
SigmaHQ,387df17d-3b04-448f-8669-9e7fd5e5fd8c,Suspicious Process Access of MsMpEng by WerFaultSecure - EDR-Freeze,high,T1685,14,0,0.067984
SigmaHQ,ec570e53-4c76-45a9-804d-dc3f355ff7a7,7Zip Compressing Dump Files,medium,T1560.001,14,0,0.311912
SigmaHQ,9fbf5927-5261-4284-a71d-f681029ea574,Compress Data and Lock With Password for Exfiltration With 7-ZIP,medium,T1560.001,14,0,0.285438
SigmaHQ,0f6da907-5854-4be6-859a-e9958747b0aa,Potential DLL Injection Via AccCheckConsole,medium,,14,0,0.087846
SigmaHQ,631b22a4-70f4-4e2f-9ea8-42f84d9df6d8,Suspicious AddinUtil.EXE CommandLine Execution,high,T1218,14,0,0.0903
SigmaHQ,b5746143-59d6-4603-8d06-acbd60e166ee,Uncommon Child Process Of AddinUtil.EXE,medium,T1218,14,0,0.049496
SigmaHQ,4f2cd9b6-4a17-440f-bb2a-687abb65993a,Uncommon AddinUtil.EXE CommandLine Execution,medium,T1218,14,0,0.093922
SigmaHQ,6120ac2a-a34b-42c0-a9bd-1fb9f459f348,AddinUtil.EXE Execution From Uncommon Directory,medium,T1218,14,0,0.103304
SigmaHQ,2f869d59-7f6a-4931-992c-cce556ff2d53,Potential Adplus.EXE Abuse,high,T1003.001,14,0,0.087431
SigmaHQ,7efd2c8d-8b18-45b7-947d-adfe9ed04f61,AgentExecutor PowerShell Execution,medium,T1218,14,0,0.091968
SigmaHQ,c0b40568-b1e9-4b03-8d6c-b096da6da9ab,Suspicious AgentExecutor PowerShell Execution,high,T1218,14,0,0.089747
SigmaHQ,7dbbcac2-57a0-45ac-b306-ff30a8bd2981,Windows AMSI Related Registry Tampering Via CommandLine,high,T1685,14,0,0.054434
SigmaHQ,9c7e131a-0f2c-4ae0-9d43-b04f4e266d43,Uncommon Child Process Of Appvlp.EXE,medium,T1218,14,0,0.052332
SigmaHQ,8e95e73e-ba02-4a87-b4d7-0929b8053038,Suspicious ArcSOC.exe Child Process,high,"T1059,T1203",14,0,0.051652
SigmaHQ,a01b8329-5953-4f73-ae2d-aa01e1f35f00,AspNetCompiler Execution,medium,T1127,14,0,0.163443
SigmaHQ,9ccba514-7cb6-4c5c-b377-700758f2f120,Suspicious Child Process of AspNetCompiler,high,T1127,14,0,0.047373
SigmaHQ,9f50fe98-fe5c-4a2d-86c7-fad7f63ed622,Potentially Suspicious ASP.NET Compilation Via AspNetCompiler,high,T1127,14,0,0.161961
SigmaHQ,60fc936d-2eb0-4543-8a13-911c750a1dfc,Interactive AT Job,high,T1053.002,14,0,0.044513
SigmaHQ,f24bcaea-0cd1-11eb-adc1-0242ac120002,Uncommon  Assistive Technology Applications Execution Via AtBroker.EXE,medium,T1218,14,0,0.093752
SigmaHQ,4281cb20-2994-4580-aa63-c8b86d019934,Hiding Files with Attrib.exe,medium,T1564.001,14,0,0.090783
SigmaHQ,efec536f-72e8-4656-8960-5e85d091345b,Set Suspicious Files as System Files Using Attrib.EXE,high,T1564.001,14,0,0.094833
SigmaHQ,c6c56ada-612b-42d1-9a29-adad3c5c2c1e,Audit Policy Tampering Via NT Resource Kit Auditpol,high,T1685.001,14,0,0.003088
SigmaHQ,0a13e132-651d-11eb-ae93-0242ac130002,Audit Policy Tampering Via Auditpol,high,T1685.001,14,0,0.095704
SigmaHQ,d7b81144-b866-48a4-9bcc-275dc69d870e,Windows EventLog Autologger Session Registry Modification Via CommandLine,high,T1685.001,14,0,0.251108
SigmaHQ,c80e66d8-1780-48a9-b412-46663fd21ac0,Suspicious Autorun Registry Modified via WMI,high,"T1547.001,T1047",14,0,0.132143
SigmaHQ,9f38c1db-e2ae-40bf-81d0-5b68f73fb512,Suspicious BitLocker Access Agent Update Utility Execution,high,"T1218,T1021.003",14,0,0.047218
SigmaHQ,5edc2273-c26f-406c-83f3-f4d948e740dd,Indirect Inline Command Execution Via Bash.EXE,medium,T1202,14,0,0.14298
SigmaHQ,2d22a514-e024-4428-9dba-41505bd63a5b,Indirect Command Execution From Script File Via Bash.EXE,medium,T1202,14,0,0.177681
SigmaHQ,1444443e-6757-43e4-9ea4-c8fc705f79a2,Boot Configuration Tampering Via Bcdedit.EXE,high,T1490,14,0,0.086939
SigmaHQ,c9fbe8e9-119d-40a6-9b59-dd58a5d84429,Potential Ransomware or Unauthorized MBR Tampering Via Bcdedit.EXE,medium,"T1070,T1542.003",14,0,0.086062
SigmaHQ,c615d676-f655-46b9-b913-78729021e5d7,Data Export From MSSQL Table Via BCP.EXE,medium,T1048,14,0,0.086791
SigmaHQ,811f459f-9231-45d4-959a-0266c6311987,Suspicious Child Process Of BgInfo.EXE,high,"T1059.005,T1218,T1202",14,0,0.087734
SigmaHQ,aaf46cdc-934e-4284-b329-34aa701e3771,Uncommon Child Process Of BgInfo.EXE,medium,"T1059.005,T1218,T1202",14,0,0.085161
SigmaHQ,7f2376f9-42ee-4dfc-9360-fecff9a88fc8,BitLockerTogo.EXE Execution,low,T1218,14,0,0.043036
SigmaHQ,d059842b-6b9d-4ed1-b5c3-5b89143c6ede,File Download Via Bitsadmin,medium,"T1197,T1036.003,T1105",14,0,0.098758
SigmaHQ,99c840f2-2012-46fd-9141-c761987550ef,Suspicious Download From Direct IP Via Bitsadmin,high,"T1197,T1036.003",14,0,0.09323
SigmaHQ,8518ed3d-f7c9-4601-a26c-f361a4256a0c,Suspicious Download From File-Sharing Website Via Bitsadmin,high,"T1197,T1036.003,T1105",14,0,0.090765
SigmaHQ,5b80a791-ad9b-4b75-bcc1-ad4e1e89c200,File With Suspicious Extension Downloaded Via Bitsadmin,high,"T1197,T1036.003,T1105",14,0,0.094865
SigmaHQ,2ddef153-167b-4e89-86b6-757a9e65dcac,File Download Via Bitsadmin To A Suspicious Target Folder,high,"T1197,T1036.003,T1105",14,0,0.104466
SigmaHQ,b9cbbc17-d00d-4e3d-a827-b06d03d2380d,Monitoring For Persistence Via BITS,medium,T1197,14,0,0.106998
SigmaHQ,3e8207c5-fcd2-4ea6-9418-15d45b4890e4,Potential Data Stealing Via Chromium Headless Debugging,high,"T1185,T1564.003",14,0,0.002132
SigmaHQ,ef9dcfed-690c-4c5d-a9d1-482cd422225c,Browser Execution In Headless Mode,low,"T1105,T1564.003",14,0,0.215642
SigmaHQ,0e8cfe08-02c9-4815-a2f8-0d157b7ed33e,File Download with Headless Browser,high,"T1105,T1564.003",14,0,0.240188
SigmaHQ,88d6e60c-759d-4ac1-a447-c0f1466c2d21,Chromium Browser Instance Executed With Custom Extension,medium,T1176.001,14,0,0.197864
SigmaHQ,1c526788-0abe-4713-862f-b520da5e5316,Chromium Browser Headless Execution To Mockbin Like Site,high,,14,0,0.200053
SigmaHQ,27ba3207-dd30-4812-abbf-5d20c57d474e,Suspicious Chromium Browser Instance Executed With Custom Extension,high,T1176.001,14,0,0.310769
SigmaHQ,94771a71-ba41-4b6e-a757-b531372eaab6,File Download From Browser Process Via Inline URL,medium,T1105,14,0,0.211651
SigmaHQ,b3d34dc5-2efd-4ae3-845f-8ec14921f449,Browser Started with Remote Debugging,medium,T1185,14,0,0.086839
SigmaHQ,62f7c9bf-9135-49b2-8aeb-1e54a6ecc13c,Tor Client/Browser Execution,high,T1090.003,14,0,0.377994
SigmaHQ,737e618a-a410-49b5-bec3-9e55ff7fbc15,Suspicious Calculator Usage,high,T1036,14,0,0.088217
SigmaHQ,b5c7395f-e501-4a08-94d4-57fe7a9da9d2,Potential Binary Proxy Execution Via Cdb.EXE,medium,"T1106,T1218,T1127",14,0,0.085795
SigmaHQ,ff992eac-6449-4c60-8c1d-91c9722a1d48,New Root Certificate Installed Via CertMgr.EXE,medium,T1553.004,14,0,0.109233
SigmaHQ,70ad0861-d1fe-491c-a45f-fa48148a300d,File Download via CertOC.EXE,medium,T1105,14,0,0.10903
SigmaHQ,b86f6dea-0b2f-41f5-bdcc-a057bd19cd6a,File Download From IP Based URL Via CertOC.EXE,high,T1105,14,0,0.134624
SigmaHQ,242301bc-f92f-4476-8718-78004a6efd9f,DLL Loaded via CertOC.EXE,medium,T1218,14,0,0.085555
SigmaHQ,84232095-ecca-4015-b0d7-7726507ee793,Suspicious DLL Loaded via CertOC.EXE,high,T1218,14,0,0.08723
SigmaHQ,4480827a-9799-4232-b2c4-ccc6c4e9e12b,Suspicious CertReq Command to Download,high,T1105,14,0,0.094109
SigmaHQ,d2125259-ddea-4c1c-9c22-977eb5b29cf0,New Root Certificate Installed Via Certutil.EXE,medium,T1553.004,14,0,0.085481
SigmaHQ,cc9cbe82-7bc0-4ef5-bc23-bbfb83947be7,File Decoded From Base64/Hex Via Certutil.EXE,high,T1027,14,0,0.087413
SigmaHQ,19b08b1c-861d-4e75-a1ef-ea0c1baf202b,Suspicious Download Via Certutil.EXE,medium,"T1027,T1105",14,0,0.096577
SigmaHQ,13e6fe51-d478-4c7e-b0f2-6da9b400a829,Suspicious File Downloaded From Direct IP Via Certutil.EXE,high,"T1027,T1105",14,0,0.090598
SigmaHQ,42a5f1e7-9603-4f6d-97ae-3f37d130d794,Suspicious File Downloaded From File-Sharing Website Via Certutil.EXE,high,"T1027,T1105",14,0,0.089072
SigmaHQ,e62a9f0c-ca1e-46b2-85d5-a6da77f86d1a,File Encoded To Base64 Via Certutil.EXE,medium,T1027,14,0,0.087377
SigmaHQ,ea0cdc3e-2239-4f26-a947-4e8f8224e464,Suspicious File Encoded To Base64 Via Certutil.EXE,high,T1027,14,0,0.089849
SigmaHQ,82a6714f-4899-4f16-9c1e-9a333544d4c3,File In Suspicious Location Encoded To Base64 Via Certutil.EXE,high,T1027,14,0,0.087845
SigmaHQ,3ffd6f51-e6c1-47b7-94b4-c1e61d4117c5,Certificate Exported Via Certutil.EXE,medium,T1027,14,0,0.088672
SigmaHQ,6c6d9280-e6d0-4b9d-80ac-254701b64916,Potential NTLM Coercion Via Certutil.EXE,high,T1218,14,0,0.086344
SigmaHQ,7090adee-82e2-4269-bd59-80691e7c6338,Console CodePage Lookup Via CHCP,medium,T1614.001,14,0,0.0477
SigmaHQ,c7942406-33dd-4377-a564-0f62db0593a3,Suspicious CodePage Switch Via CHCP,medium,T1036,14,0,0.001756
SigmaHQ,4b046706-5789-4673-b111-66f25fe99534,Deleted Data Overwritten Via Cipher.EXE,medium,T1485,14,0,0.088664
SigmaHQ,4c0aaedc-154c-4427-ada0-d80ef9c9deb6,Process Access via TrolleyExpress Exclusion,high,"T1218.011,T1003.001",14,0,0.504033
SigmaHQ,ddeff553-5233-4ae9-bbab-d64d2bd634be,Data Copied To Clipboard Via Clip.EXE,low,T1115,14,0,0.085697
SigmaHQ,fadb84f0-4e84-4f6d-a1ce-9ef2bffb6ccd,Cloudflared Portable Execution,medium,T1090.001,14,0,0.045374
SigmaHQ,222129f7-f4dc-4568-b0d2-22440a9639ba,Cloudflared Quick Tunnel Execution,medium,T1090.001,14,0,1.627823
SigmaHQ,7050bba1-1aed-454e-8f73-3f46f09ce56a,Cloudflared Tunnel Connections Cleanup,medium,"T1102,T1090,T1572",14,0,0.001737
SigmaHQ,9a019ffc-3580-4c9d-8d87-079f7e8d3fd4,Cloudflared Tunnel Execution,medium,"T1102,T1090,T1572",14,0,0.008796
SigmaHQ,3d3aa6cd-6272-44d6-8afc-7e88dfef7061,Change Default File Association Via Assoc,low,T1546.001,14,0,0.092782
SigmaHQ,ae6f14e6-14de-45b0-9f44-c0986f50dc89,Change Default File Association To Executable Via Assoc,high,T1546.001,14,0,0.110701
SigmaHQ,044ba588-dff4-4918-9808-3f95e8160606,Copy .DMP/.DUMP Files From Remote Share Via Cmd.EXE,high,,14,0,0.088057
SigmaHQ,21dd6d38-2b18-4453-9404-a0fe4a0cc288,Curl Download And Execute Combination,high,"T1218,T1105",14,0,0.022165
SigmaHQ,379fa130-190e-4c3f-b7bc-6c8e834485f3,File Deletion Via Del,low,T1070.004,14,0,0.087241
SigmaHQ,204b17ae-4007-471b-917b-b917b315c5db,Greedy File Deletion Using Del,medium,T1070.004,14,0,0.090915
SigmaHQ,7c9340a9-e2ee-4e43-94c5-c54ebbea1006,File And SubFolder Enumeration Via Dir Command,low,T1217,14,0,0.093582
SigmaHQ,a77c1610-fc73-4019-8e29-0f51efc04a51,Potential Dosfuscation Activity,medium,T1059,14,0,0.000906
SigmaHQ,1ac8666b-046f-4201-8aba-1951aaec03a3,Command Line Execution with Suspicious URL and AppData Strings,medium,"T1059.003,T1059.001,T1105",14,0,0.048953
SigmaHQ,5a6b7c8d-9e0f-1a2b-3c4d-5e6f7a8b9c0d,Cmd Launched with Hidden Start Flags to Suspicious Targets,medium,T1564.003,14,0,0.089982
SigmaHQ,e9b61244-893f-427c-b287-3e708f321c6b,Potential Privilege Escalation Using Symlink Between Osk and Cmd,high,T1546.008,14,0,0.086181
SigmaHQ,40b19fa6-d835-400c-b301-41f3a2baacaf,VolumeShadowCopy Symlink Creation Via Mklink,high,"T1003.002,T1003.003",14,0,0.001201
SigmaHQ,f0507c0f-a3a2-40f5-acc6-7f543c334993,Suspicious File Execution From Internet Hosted WebDav Share,high,T1059.001,14,0,0.095407
SigmaHQ,a16980c2-0c56-4de0-9a79-17971979efdd,Cmd.EXE Missing Space Characters Execution Anomaly,high,T1059.001,14,0,0.99933
SigmaHQ,bbc865e4-7fcd-45a6-8ff1-95ced28ec5b2,NtdllPipe Like Activity Execution,high,,14,0,0.115171
SigmaHQ,087790e3-3287-436c-bccf-cbd0184a7db1,Potential CommandLine Path Traversal Via Cmd.EXE,high,T1059.003,14,0,0.155147
SigmaHQ,ded2b07a-d12f-4284-9b76-653e37b6c8b0,Potentially Suspicious Ping/Copy Command Combination,medium,T1070.004,14,0,0.093313
SigmaHQ,54786ddc-5b8a-11ed-9b6a-0242ac120002,Suspicious Ping/Del Command Combination,high,T1070.004,14,0,0.001551
SigmaHQ,8e0bb260-d4b2-4fff-bb8d-3f82118e6892,Potentially Suspicious CMD Shell Output Redirect,medium,T1218,14,0,0.09054
SigmaHQ,41ca393d-538c-408a-ac27-cf1e038be80c,Directory Removal Via Rmdir,low,T1070.004,14,0,0.086067
SigmaHQ,c73124a7-3e89-44a3-bdc1-25fe4df754b1,Copy From VolumeShadowCopy Via Cmd.EXE,high,T1490,14,0,0.00191
SigmaHQ,241e802a-b65e-484f-88cd-c2dc10f9206d,Read Contents From Stdin Via Cmd.EXE,medium,T1059.003,14,0,0.08751
SigmaHQ,2fdefcb3-dbda-401e-ae23-f0db027628bc,Sticky Key Like Backdoor Execution,critical,T1546.008,14,0,0.048836
SigmaHQ,1070db9a-3e5d-412e-8e7b-7183b616e1b3,Persistence Via Sticky Key Backdoor,critical,T1546.008,14,0,0.047585
SigmaHQ,aa0b3a82-eacc-4ec3-9150-b5a9a3e3f82f,Potential Download/Upload Activity Using Type Command,medium,T1105,14,0,0.000824
SigmaHQ,4b991083-3d0e-44ce-8fc4-b254025d8d4b,Unusual Parent Process For Cmd.EXE,medium,T1059,14,0,0.047184
SigmaHQ,b1ec66c6-f4d1-4b5c-96dd-af28ccae7727,New Generic Credentials Added Via Cmdkey.EXE,medium,T1003.005,14,0,0.087009
SigmaHQ,07f8bdc2-c9b3-472a-9817-5a670b872f53,Potential Reconnaissance For Cached Credentials Via Cmdkey.EXE,high,T1003.005,14,0,0.103322
SigmaHQ,f37aba28-a9e6-4045-882c-d5004043b337,Potential Arbitrary File Download Via Cmdl32.EXE,medium,"T1218,T1202",14,0,0.088048
SigmaHQ,7d4cdc5a-0076-40ca-aac8-f7e714570e47,CMSTP Execution Process Creation,high,T1218.003,14,0,0.04374
SigmaHQ,7f3a9c2d-4e8b-4a7f-9d3e-5c6f8a9b2e1d,OpenEDR Spawning Command Shell,medium,"T1059.003,T1021.004,T1219",14,0,0.051765
SigmaHQ,1f0f6176-6482-4027-b151-00071af39d7e,Arbitrary File Download Via ConfigSecurityPolicy.EXE,medium,T1567,14,0,0.138212
SigmaHQ,056c7317-9a09-4bd4-9067-d051312752ea,Powershell Executed From Headless ConHost Process,medium,"T1059.001,T1059.003,T1564.003",14,0,0.086789
SigmaHQ,3037d961-21e9-4732-b27a-637bcc7bf539,Suspicious High IntegrityLevel Conhost Legacy Option,informational,T1202,14,0,0.313689
SigmaHQ,ee5e119b-1f75-4b34-add8-3be976961e39,Conhost.exe CommandLine Path Traversal,high,T1059.003,14,0,0.001241
SigmaHQ,7dc2dedd-7603-461a-bc13-15803d132355,Uncommon Child Process Of Conhost.EXE,medium,T1202,14,0,0.066576
SigmaHQ,dfa03a09-8b92-4d83-8e74-f72839b1c407,Potentially Suspicious Child Processes Spawned by ConHost,high,"T1202,T1218",14,0,0.047655
SigmaHQ,cbb9e3d1-2386-4e59-912e-62f1484f7a89,Conhost Spawned By Uncommon Parent Process,medium,T1059,14,0,0.053298
SigmaHQ,0ba863e6-def5-4e50-9cea-4dd8c7dc46a4,Control Panel Items,high,"T1218.002,T1546",14,0,0.156448
SigmaHQ,0ea8db81-2ff6-4525-9448-33bbe7effc13,New DMSA Service Account Created in Specific OUs,medium,"T1078.002,T1098",14,0,0.238624
SigmaHQ,515c8be5-e5df-4c5e-8f6d-a4a2f05e4b48,CreateDump Process Dump,high,"T1036,T1003.001",14,0,0.129516
SigmaHQ,c17d47b7-dcd6-4109-87eb-d1817bd4cbc9,Windows Credential Guard Registry Tampering Via CommandLine,high,T1685,14,0,0.27099
SigmaHQ,dcaa3f04-70c3-427a-80b4-b870d73c94c4,Dynamic .NET Compilation Via Csc.EXE,medium,T1027.004,14,0,0.06595
SigmaHQ,b730a276-6b63-41b8-bcf8-55930c8fc6ee,Csc.EXE Execution Form Potentially Suspicious Parent,high,"T1059.005,T1059.007,T1218.005,T1027.004",14,0,0.124648
SigmaHQ,40b95d31-1afc-469e-8d34-9a3a667d058e,Suspicious Csi.exe Usage,medium,"T1072,T1218",14,0,0.1812
SigmaHQ,a9e416a8-e613-4f8b-88b8-a7d1d1af2f61,Suspicious Use of CSharp Interactive Console,high,T1127,14,0,0.04722
SigmaHQ,e5d36acd-acb4-4c6f-a13f-9eb203d50099,Active Directory Structure Export Via Csvde.EXE,medium,T1087.002,14,0,0.090315
SigmaHQ,5a6e1e16-07de-48d8-8aae-faa766c05e88,Potential Cookies Session Hijacking,medium,,14,0,0.123815
SigmaHQ,85de1f22-d189-44e4-8239-dc276b45379b,Curl Web Request With Potential Custom User-Agent,medium,,14,0,0.122827
SigmaHQ,9cc85849-3b02-4cb5-b371-3a1ff54f2218,File Download From IP URL Via Curl.EXE,medium,,14,0,0.128972
SigmaHQ,5cb299fc-5fb1-4d07-b989-0644c68b6043,Suspicious File Download From IP Via Curl.EXE,high,,14,0,0.142704
SigmaHQ,56454143-524f-49fb-b1c6-3fb8b1ad41fb,Suspicious File Download From File Sharing Domain Via Curl.EXE,high,,14,0,0.100269
SigmaHQ,cb9cc1d1-e84e-4bdc-b7ad-c31b1b7908ec,Insecure Transfer Via Curl.EXE,medium,,14,0,0.136287
SigmaHQ,2c1486f5-02e8-4f86-9099-b97f2da4ed77,Insecure Proxy/DOH Transfer Via Curl.EXE,medium,,14,0,0.098729
SigmaHQ,aa6f6ea6-0676-40dd-b510-6e46f02d8867,Local File Read Using Curl.EXE,medium,,14,0,0.098371
SigmaHQ,916eb839-895e-47f8-99ee-3008bf377a3e,NTLM Hash Leak Via Curl NTLM Authentication,high,T1187,14,0,0.130707
SigmaHQ,e218595b-bbe7-4ee5-8a96-f32a24ad3468,Suspicious Curl.EXE Download,high,T1105,14,0,0.123012
SigmaHQ,e328cc73-f92a-42fb-b3fa-7c2cffda981a,Curl File Upload To File Sharing Websites,high,T1567.002,14,0,0.129925
SigmaHQ,84b14121-9d14-416e-800b-f3b829c5a14d,Suspicious CustomShellHost Execution,high,T1216,14,0,0.048038
SigmaHQ,6345b048-8441-43a7-9bed-541133633d7a,ManageEngine Endpoint Central Dctask64.EXE Potential Abuse,high,T1055.001,14,0,0.206115
SigmaHQ,b2309017-4235-44fe-b5af-b15363011957,Uncommon Child Process Of Defaultpack.EXE,medium,T1218,14,0,0.04225
SigmaHQ,1e8a9b4d-3c2a-4f9b-8d1e-7c6a5b4f3d2e,PowerShell Defender Threat Severity Default Action Set to 'Allow' or 'NoAction',high,T1685,14,0,0.002809
SigmaHQ,b9e8c7d6-a5f4-4e3d-8b1a-9f0c8d7e6a5b,Windows Defender Context Menu Removed,high,T1685,14,0,0.312367
SigmaHQ,214641c2-c579-4ecb-8427-0cf19df6842e,Remote File Download Via Desktopimgdownldr Utility,medium,T1105,14,0,0.049429
SigmaHQ,bb58aa4a-b80b-415a-a2c0-2f65a4c81009,Suspicious Desktopimgdownldr Command,high,T1105,14,0,0.002109
SigmaHQ,85f520e7-6f5e-43ca-874c-222e5bf9c0de,Devcon Execution Disabling VMware VMCI Device,high,"T1543.003,T1685",14,0,0.099695
SigmaHQ,b8b1b304-a60f-4999-9a6e-c547bde03ffd,DeviceCredentialDeployment Execution,medium,T1218,14,0,0.044874
SigmaHQ,e173ad47-4388-4012-ae62-bd13f71c18a8,Potential DLL Sideloading Via DeviceEnroller.EXE,medium,T1574.001,14,0,0.106532
SigmaHQ,90d50722-0483-4065-8e35-57efaadd354d,Arbitrary MSI Download Via Devinit.EXE,medium,T1218,14,0,0.007664
SigmaHQ,67bc0e75-c0a9-4cfc-8754-84a505b63c04,Potentially Suspicious Child Process Of ClickOnce Application,medium,,14,0,0.05066
SigmaHQ,b4dc61f5-6cce-468e-a608-b48b469feaa2,DirLister Execution,low,T1083,14,0,0.089075
SigmaHQ,0022869c-49f7-4ff2-ba03-85ac42ddac58,System Information Discovery via Registry Queries,low,T1082,14,0,0.150941
SigmaHQ,9f546b25-5f12-4c8d-8532-5893dcb1e4b8,Potentially Suspicious Child Process Of DiskShadow.EXE,medium,T1218,14,0,0.04773
SigmaHQ,1dde5376-a648-492e-9e54-4241dd9b0c7f,Diskshadow Script Mode - Uncommon Script Extension Execution,medium,T1218,14,0,0.089283
SigmaHQ,fa1a7e52-3d02-435b-81b8-00da14dd66c1,Diskshadow Script Mode - Execution From Potential Suspicious Location,medium,T1218,14,0,0.088066
SigmaHQ,7e8f2d3b-9c1a-4f67-b9e8-8d9006e0e51f,PowerShell Web Access Feature Enabled Via DISM,high,T1548.002,14,0,0.087047
SigmaHQ,43e32da2-fdd0-4156-90de-50dfd62636f9,Dism Remove Online Package,medium,T1685,14,0,0.094359
SigmaHQ,ebea773c-a8f1-42ad-a856-00cb221966e8,DLL Sideloading by VMware Xfer Utility,high,T1574.001,14,0,0.048663
SigmaHQ,e7888eb1-13b0-4616-bd99-4bc0c2b054b9,Dllhost.EXE Execution Anomaly,high,T1055,14,0,0.0693
SigmaHQ,98a96a5a-64a0-4c42-92c5-489da3866cb0,DNS Exfiltration and Tunneling Tools Execution,high,"T1048.001,T1071.004,T1132.001",14,0,0.08073
SigmaHQ,a4e3d776-f12e-42c2-8510-9e6ed1f43ec3,Unusual Child Process of dns.exe,high,T1133,14,0,0.04545
SigmaHQ,b6457d63-d2a2-4e29-859d-4e7affc153d1,Potential Discovery Activity Via Dnscmd.EXE,medium,,14,0,0.04448
SigmaHQ,f63b56ee-3f79-4b8a-97fb-5c48007e8573,New DNS ServerLevelPluginDll Installed Via Dnscmd.EXE,high,"T1574.001,T1112",14,0,0.045041
SigmaHQ,81ebd28b-9607-4478-bf06-974ed9d53ed7,Potential Application Whitelisting Bypass via Dnx.EXE,medium,"T1218,T1027.004",14,0,0.040757
SigmaHQ,d80d5c81-04ba-45b4-84e4-92eba40e0ad3,Arbitrary DLL or Csproj Code Execution Via Dotnet.EXE,medium,T1218,14,0,0.090415
SigmaHQ,9257c05b-4a4a-48e5-a670-b7b073cf401b,Binary Proxy Execution Via Dotnet-Trace.EXE,medium,T1218,14,0,0.085491
SigmaHQ,53d8d3e1-ca33-4012-adf3-e05a4d652e34,Process Memory Dump Via Dotnet-Dump,medium,T1218,14,0,0.084528
SigmaHQ,9fc3072c-dc8f-4bf7-b231-18950000fadd,Potential Recon Activity Using DriverQuery.EXE,high,,14,0,0.085959
SigmaHQ,a20def93-0709-4eae-9bd2-31206e21e6b2,DriverQuery.EXE Execution,medium,,14,0,0.085868
SigmaHQ,01c42d3c-242d-4655-85b2-34f1739632f7,Potentially Over Permissive Permissions Granted Using Dsacls.EXE,medium,T1218,14,0,0.085546
SigmaHQ,bac9fb54-2da7-44e9-988f-11e9a5edbc0c,Potential Password Spraying Attempt Using Dsacls.EXE,medium,T1218,14,0,0.0857
SigmaHQ,3bad990e-4848-4a78-9530-b427d854aac0,Domain Trust Discovery Via Dsquery,medium,T1482,14,0,0.08534
SigmaHQ,7124aebe-4cd7-4ccb-8df0-6d6b93c96795,Suspicious Kernel Dump Using Dtrace,high,T1082,14,0,0.090152
SigmaHQ,129966c9-de17-4334-a123-8b58172e664d,Potential Windows Defender AV Bypass Via Dump64.EXE Rename,high,T1003.001,14,0,0.061456
SigmaHQ,dee0a7a3-f200-4112-a99b-952196d81e42,DumpMinitool Execution,medium,"T1036,T1003.001",14,0,0.251484
SigmaHQ,eb1c4225-1c23-4241-8dd4-051389fde4ce,Suspicious DumpMinitool Execution,high,"T1036,T1003.001",14,0,0.260318
SigmaHQ,60f16a96-db70-42eb-8f76-16763e333590,New Capture Session Launched Via DXCap.EXE,medium,T1218,14,0,0.093147
SigmaHQ,7df1713a-1a5b-4a4b-a071-dc83b144a101,Esentutl Gather Credentials,medium,"T1003,T1003.003",14,0,0.001076
SigmaHQ,e7be6119-fc37-43f0-ad4f-1f3f99be2f9f,Copying Sensitive Files with Credential Data,high,"T1003.002,T1003.003",14,0,0.513131
SigmaHQ,6a69f62d-ce75-4b57-8dce-6351eb55b362,Esentutl Steals Browser Information,medium,T1005,14,0,0.089262
SigmaHQ,1a4bd6af-99ac-4466-b5b2-7b72b4a05462,Security Event Logging Disabled via MiniNt Registry Key - Process,high,"T1685.001,T1112",14,0,0.294376
SigmaHQ,be344333-921d-4c4d-8bb8-e584cf584780,Potentially Suspicious Event Viewer Child Process,high,T1548.002,14,0,0.048387
SigmaHQ,9f107a84-532c-41af-b005-8d12a607639f,Potentially Suspicious Cabinet File Expansion,medium,T1218,14,0,0.051572
SigmaHQ,949f1ffb-6e85-4f00-ae1e-c3c5b190d605,Explorer Process Tree Break,medium,T1036,14,0,0.093405
SigmaHQ,c3d76afc-93df-461e-8e67-9b2bad3f2ac4,File Explorer Folder Opened Using Explorer Folder Shortcut Via Shell,high,T1135,14,0,0.130309
SigmaHQ,534f2ef7-e8a2-4433-816d-c91bccde289b,Explorer NOUACCHECK Flag,high,T1548.002,14,0,0.049937
SigmaHQ,587254ee-a24b-4335-b3cd-065c0f1f4baa,Remote File Download Via Findstr.EXE,medium,"T1218,T1564.004,T1552.001,T1105",14,0,0.14779
SigmaHQ,91a2c315-9ee6-4052-a853-6f6a8238f90d,Findstr GPP Passwords,high,T1552.006,14,0,0.19541
SigmaHQ,33339be3-148b-4e16-af56-ad16ec6c7e7b,Findstr Launching .lnk File,medium,"T1036,T1202,T1027.003",14,0,0.17714
SigmaHQ,fe63010f-8823-4864-a96b-a7b4a0f7b929,LSASS Process Reconnaissance Via Findstr.EXE,high,T1552.006,14,0,0.729143
SigmaHQ,47e4bab7-c626-47dc-967b-255608c9a920,Permission Misconfiguration Reconnaissance Via Findstr.EXE,medium,T1552.006,14,0,0.216166
SigmaHQ,ccb5742c-c248-4982-8c5c-5571b9275ad3,Recon Command Output Piped To Findstr.EXE,medium,T1057,14,0,0.282804
SigmaHQ,4fe074b4-b833-4081-8f24-7dcfeca72b42,Security Tools Keyword Lookup Via Findstr.EXE,medium,T1518.001,14,0,0.168331
SigmaHQ,04936b66-3915-43ad-a8e5-809eadfd1141,Insensitive Subfolder Search Via Findstr.EXE,low,"T1218,T1564.004,T1552.001,T1105",14,0,0.139026
SigmaHQ,37db85d1-b089-490a-a59a-c7b6f984f480,Sysmon Discovery Via Default Driver Altitude Using Findstr.EXE,high,T1518.001,14,0,0.173413
SigmaHQ,af491bca-e752-4b44-9c86-df5680533dbc,Finger.EXE Execution,high,T1105,14,0,0.082695
SigmaHQ,4931188c-178e-4ee7-a348-39e8a7a56821,Filter Driver Unloaded Via Fltmc.EXE,medium,"T1070,T1685,T1685.001",14,0,0.091897
SigmaHQ,4d7cda18-1b12-4e52-b45c-d28653210df8,Sysmon Driver Unloaded Via Fltmc.EXE,high,"T1070,T1685,T1685.001",14,0,0.096026
SigmaHQ,f53714ec-5077-420e-ad20-907ff9bb2958,Forfiles.EXE Child Process Masquerading,high,T1036,14,0,0.345479
SigmaHQ,9aa5106d-bce3-4b13-86df-3a20f1d5cf0b,Forfiles Command Execution,medium,T1059,14,0,0.09024
SigmaHQ,9fb6b26e-7f9e-4517-a48b-8cac4a1b6c60,Uncommon FileSystem Load Attempt By Format.com,high,,14,0,0.002404
SigmaHQ,b96b2031-7c17-4473-afe7-a30ce714db29,Use of FSharp Interpreters,medium,T1059,14,0,0.186832
SigmaHQ,63de06b9-a385-40b5-8b32-73f2b9ef84b6,Fsutil Drive Enumeration,low,T1120,14,0,0.086122
SigmaHQ,c0b2768a-dd06-4671-8339-b16ca8d1f27f,Potentially Suspicious NTFS Symlink Behavior Modification,medium,"T1059,T1222.001",14,0,0.22992
SigmaHQ,add64136-62e5-48ea-807e-88638d02df1e,Fsutil Suspicious Invocation,high,"T1070,T1485",14,0,0.08585
SigmaHQ,06b401f4-107c-4ff9-947f-9ec1e7649f1e,Potential Arbitrary Command Execution Via FTP.EXE,medium,"T1059,T1202",14,0,0.127343
SigmaHQ,eee00933-a761-4cd0-be70-c42fe91731e7,Arbitrary File Download Via GfxDownloadWrapper.EXE,medium,T1105,14,0,0.053722
SigmaHQ,aef9d1f1-7396-4e92-a927-4567c7a495c1,Suspicious Git Clone,medium,T1593.003,14,0,0.155395
SigmaHQ,5bac7a56-da88-4c27-922e-c81e113b20cb,Github Self-Hosted Runner Execution,medium,"T1102.002,T1071",14,0,0.171092
SigmaHQ,84b1ecf9-6eff-4004-bafb-bae5c0e251b2,Potentially Suspicious GoogleUpdate Child Process,high,,14,0,0.063802
SigmaHQ,037dcd71-33a8-4392-bb01-293c94663e5a,File Decryption Using Gpg4win,medium,,14,0,0.130601
SigmaHQ,550bbb84-ce5d-4e61-84ad-e590f0024dcd,File Encryption Using Gpg4win,medium,,14,0,0.127203
SigmaHQ,77df53a5-1d78-4f32-bc5a-0e7465bd8f41,Portable Gpg.EXE Execution,medium,T1486,14,0,0.164377
SigmaHQ,e1e0b7d7-e10b-4ee4-ac49-a4bda05d320d,File Encryption/Decryption Via Gpg4win From Suspicious Locations,high,,14,0,0.176507
SigmaHQ,e56d3073-83ff-4021-90fe-c658e0709e72,Gpresult Display Group Policy Information,medium,T1615,14,0,0.045804
SigmaHQ,d65aee4d-2292-4cea-b832-83accd6cfa43,Arbitrary Binary Execution Using GUP Utility,medium,,14,0,0.070243
SigmaHQ,44143844-0631-49ab-97a0-96387d6b2d7c,File Download Using Notepad++ GUP Utility,high,T1105,14,0,0.100205
SigmaHQ,bb0e87ce-c89f-4857-84fa-095e4483e9cb,Suspicious Child Process of Notepad++ Updater - GUP.Exe,high,"T1195.002,T1557",14,0,0.048668
SigmaHQ,0a4f6091-223b-41f6-8743-f322ec84930b,Suspicious GUP Usage,high,T1574.001,14,0,0.047286
SigmaHQ,68c8acb4-1b60-4890-8e82-3ddf7a6dba84,HH.EXE Execution,low,T1218.001,14,0,0.087177
SigmaHQ,f57c58b3-ee69-4ef5-9041-455bf39aaa89,Remote CHM File Download/Execution Via HH.EXE,high,T1218.001,14,0,0.10433
SigmaHQ,52cad028-0ff0-4854-8f67-d25dfcbc78b4,HTML Help HH.EXE Suspicious Child Process,high,"T1047,T1059.001,T1059.003,T1059.005,T1059.007,T1218,T1218.001,T1218.010,T1218.011,T1566,T1566.001",14,0,0.055932
SigmaHQ,e8a95b5e-c891-46e2-b33a-93937d3abc31,Suspicious HH.EXE Execution,high,"T1047,T1059.001,T1059.003,T1059.005,T1059.007,T1218,T1218.001,T1218.010,T1218.011,T1566,T1566.001",14,0,0.088262
SigmaHQ,cd8c163e-a19b-402e-bdd5-419ff5859f12,HackTool - ADCSPwn Execution,high,T1557.001,14,0,0.001231
SigmaHQ,f376c8a7-a2d0-4ddc-aa0c-16c17236d962,HackTool - Bloodhound/Sharphound Execution,high,"T1087.001,T1087.002,T1482,T1069.001,T1069.002,T1059.001",14,0,0.901588
SigmaHQ,b18c9d4c-fac9-4708-bd06-dd5bfacf200f,HackTool - F-Secure C3 Load by Rundll32,critical,T1218.011,14,0,0.053597
SigmaHQ,762f2482-ff21-4970-8939-0aa317a886bb,HackTool - Certify Execution,high,T1649,14,0,0.365459
SigmaHQ,6938366d-8954-4ddc-baff-c830b3ba8fcd,HackTool - Certipy Execution,high,T1649,14,0,0.537856
SigmaHQ,647c7b9e-d784-4fda-b9a0-45c565a7b729,Operator Bloopers Cobalt Strike Commands,high,T1059.003,14,0,0.089716
SigmaHQ,4f154fb6-27d1-4813-a759-78b93e0b9c48,Operator Bloopers Cobalt Strike Modules,high,T1059.003,14,0,0.100431
SigmaHQ,ae9c6a7c-9521-42a6-915e-5aaa8689d529,CobaltStrike Load by Rundll32,high,T1218.011,14,0,0.192741
SigmaHQ,f35c5d71-b489-4e22-a115-f003df287317,Potential CobaltStrike Process Patterns,high,T1059,14,0,0.231882
SigmaHQ,e8d34729-86a4-4140-adfd-0a29c2106307,HackTool - CoercedPotato Execution,high,T1055,14,0,0.207085
SigmaHQ,c260b6db-48ba-4b4a-a76f-2f67644e99d2,HackTool - Covenant PowerShell Launcher,high,"T1059.001,T1564.003",14,0,0.032773
SigmaHQ,42a993dd-bb3e-48c8-b372-4d6684c4106c,HackTool - CrackMapExec Execution,high,"T1047,T1053,T1059.003,T1059.001,T1110,T1201",14,0,0.356897
SigmaHQ,058f4380-962d-40a5-afce-50207d36d7e2,HackTool - CrackMapExec Execution Patterns,high,"T1047,T1053,T1059.003,T1059.001",14,0,0.205502
SigmaHQ,f26307d8-14cd-47e3-a26b-4b4769f24af6,HackTool - CrackMapExec Process Patterns,high,T1003.001,14,0,0.148085
SigmaHQ,6f8b3439-a203-45dc-a88b-abf57ea15ccf,HackTool - CrackMapExec PowerShell Obfuscation,high,"T1059.001,T1027.005",14,0,0.207004
SigmaHQ,36d88494-1d43-4dc0-b3fa-35c8fea0ca9d,HackTool - CreateMiniDump Execution,high,T1003.001,14,0,0.0975
SigmaHQ,d78b5d61-187d-44b6-bf02-93486a80de5a,HackTool - DInjector PowerShell Cradle Execution,critical,T1055,14,0,0.001203
SigmaHQ,d474c8fe-bb69-4ea0-b7d9-f682b56d52d3,HackTool - Doppelanger LSASS Dumper Execution,high,T1003.001,14,0,0.130437
SigmaHQ,2704ab9e-afe2-4854-a3b1-0c0706d03578,HackTool - Dumpert Process Dumper Execution,critical,T1003.001,14,0,0.010496
SigmaHQ,c598cc0c-9e70-4852-b9eb-8921af79f598,Hacktool - EDR-Freeze Execution,high,T1685,14,0,0.424319
SigmaHQ,eb2d07d4-49cb-4523-801a-da002df36602,HackTool - EDRSilencer Execution,high,T1685,14,0,0.131974
SigmaHQ,79f4ede3-402e-41c8-bc3e-ebbf5f162581,HackTool - Empire PowerShell Launch Parameters,high,T1059.001,14,0,0.059211
SigmaHQ,3268b746-88d8-4cd3-bffc-30077d02c787,HackTool - Empire PowerShell UAC Bypass,critical,T1548.002,14,0,0.040776
SigmaHQ,a197e378-d31b-41c0-9635-cfdf1c1bb423,HackTool - WinRM Access Via Evil-WinRM,medium,T1021.006,14,0,0.04663
SigmaHQ,24e3e58a-646b-4b50-adef-02ef935b9fc8,Hacktool Execution - Imphash,critical,"T1588.002,T1003",14,0,0.003987
SigmaHQ,37c1333a-a0db-48be-b64b-7393b2386e3b,Hacktool Execution - PE Metadata,high,"T1588.002,T1003",14,0,0.000897
SigmaHQ,9082ff1f-88ab-4678-a3cc-5bcff99fc74d,HackTool - GMER Rootkit Detector and Remover Execution,high,,14,0,0.169125
SigmaHQ,ca621ba5-54ab-4035-9942-d378e6fcde3c,HackTool - HandleKatz LSASS Dumper Execution,high,T1003.001,14,0,0.177455
SigmaHQ,39b31e81-5f5f-4898-9c0e-2160cfc0f9bf,HackTool - Hashcat Password Cracker Execution,high,T1110.002,14,0,0.088629
SigmaHQ,85d23b42-9a9d-4f8f-b3d7-d2733c1d58f5,HackTool - HollowReaper Execution,high,T1055.012,14,0,0.050614
SigmaHQ,f5e3b62f-e577-4e59-931e-0a15b2b94e1e,HackTool - Htran/NATBypass Execution,high,T1090,14,0,0.180756
SigmaHQ,aaafa146-074c-11eb-adc1-0242ac120002,HackTool - Hydra Password Bruteforce Execution,high,"T1110,T1110.001",14,0,0.001055
SigmaHQ,10c14723-61c7-4c75-92ca-9af245723ad2,HackTool - Potential Impacket Lateral Movement Activity,high,"T1047,T1021.003",14,0,0.262555
SigmaHQ,4627c6ae-6899-46e2-aa0c-6ebcb1becd19,HackTool - Impacket Tools Execution,high,T1557.001,14,0,1.335303
SigmaHQ,cf0c254b-22f1-4b2b-8221-e137b3c0af94,HackTool - Impersonate Execution,medium,"T1134.001,T1134.003",14,0,0.172232
SigmaHQ,b99a1518-1ad5-4f65-bc95-1ffff97a8fd0,HackTool - Inveigh Execution,critical,T1003.001,14,0,0.362683
SigmaHQ,b222df08-0e07-11eb-adc1-0242ac120002,Invoke-Obfuscation CLIP+ Launcher,high,"T1027,T1059.001",14,0,0.007687
SigmaHQ,4bf943c6-5146-4273-98dd-e958fd1e3abf,Invoke-Obfuscation Obfuscated IEX Invocation,high,"T1027,T1059.001",14,0,0.399158
SigmaHQ,6c96fc76-0eb1-11eb-adc1-0242ac120002,Invoke-Obfuscation STDIN+ Launcher,high,"T1027,T1059.001",14,0,0.076446
SigmaHQ,27aec9c9-dbb0-4939-8422-1742242471d0,Invoke-Obfuscation VAR+ Launcher,high,"T1027,T1059.001",14,0,0.059971
SigmaHQ,7eedcc9d-9fdb-4d94-9c54-474e8affc0c7,Invoke-Obfuscation COMPRESS OBFUSCATION,medium,"T1027,T1059.001",14,0,0.002853
SigmaHQ,9c14c9fa-1a63-4a64-8e57-d19280559490,Invoke-Obfuscation Via Stdin,high,"T1027,T1059.001",14,0,0.073564
SigmaHQ,e1561947-b4e3-4a74-9bdd-83baed21bdb5,Invoke-Obfuscation Via Use Clip,high,"T1027,T1059.001",14,0,0.060457
SigmaHQ,ac20ae82-8758-4f38-958e-b44a3140ca88,Invoke-Obfuscation Via Use MSHTA,high,"T1027,T1059.001",14,0,0.009025
SigmaHQ,e9f55347-2928-4c06-88e5-1a7f8169942e,Invoke-Obfuscation VAR++ LAUNCHER OBFUSCATION,high,"T1027,T1059.001",14,0,0.008362
SigmaHQ,0a99eb3e-1617-41bd-b095-13dc767f3def,HackTool - Jlaive In-Memory Assembly Execution,medium,T1059.003,14,0,0.050834
SigmaHQ,5cddf373-ef00-4112-ad72-960ac29bac34,HackTool - Koadic Execution,high,"T1059.003,T1059.005,T1059.007",14,0,0.090327
SigmaHQ,e96253b8-6b3b-4f90-9e59-3b24b99cf9b4,HackTool - KrbRelay Execution,high,T1558.003,14,0,0.216053
SigmaHQ,a7664b14-75fb-4a50-a223-cb9bc0afbacf,HackTool - RemoteKrbRelay Execution,high,T1558.003,14,0,0.300159
SigmaHQ,12827a56-61a4-476a-a9cb-f3068f191073,HackTool - KrbRelayUp Execution,high,"T1558.003,T1550.003",14,0,0.212802
SigmaHQ,c2b86e67-b880-4eec-b045-50bc98ef4844,HackTool - LaZagne Execution,medium,,14,0,1.549943
SigmaHQ,6bd75993-9888-4f91-9404-e1e4e4e34b77,HackTool - LocalPotato Execution,high,,14,0,0.171836
SigmaHQ,15619216-e993-4721-b590-4c520615a67d,Potential Meterpreter/CobaltStrike Activity,high,"T1134.001,T1134.002",14,0,0.048079
SigmaHQ,a642964e-bead-4bed-8910-1bb4d63e3b4d,HackTool - Mimikatz Execution,high,"T1003.001,T1003.002,T1003.004,T1003.005,T1003.006",14,0,0.004061
SigmaHQ,7638e5fe-600c-4289-a968-f49dd537ec7d,HackTool - NetExec Execution,high,"T1018,T1021",14,0,0.046436
SigmaHQ,fca949cc-79ca-446e-8064-01aa7e52ece5,HackTool - PCHunter Execution,high,"T1082,T1057,T1012,T1083,T1007",14,0,0.474115
SigmaHQ,56c217c3-2de2-479b-990f-5c109ba8458f,HackTool - Default PowerSploit/Empire Scheduled Task Creation,high,"T1053.005,T1059.001",14,0,0.106909
SigmaHQ,a34f79a3-8e5f-4cc3-b765-de00695452c2,HackTool - PowerTool Execution,high,T1685,14,0,0.129241
SigmaHQ,ff23ffbc-3378-435e-992f-0624dcf93ab4,HackTool - PurpleSharp Execution,critical,T1587,14,0,0.177089
SigmaHQ,a29808fd-ef50-49ff-9c7a-59a9b040b404,HackTool - Pypykatz Credentials Dumping Activity,high,T1003.002,14,0,0.093339
SigmaHQ,0685b176-c816-4837-8e7b-1216f346636b,HackTool - Quarks PwDump Execution,high,T1003.002,14,0,0.365918
SigmaHQ,95022b85-ff2a-49fa-939a-d7b8f56eeb9b,HackTool - RedMimicry Winnti Playbook Execution,high,"T1106,T1059.003,T1218.011",14,0,0.088597
SigmaHQ,5589ab4f-a767-433c-961d-c91f3f704db1,Potential SMB Relay Attack Tool Execution,critical,T1557.001,14,0,0.962167
SigmaHQ,7ec2c172-dceb-4c10-92c9-87c1881b7e18,HackTool - Rubeus Execution,critical,"T1003,T1558.003,T1550.003",14,0,0.721864
SigmaHQ,b1876533-4ed5-4a83-90f3-b8645840a413,HackTool - SafetyKatz Execution,critical,T1003.001,14,0,0.123522
SigmaHQ,7679d464-4f74-45e2-9e01-ac66c5eb041a,HackTool - SecurityXploded Execution,critical,T1555,14,0,0.122499
SigmaHQ,52ff7941-8211-46f9-84f8-9903efb7077d,HackTool - PPID Spoofing SelectMyParent Tool Execution,high,T1134.004,14,0,0.852993
SigmaHQ,cf93e05e-d798-4d9e-b522-b0248dc61eaf,HackTool - SharpChisel Execution,high,T1090.001,14,0,0.086223
SigmaHQ,c7d33b50-f690-4b51-8cfb-0fb912a31e57,HackTool - SharpDPAPI Execution,high,"T1134.001,T1134.003",14,0,0.452075
SigmaHQ,f89b08d0-77ad-4728-817b-9b16c5a69c7a,HackTool - SharpImpersonation Execution,high,"T1134.001,T1134.003",14,0,0.26277
SigmaHQ,9f8fc146-1d1a-4dbf-b8fd-dfae15e08541,HackTool - SharpLDAPmonitor Execution,medium,,14,0,0.133318
SigmaHQ,26488ad0-f9fd-4536-876f-52fea846a2e4,HackTool - SharPersist Execution,high,T1053,14,0,0.304985
SigmaHQ,bedfc8ad-d1c7-4e37-a20e-e2b0dbee759c,HackTool - SharpEvtMute Execution,high,T1685.001,14,0,0.167843
SigmaHQ,d9367cbb-c2e0-47ce-bdc0-128cb6da898d,HackTool - SharpLdapWhoami Execution,high,T1033,14,0,0.388971
SigmaHQ,055fb54c-a8f4-4aee-bd44-f74cf30a0d9d,HackTool - SharpMove Tool Execution,high,T1021.002,14,0,0.133035
SigmaHQ,38a1ac5f-9c74-47d2-a345-dd6f5eb4e7c8,HKTL - SharpSuccessor Privilege Escalation Tool Execution,high,T1068,14,0,0.181422
SigmaHQ,c484e533-ee16-4a93-b6ac-f0ea4868b2f1,HackTool - SharpUp PrivEsc Tool Execution,critical,"T1615,T1569.002,T1574.005",14,0,0.395107
SigmaHQ,b2317cfa-4a47-4ead-b3ff-297438c0bc2d,HackTool - SharpView Execution,high,"T1049,T1069.002,T1482,T1135,T1033",14,0,3.783565
SigmaHQ,b0ce780f-10bd-496d-9067-066d23dc3aa5,HackTool - SharpWSUS/WSUSpendu Execution,high,T1210,14,0,0.089323
SigmaHQ,03552375-cc2c-4883-bbe4-7958d5a980be,HackTool - SILENTTRINITY Stager Execution,high,T1071,14,0,0.000865
SigmaHQ,42333b2c-b425-441c-b70e-99404a17170f,HackTool - Sliver C2 Implant Activity Pattern,critical,T1059,14,0,0.002321
SigmaHQ,e92a4287-e072-4a40-9739-370c106bb750,HackTool - SOAPHound Execution,high,T1087,14,0,0.005177
SigmaHQ,7a4d9232-92fc-404d-8ce1-4c92e7caf539,HackTool - Stracciatella Execution,high,"T1059,T1685",14,0,0.215284
SigmaHQ,8a7e90c5-fe6e-45dc-889e-057fe4378bd9,HackTool - SysmonEOP Execution,critical,T1068,14,0,0.12973
SigmaHQ,69ca006d-b9a9-47f5-80ff-ecd4d25d481a,HackTool - TruffleSnout Execution,high,T1482,14,0,0.089978
SigmaHQ,d38d2fa4-98e6-4a24-aff1-410b0c9ad177,HackTool - UACMe Akagi Execution,high,T1548.002,14,0,0.94517
SigmaHQ,7aa7009a-28b9-4344-8c1f-159489a390df,HackTool - Windows Credential Editor (WCE) Execution,critical,T1003.001,14,0,0.427307
SigmaHQ,98b53e78-ebaf-46f8-be06-421aafd176d9,HackTool - winPEAS Execution,high,"T1082,T1087,T1046",14,0,0.723734
SigmaHQ,d557dc06-62e8-4468-a8e8-7984124908ce,HackTool - WinPwn Execution,high,"T1046,T1082,T1106,T1518,T1548.002,T1552.001,T1555,T1555.003",14,0,0.170918
SigmaHQ,022eaba8-f0bf-4dd9-9217-4604b0bb3bb0,HackTool - Wmiexec Default Powershell Command,high,,14,0,0.007467
SigmaHQ,589ac73f-8e12-409c-964e-31a2f5775ae2,HackTool - WSASS Execution,high,T1003.001,14,0,0.178419
SigmaHQ,66e563f9-1cbd-4a22-a957-d8b7c0f44372,HackTool - XORDump Execution,high,"T1036,T1003.001",14,0,0.208901
SigmaHQ,90dcf730-1b71-4ae7-9ffc-6fcf62bd0132,Suspicious ZipExec Execution,medium,"T1218,T1202",14,0,0.002334
SigmaHQ,7be5fb68-f9ef-476d-8b51-0256ebece19e,Suspicious Execution of Hostname,low,T1082,14,0,0.042026
SigmaHQ,6225c53a-a96e-4235-b28f-8d7997cd96eb,Hypervisor-protected Code Integrity (HVCI) Related Registry Tampering Via CommandLine,high,T1685,14,0,0.253207
SigmaHQ,023394c4-29d5-46ab-92b8-6a534c6f447b,Suspicious HWP Sub Processes,high,"T1566.001,T1203,T1059.003",14,0,0.048529
SigmaHQ,4e762605-34a8-406d-b72e-c1a089313320,Potential Fake Instance Of Hxtsr.EXE Executed,medium,T1036,14,0,0.046476
SigmaHQ,4ae81040-fc1c-4249-bfa3-938d260214d9,Use Icacls to Hide File to Everyone,medium,T1564.001,14,0,0.096855
SigmaHQ,9801abb8-e297-4dbf-9fbd-57dde0e830ad,File Download And Execution Via IEExec.EXE,high,T1105,14,0,0.105453
SigmaHQ,b2b048b0-7857-4380-b0fb-d3f0ab820b71,Self Extracting Package Creation Via Iexpress.EXE From Potentially Suspicious Location,high,T1218,14,0,0.105375
SigmaHQ,e4ed6030-ffe5-4e6a-8a8a-ab3c1ab9d94e,Disable Windows IIS HTTP Logging,high,T1685.001,14,0,0.104267
SigmaHQ,2d3cdeec-c0db-45b4-aa86-082f7eb75701,Microsoft IIS Service Account Password Dumped,high,T1003,14,0,0.116993
SigmaHQ,9465ddf4-f9e4-4ebd-8d98-702df3a93239,IIS Native-Code Module Command Line Installation,medium,T1505.003,14,0,0.095223
SigmaHQ,7c8af9b2-dcae-41a2-a9db-b28c288b5f08,Suspicious IIS URL GlobalRules Rewrite Via AppCmd,medium,,14,0,0.088598
SigmaHQ,97dbf6e2-e436-44d8-abee-4261b24d3e41,Microsoft IIS Connection Strings Decryption,high,T1003,14,0,0.086966
SigmaHQ,0649be4a-aeb0-45b0-b89e-7f1668f6d9c0,IIS WebServer Log Deletion via CommandLine Utilities,medium,T1070,14,0,0.32313
SigmaHQ,043c4b8b-3a54-4780-9682-081cb6b8185c,Suspicious IIS Module Registration,high,T1505.004,14,0,0.050147
SigmaHQ,850d55f9-6eeb-4492-ad69-a72338f65ba4,C# IL Code Compilation Via Ilasm.EXE,medium,T1127,14,0,0.091954
SigmaHQ,f11f2808-adb4-46c0-802a-8660db50fa99,ImagingDevices Unusual Parent/Child Processes,high,,14,0,0.175386
SigmaHQ,863218bd-c7d0-4c52-80cd-0a96c09f54af,Arbitrary File Download Via IMEWDBLD.EXE,high,T1218,14,0,0.094097
SigmaHQ,ce7cf472-6fcc-490a-9481-3786840b5d9b,InfDefaultInstall.exe .inf Execution,medium,T1218,14,0,0.046872
SigmaHQ,75edd216-1939-4c73-8d61-7f3a0d85b5cc,File Download Via InstallUtil.EXE,medium,T1218,14,0,0.094123
SigmaHQ,d042284c-a296-4988-9be5-f424fadcc28c,Suspicious Execution of InstallUtil Without Log,medium,,14,0,0.04641
SigmaHQ,90fb5e62-ca1f-4e22-b42e-cc521874c938,Suspicious Shells Spawn by Java Utility Keytool,high,,14,0,0.047421
SigmaHQ,cea2b7ea-792b-405f-95a1-b903ea06458f,Suspicious Child Process Of Manage Engine ServiceDesk,high,T1102,14,0,0.053902
SigmaHQ,8f88e3f6-2a49-48f5-a5c4-2f7eedf78710,Java Running with Remote Debugging,medium,T1203,14,0,0.002311
SigmaHQ,0d34ed8b-1c12-4ff2-828c-16fc860b766d,Suspicious Processes Spawned by Java.EXE,high,,14,0,0.048216
SigmaHQ,dff1e1cc-d3fd-47c8-bfc2-aeb878a754c0,Shell Process Spawned by Java.EXE,medium,,14,0,0.050372
SigmaHQ,60bfeac3-0d35-4302-8efb-1dd16f715bc6,Suspicious SysAidServer Child,medium,T1210,14,0,0.087651
SigmaHQ,52788a70-f1da-40dd-8fbd-73b5865d6568,JScript Compiler Execution,low,T1127,14,0,0.082729
SigmaHQ,d047726b-c71c-4048-a99b-2e2f50dc107d,Kavremover Dropped Binary LOLBIN Usage,high,T1127,14,0,0.047811
SigmaHQ,27ee9438-90dc-4bef-904b-d3ef927f5e7e,Windows Kernel Debugger Execution,medium,,14,0,0.09852
SigmaHQ,0ed99dda-6a35-11ef-8c99-0242ac120002,Attempts of Kerberos Coercion Via DNS SPN Spoofing,high,"T1557.001,T1187",14,0,0.001404
SigmaHQ,ca5583e9-8f80-46ac-ab91-7f314d13b984,Potentially Suspicious Child Process of KeyScrambler.exe,medium,"T1203,T1574.001",14,0,0.048871
SigmaHQ,de16d92c-c446-4d53-8938-10aeef41c8b6,Computer Password Change Via Ksetup.EXE,medium,,14,0,0.087679
SigmaHQ,c9783e20-4793-4164-ba96-d9ee483992c4,Logged-On User Password Change Via Ksetup.EXE,medium,,14,0,0.086371
SigmaHQ,4f7a6757-ff79-46db-9687-66501a02d9ec,Active Directory Structure Export Via Ldifde.EXE,medium,,14,0,0.088557
SigmaHQ,6f535e01-ca1f-40be-ab8d-45b19c0c8b7f,Import LDAP Data Interchange Format File Via Ldifde.EXE,medium,"T1218,T1105",14,0,0.084472
SigmaHQ,6e968eb1-5f05-4dac-94e9-fd0c5cb49fd6,Uncommon Link.EXE Parent Process,medium,T1218,14,0,0.048485
SigmaHQ,cc9d3712-6310-4320-b2df-7cb408274d53,Rebuild Performance Counter Values Via Lodctr.EXE,medium,,14,0,0.046731
SigmaHQ,cd1f961e-0b96-436b-b7c6-38da4583ec00,Suspicious Windows Trace ETW Session Tamper Via Logman.EXE,high,"T1685,T1685.005",14,0,0.092484
SigmaHQ,e290b10b-1023-4452-a4a9-eb31a9013b3a,LOLBAS Data Exfiltration by DataSvcUtil.exe,medium,T1567,14,0,0.130867
SigmaHQ,cc268ac1-42d9-40fd-9ed3-8c4e1a5b87e6,Devtoolslauncher.exe Executes Specified Binary,high,T1218,14,0,0.044475
SigmaHQ,6b369ced-4b1d-48f1-b427-fdc0de0790bd,Suspicious Diantz Alternate Data Stream Execution,medium,T1564.004,14,0,0.06907
SigmaHQ,185d7418-f250-42d0-b72e-0c8b70661e93,Suspicious Diantz Download and Compress Into a CAB File,medium,T1105,14,0,0.045892
SigmaHQ,aa8e035d-7be4-48d3-a944-102aec04400d,Suspicious Extrac32 Execution,medium,T1105,14,0,0.126352
SigmaHQ,4b13db67-0c45-40f1-aba8-66a1a7198a1e,Suspicious Extrac32 Alternate Data Stream Execution,medium,T1564.004,14,0,0.069169
SigmaHQ,575dce0c-8139-4e30-9295-1ee75969f7fe,Potential Reconnaissance Activity Via GatherNetworkInfo.VBS,medium,"T1615,T1059.005",14,0,0.169054
SigmaHQ,1e59c230-6670-45bf-83b0-98903780607e,Gpscript Execution,medium,T1218,14,0,0.089727
SigmaHQ,d3bf399f-b0cf-4250-8bb4-dfc192ab81dc,Ie4uinit Lolbin Use From Invalid Path,medium,T1218,14,0,0.120555
SigmaHQ,45d3a03d-f441-458c-8883-df101a3bb146,Launch-VsDevShell.PS1 Proxy Execution,medium,T1216.001,14,0,0.001729
SigmaHQ,c363385c-f75d-4753-a108-c1a8e28bdbda,Potential Manage-bde.wsf Abuse To Proxy Execution,high,T1216,14,0,0.180536
SigmaHQ,4f73421b-5a0b-4bbf-a892-5a7fb99bea66,Mavinject Inject DLL Into Running Process,high,"T1055.001,T1218.013",14,0,0.046863
SigmaHQ,729ce0ea-5d8f-4769-9762-e35de441586d,MpiExec Lolbin,high,T1218,14,0,0.093923
SigmaHQ,646bc99f-6682-4b47-a73a-17b1b64c9d34,Execute Files with Msdeploy.exe,medium,T1218,14,0,0.082216
SigmaHQ,814c95cc-8192-4378-a70a-f1aafd877af1,Use of OpenConsole,medium,T1059,14,0,0.110531
SigmaHQ,cec8e918-30f7-4e2d-9bfa-a59cc97ae60f,OpenWith.exe Executes Specified Binary,high,T1218,14,0,0.048862
SigmaHQ,0955e4e1-c281-4fb9-9ee1-5ee7b4b754d2,Use of Pcalua For Execution,medium,T1059,14,0,0.049747
SigmaHQ,b97cd4b1-30b8-4a9d-bd72-6293928d52bc,Indirect Command Execution By Program Compatibility Wizard,low,T1218,14,0,0.04926
SigmaHQ,6004abd0-afa4-4557-ba90-49d172e0a299,Execute Pcwrun.EXE To Leverage Follina,high,T1218,14,0,0.048215
SigmaHQ,9386d78a-7207-4048-9c9f-a93a7c2d1c05,Code Execution via Pcwutl.dll,medium,T1218.011,14,0,0.093461
SigmaHQ,18988e1b-9087-4f8a-82fe-0414dce49878,Execute Code with Pester.bat as Parent,medium,"T1059.001,T1216",14,0,0.100386
SigmaHQ,59e938ff-0d6d-4dc3-b13f-36cc28734d4e,Execute Code with Pester.bat,medium,"T1059.001,T1216",14,0,0.135961
SigmaHQ,cafeeba3-01da-4ab4-b6c4-a31b1d9730c7,PrintBrm ZIP Creation of Extraction,high,"T1105,T1564.004",14,0,0.058595
SigmaHQ,1fb76ab8-fa60-4b01-bddd-71e89bf555da,Pubprn.vbs Proxy Execution,medium,T1216.001,14,0,0.001926
SigmaHQ,cd3d1298-eb3b-476c-ac67-12847de55813,DLL Execution via Rasautou.exe,medium,T1218,14,0,0.101294
SigmaHQ,1c8774a0-44d4-4db0-91f8-e792359c70bd,REGISTER_APP.VBS Proxy Execution,medium,T1218,14,0,0.001254
SigmaHQ,4eddc365-79b4-43ff-a9d7-99422dc34b93,Use of Remote.exe,medium,T1127,14,0,0.087523
SigmaHQ,9292293b-8496-4715-9db6-37028dcda4b3,Replace.exe Usage,medium,T1105,14,0,0.04604
SigmaHQ,cd71385d-fd9b-4691-9b98-2b1f7e508714,Lolbin Runexehelper Use As Proxy,medium,T1218,14,0,0.043744
SigmaHQ,eca49c87-8a75-4f13-9c73-a5a29e845f03,Suspicious Runscripthelper.exe,medium,"T1059,T1202",14,0,0.045318
SigmaHQ,64760eef-87f7-4ed3-93fd-655668ea9420,Use of Scriptrunner.exe,medium,T1218,14,0,0.088074
SigmaHQ,b2ddd389-f676-4ac4-845a-e00781a48e5f,Using SettingSyncHost.exe as LOLBin,high,T1574.008,14,0,0.12295
SigmaHQ,a85ffc3a-e8fd-4040-93bf-78aff284d801,Use Of The SFTP.EXE Binary As A LOLBIN,medium,T1218,14,0,0.045798
SigmaHQ,a2ea3ae7-d3d0-40a0-a55c-25a45c87cac1,Suspicious Driver Install by pnputil.exe,medium,T1547,14,0,0.212571
SigmaHQ,f14e169e-9978-4c69-acb3-1cff8200bc36,Suspicious GrpConv Execution,high,T1547,14,0,0.089712
SigmaHQ,23ceaf5c-b6f1-4a32-8559-f2ff734be516,Dumping Process via Sqldumper.exe,medium,T1003.001,14,0,0.049378
SigmaHQ,fbd7c32d-db2a-4418-b92c-566eb8911133,SyncAppvPublishingServer Execute Arbitrary PowerShell Code,medium,T1218,14,0,0.098851
SigmaHQ,36475a7d-0f6d-4dce-9b01-6aeb473bbaf1,SyncAppvPublishingServer VBS Execute Arbitrary PowerShell Code,medium,"T1218,T1216",14,0,0.001412
SigmaHQ,148431ce-4b70-403d-8525-fcc2993f29ea,Potential DLL Injection Or Execution Using Tracker.exe,medium,T1055.001,14,0,0.114425
SigmaHQ,b27077d6-23e6-45d2-81a0-e2b356eea5fd,Use of TTDInject.exe,medium,T1127,14,0,0.08604
SigmaHQ,0b4ae027-2a2d-4b93-8c7e-962caaba5b2a,Time Travel Debugging Utility Usage,high,"T1218,T1003.001",14,0,0.044446
SigmaHQ,727454c0-d851-48b0-8b89-385611ab0704,Lolbin Unregmp2.exe Use As Proxy,medium,T1218,14,0,0.088055
SigmaHQ,0403d67d-6227-4ea8-8145-4e72db7da120,UtilityFunctions.ps1 Proxy Dll,medium,T1216,14,0,0.001472
SigmaHQ,7b10f171-7f04-47c7-9fa2-5be43c76e535,Visual Basic Command Line Compiler Usage,high,T1027.004,14,0,0.046939
SigmaHQ,b30a8bc5-e21b-4ca2-9420-0a94019ac56a,Use of VisualUiaVerifyNative.exe,medium,T1218,14,0,0.084185
SigmaHQ,18749301-f1c5-4efc-a4c3-276ff1f5b6f8,Use of VSIISExeLauncher.exe,medium,T1127,14,0,0.086409
SigmaHQ,49be8799-7b4d-4fda-ad23-cafbefdebbc5,Use of Wfc.exe,medium,T1127,14,0,0.08166
SigmaHQ,28c8f68b-098d-45af-8d43-8089f3e35403,Potential Register_App.Vbs LOLScript Abuse,medium,T1218,14,0,0.170093
SigmaHQ,8c0eca51-0f88-4db2-9183-fdfb10c703f9,LSA PPL Protection Setting Modification via CommandLine,medium,T1689,14,0,0.230429
SigmaHQ,c8da0dfd-4ed0-4b68-962d-13c9c884384e,Potential Credential Dumping Via LSASS Process Clone,critical,"T1003,T1003.001",14,0,0.046701
SigmaHQ,3d48c9d3-1aa6-418d-98d3-8fd3c01a564e,Potential Mftrace.EXE Abuse,medium,T1127,14,0,0.043398
SigmaHQ,dcff7e85-d01f-4eb5-badd-84e2e6be8294,Windows Default Domain GPO Modification via GPME,medium,T1484.001,14,0,0.092209
SigmaHQ,f1f3bf22-deb2-418d-8cce-e1a45e46a5bd,MMC20 Lateral Movement,high,T1021.003,14,0,0.051409
SigmaHQ,9cfe4b27-1e56-48b4-b7a8-d46851c91a44,MMC Executing Files with Reversed Extensions Using RTLO Abuse,high,"T1204.002,T1218.014,T1036.002",14,0,0.089462
SigmaHQ,05a2ab7e-ce11-4b63-86db-ab32e763e11d,MMC Spawning Windows Shell,high,T1021.003,14,0,0.046427
SigmaHQ,12fbff88-16b5-4b42-9754-cd001a789fb3,CodePage Modification Via MODE.COM To Russian Language,medium,T1036,14,0,0.002454
SigmaHQ,1dd05363-104e-4b4a-b963-196a534b03a1,Potential Suspicious Mofcomp Execution,high,T1218,14,0,0.089138
SigmaHQ,7002aa10-b8d4-47ae-b5ba-51ab07e228b9,Potential Mpclient.DLL Sideloading Via Defender Binaries,high,T1574.001,14,0,0.085952
SigmaHQ,46123129-1024-423e-9fae-43af4a0fa9a5,File Download Via Windows Defender MpCmpRun.EXE,high,"T1218,T1105",14,0,0.165621
SigmaHQ,9719a8aa-401c-41af-8108-ced7ec9cd75c,Windows Defender Definition Files Removed,high,T1685,14,0,0.085024
SigmaHQ,33be4333-2c6b-44f4-ae28-102cdbde0a31,Suspicious Msbuild Execution By Uncommon Parent Process,medium,,14,0,0.085812
SigmaHQ,9c8c7000-3065-44a8-a555-79bcba5d9955,MSDT Execution Via Answer File,high,T1218,14,0,0.047327
SigmaHQ,258fc8ce-8352-443a-9120-8a11e4857fa5,Potential Arbitrary Command Execution Using Msdt.EXE,high,T1202,14,0,0.109923
SigmaHQ,dc4576d4-7467-424f-9eee-fd2b02855fe0,Suspicious Cabinet File Execution Via Msdt.EXE,medium,T1202,14,0,0.094519
SigmaHQ,7a74da6b-ea76-47db-92cc-874ad90df734,Suspicious MSDT Parent Process,high,"T1036,T1218",14,0,0.500045
SigmaHQ,e84d89c4-f544-41ca-a6af-4b92fd38b023,Arbitrary File Download Via MSEDGE_PROXY.EXE,medium,T1218,14,0,0.100266
SigmaHQ,b98d0db6-511d-45de-ad02-e82a98729620,Remotely Hosted HTA File Executed Via Mshta.EXE,high,T1218.005,14,0,0.103741
SigmaHQ,2c28c248-7f50-417a-9186-a85b223010ee,Wscript Shell Run In CommandLine,medium,T1059,14,0,0.007289
SigmaHQ,67f113fa-e23d-4271-befa-30113b3e08b1,Suspicious JavaScript Execution Via Mshta.EXE,high,T1218.005,14,0,0.093117
SigmaHQ,ed5d72a6-f8f4-479d-ba79-02f6a80d7471,Potential LethalHTA Technique Execution,high,T1218.005,14,0,0.049478
SigmaHQ,03cc0c25-389f-4bf8-b48d-11878079f1ca,Suspicious MSHTA Child Process,high,T1218.005,14,0,0.063002
SigmaHQ,cc7abbd0-762b-41e3-8a26-57ad50d2eea3,MSHTA Execution with Suspicious File Extensions,high,"T1140,T1218.005,T1059.007",14,0,0.097184
SigmaHQ,e32f92d1-523e-49c3-9374-bdb13b46a3ba,Suspicious Mshta.EXE Execution Patterns,high,T1106,14,0,0.221541
SigmaHQ,84f52741-8834-4a8c-a413-2eb2269aa6c8,DllUnregisterServer Function Call Via Msiexec.EXE,medium,T1218.007,14,0,0.092737
SigmaHQ,4a2a2c3e-209f-4d01-b513-4155a540b469,Suspicious MsiExec Embedding Parent,medium,T1218.007,14,0,0.124996
SigmaHQ,6f4191bb-912b-48a8-9ce7-682769541e6d,Suspicious Msiexec Execute Arbitrary DLL,medium,T1218.007,14,0,0.048324
SigmaHQ,79a87aa6-e4bd-42fc-a5bb-5e6fbdcd62f5,Msiexec Quiet Installation,medium,T1218.007,14,0,0.089271
SigmaHQ,8150732a-0c9d-4a99-82b9-9efb9b90c40c,Suspicious Msiexec Quiet Install From Remote Location,medium,T1218.007,14,0,0.099072
SigmaHQ,e22a6eb2-f8a5-44b5-8b44-a2dbd47b1144,Potential MsiExec Masquerading,high,T1036.005,14,0,0.086162
SigmaHQ,f7b5f842-a6af-4da5-9e95-e32478f3cd2f,MsiExec Web Install,medium,"T1218.007,T1105",14,0,0.001108
SigmaHQ,af5732ed-764e-489d-826d-0447c8b36242,Windows MSIX Package Support Framework AI_STUBS Execution,low,"T1218,T1553.005,T1204.002",14,0,0.181833
SigmaHQ,459f2f98-397b-4a4a-9f47-6a5ec2f1c69d,Arbitrary File Download Via MSOHTMED.EXE,medium,T1218,14,0,0.096335
SigmaHQ,3b3c7f55-f771-4dd6-8a6e-08d057a17caf,Arbitrary File Download Via MSPUB.EXE,medium,T1218,14,0,0.095522
SigmaHQ,744a188b-0415-4792-896f-11ddb0588dbc,Potential Process Injection Via Msra.EXE,high,T1055,14,0,0.04682
SigmaHQ,0152550d-3a26-4efd-9f0e-54a0b28ae2f3,Detection of PowerShell Execution via Sqlps.exe,medium,"T1059.001,T1127",14,0,0.131722
SigmaHQ,a746c9b8-a2fb-4ee5-a428-92bee9e99060,SQL Client Tools PowerShell Session Detection,medium,"T1059.001,T1127",14,0,0.143858
SigmaHQ,869b9ca7-9ea2-4a5a-8325-e80e62f75445,Suspicious Child Process Of SQL Server,high,"T1505.003,T1190",14,0,0.058472
SigmaHQ,d55b793d-f847-4eea-b59a-5ab09908ac90,Suspicious Child Process Of Veeam Dabatase,critical,,14,0,0.058991
SigmaHQ,6ba5a05f-b095-4f0a-8654-b825f4f16334,Potential MSTSC Shadowing Activity,high,T1563.002,14,0,0.001269
SigmaHQ,954f0af7-62dd-418f-b3df-a84bc2c7a774,New Remote Desktop Connection Initiated Via Mstsc.EXE,medium,T1021.001,14,0,0.100784
SigmaHQ,5fdce3ac-e7f9-4ecd-a3aa-a4d78ebbf0af,Mstsc.EXE Execution With Local RDP File,low,T1219.002,14,0,0.104144
SigmaHQ,6e22722b-dfb1-4508-a911-49ac840b40f8,Suspicious Mstsc.EXE Execution With Local RDP File,high,T1219.002,14,0,0.099005
SigmaHQ,ff3b6b39-e765-42f9-bb2c-ea6761e0e0f6,Mstsc.EXE Execution From Uncommon Parent,high,,14,0,0.507864
SigmaHQ,9e50a8b3-dd05-4eb8-9153-bdb6b79d50b0,Msxsl.EXE Execution,medium,T1220,14,0,0.043661
SigmaHQ,75d0a94e-6252-448d-a7be-d953dff527bb,Remote XSL Execution Via Msxsl.EXE,high,T1220,14,0,0.052392
SigmaHQ,d95de845-b83c-4a9a-8a6a-4fc802ebf6c0,Suspicious Group And Account Reconnaissance Activity Using Net.EXE,medium,"T1087.001,T1087.002",14,0,0.237177
SigmaHQ,cb7c4a03-2871-43c0-9bbb-18bbdb079896,Unmount Share Via Net.EXE,low,T1070.005,14,0,0.193101
SigmaHQ,2a072a96-a086-49fa-bcb5-15cc5a619093,Start Windows Service Via Net.EXE,low,T1569.002,14,0,0.192436
SigmaHQ,88872991-7445-4a22-90b2-a3adadb0e827,Stop Windows Service Via Net.EXE,low,T1489,14,0,0.188738
SigmaHQ,3abd6094-7027-475f-9630-8ab9be7b9725,Windows Admin Share Mount Via Net.EXE,medium,T1021.002,14,0,0.195442
SigmaHQ,7e6237fe-3ddb-438f-9381-9bf9de5af8d0,Windows Internet Hosted WebDav Share Mount Via Net.EXE,high,T1021.002,14,0,0.208047
SigmaHQ,f117933c-980c-4f78-b384-e3d838111165,Windows Share Mount Via Net.EXE,low,T1021.002,14,0,0.188296
SigmaHQ,1c67a717-32ba-409b-a45d-0fb704a73a81,System Network Connections Discovery Via Net.EXE,low,T1049,14,0,0.189397
SigmaHQ,d4498716-1d52-438f-8084-4a603157d131,Password Provided In Command Line Of Net.EXE,medium,"T1021.002,T1078",14,0,0.19342
SigmaHQ,cd219ff3-fa99-45d4-8380-a7d15116c6dc,New User Created Via Net.EXE,medium,T1136.001,14,0,0.187994
SigmaHQ,b9f0e6f5-09b4-4358-bae4-08408705bd5c,New User Created Via Net.EXE With Never Expire Option,high,T1136.001,14,0,0.215406
SigmaHQ,5b768e71-86f2-4879-b448-81061cbae951,Suspicious Manipulation Of Default Accounts Via Net.EXE,high,T1560.001,14,0,0.230337
SigmaHQ,62510e69-616b-4078-b371-847da438cc03,Share And Session Enumeration Using Net.EXE,low,T1018,14,0,0.191608
SigmaHQ,cd5cfd80-aa5f-44c0-9c20-108c4ae12e3c,New Firewall Rule Added Via Netsh.EXE,medium,T1686.003,14,0,0.103458
SigmaHQ,a35f5a72-f347-4e36-8895-9869b0d5fc6d,Suspicious Program Location Whitelisted In Firewall Via Netsh.EXE,high,T1686.003,14,0,0.09976
SigmaHQ,01aeb693-138d-49d2-9403-c4f52d7d3d62,RDP Connection Allowed Via Netsh.EXE,high,T1686.003,14,0,0.100277
SigmaHQ,1a5fefe6-734f-452e-a07d-fc1c35bce4b2,Firewall Rule Deleted Via Netsh.EXE,medium,T1686.003,14,0,0.106349
SigmaHQ,57c4bf16-227f-4394-8ec7-1b745ee061c3,Firewall Disabled via Netsh.EXE,medium,T1686.003,14,0,0.097643
SigmaHQ,347906f3-e207-4d18-ae5b-a9403d6bcdef,Netsh Allow Group Policy on Microsoft Defender Firewall,medium,T1686.003,14,0,0.098437
SigmaHQ,0e4164da-94bc-450d-a7be-a4b176179f1f,Firewall Configuration Discovery Via Netsh.EXE,low,T1016,14,0,0.099541
SigmaHQ,a70dcb37-3bee-453a-99df-d0c683151be6,Firewall Rule Update Via Netsh.EXE,medium,,14,0,0.097476
SigmaHQ,56321594-9087-49d9-bf10-524fe8479452,Potential Persistence Via Netsh Helper DLL,medium,T1546.007,14,0,0.095965
SigmaHQ,d3c3861d-c504-4c77-ba55-224ba82d0118,New Network Trace Capture Started Via Netsh.EXE,medium,T1040,14,0,0.097201
SigmaHQ,322ed9ec-fcab-4f67-9a34-e7c6aef43614,New Port Forwarding Rule Added Via Netsh.EXE,medium,T1090,14,0,0.111028
SigmaHQ,782d6f3e-4c5d-4b8c-92a3-1d05fed72e63,RDP Port Forwarding Rule Added Via Netsh.EXE,high,T1090,14,0,0.105728
SigmaHQ,42b1a5b8-353f-4f10-b256-39de4467faff,Harvesting Of Wifi Credentials Via Netsh.EXE,medium,T1040,14,0,0.099429
SigmaHQ,903076ff-f442-475a-b667-4f246bcc203b,Nltest.EXE Execution,low,"T1016,T1018,T1482",14,0,0.094985
SigmaHQ,5cc90652-4cbd-4241-aa3b-4b462fa5a248,Potential Recon Activity Via Nltest.EXE,medium,"T1016,T1482",14,0,0.101525
SigmaHQ,6640f31c-01ad-49b5-beb5-83498a5cd8bd,Potential Arbitrary Code Execution Via Node.EXE,high,T1127,14,0,0.056529
SigmaHQ,df1f26d3-bea7-4700-9ea2-ad3e990cf90e,Node Process Executions,medium,"T1127,T1059.007",14,0,0.053498
SigmaHQ,afa71271-6a97-4e47-810f-83120fb1a4ce,New Agent Skills Installation Attempt Via Node.EXE,medium,T1059.007,14,0,0.107213
SigmaHQ,3b4e950b-a3ea-44d3-877e-432071990709,Notepad Password Files Discovery,low,T1083,14,0,0.052781
SigmaHQ,e6313acd-208c-44fc-a0ff-db85d572e90e,Network Reconnaissance Activity,high,"T1087,T1082",14,0,0.001785
SigmaHQ,1b3b01c7-84e9-4072-86e5-fc285a41ff23,Nslookup PowerShell Download Cradle - ProcessCreation,medium,,14,0,0.099083
SigmaHQ,a58353df-af43-4753-bad0-cd83ef35eef5,Suspicious Usage Of Active Directory Diagnostic Tool (ntdsutil.exe),medium,T1003.003,14,0,0.100295
SigmaHQ,2afafd61-6aae-4df4-baed-139fa1f4c345,Invocation of Active Directory Diagnostic Tool (ntdsutil.exe),medium,T1003.003,14,0,0.047373
SigmaHQ,3f5491e2-8db8-496b-9e95-1029fce852d4,Driver/DLL Installation Via Odbcconf.EXE,medium,T1218.008,14,0,0.097818
SigmaHQ,cb0fe7c5-f3a3-484d-aa25-d350a7912729,Suspicious Driver/DLL Installation Via Odbcconf.EXE,high,T1218.008,14,0,0.100286
SigmaHQ,6b65c28e-11f3-46cb-902a-68f2cafaf474,Odbcconf.EXE Suspicious DLL Location,high,T1218.008,14,0,0.100086
SigmaHQ,9f0a8bf3-a65b-440a-8c1e-5cb1547c8e70,New DLL Registered Via Odbcconf.EXE,medium,T1218.008,14,0,0.097235
SigmaHQ,ba4cfc11-d0fa-4d94-bf20-7c332c412e76,Potentially Suspicious DLL Registered Via Odbcconf.EXE,high,T1218.008,14,0,0.09988
SigmaHQ,5f03babb-12db-4eec-8c82-7b4cb5580868,Response File Execution Via Odbcconf.EXE,medium,T1218.008,14,0,0.097284
SigmaHQ,2d32dd6f-3196-4093-b9eb-1ad8ab088ca5,Suspicious Response File Execution Via Odbcconf.EXE,high,T1218.008,14,0,0.101299
SigmaHQ,8e3c7994-131e-4ba5-b6ea-804d49113a26,Uncommon Child Process Spawned By Odbcconf.EXE,medium,T1218.008,14,0,0.047508
SigmaHQ,4ae3e30b-b03f-43aa-87e3-b622f4048eed,Potential Arbitrary File Download Using Office Application,high,T1202,14,0,0.315049
SigmaHQ,551d9c1f-816c-445b-a7a6-7a3864720d60,Potential Excel.EXE DCOM Lateral Movement Via ActivateMicrosoftApp,high,T1021.003,14,0,0.055783
SigmaHQ,f99abdf0-6283-4e71-bd2b-b5c048a94743,Potentially Suspicious Office Document Executed From Trusted Location,high,T1202,14,0,0.106359
SigmaHQ,84b1706c-932a-44c4-ae28-892b28a25b94,OneNote.EXE Execution of Malicious Embedded Scripts,high,T1218.001,14,0,0.054483
SigmaHQ,c27515df-97a9-4162-8a60-dc0eeb51b775,Suspicious Microsoft OneNote Child Process,high,"T1566,T1566.001",14,0,0.053744
SigmaHQ,55f0a3a1-846e-40eb-8273-677371b8d912,Outlook EnableUnsafeClientMailRules Setting Enabled,high,"T1059,T1202",14,0,0.001692
SigmaHQ,a018fdc3-46a3-44e5-9afb-2cd4af1d4b39,Suspicious Execution From Outlook Temporary Folder,high,T1566.001,14,0,0.002273
SigmaHQ,208748f7-881d-47ac-a29c-07ea84bf691d,Suspicious Outlook Child Process,high,T1204.002,14,0,0.054344
SigmaHQ,e212d415-0e93-435f-9e1a-f29005bb4723,Suspicious Remote Child Process From Outlook,high,"T1059,T1202",14,0,0.052262
SigmaHQ,aa3a6f94-890e-4e22-b634-ffdfd54792cc,Suspicious Binary In User Directory Spawned From Office Application,high,T1204.002,14,0,0.324244
SigmaHQ,438025f9-5856-4663-83f7-52f878a70a50,Suspicious Microsoft Office Child Process,high,"T1047,T1204.002,T1218.010",14,0,0.459392
SigmaHQ,f7375e28-5c14-432f-b8d1-1db26c832df3,Potential Arbitrary DLL Load Using Winword,medium,T1202,14,0,0.102863
SigmaHQ,02b18447-ea83-4b1b-8805-714a8a34546a,Potential Mpclient.DLL Sideloading Via OfflineScannerShell.EXE Execution,medium,T1218,14,0,0.137969
SigmaHQ,d679950c-abb7-43a6-80fb-2a480c4fc450,PDQ Deploy Remote Adminstartion Tool Execution,medium,T1072,14,0,0.187755
SigmaHQ,12b8e9f5-96b2-41e1-9a42-8c6779a5c184,Potentially Suspicious Execution Of PDQDeployRunner,medium,,14,0,0.059429
SigmaHQ,f426547a-e0f7-441a-b63e-854ac5bdf54d,Perl Inline Command Execution,medium,T1059,14,0,0.116137
SigmaHQ,d81871ef-5738-47ab-9797-7a9c90cd4bfb,Php Inline Command Execution,medium,T1059,14,0,0.098417
SigmaHQ,1a0d4aba-7668-4365-9ce4-6d79ab088dfd,Ping Hex IP,high,"T1140,T1027",14,0,0.070862
SigmaHQ,f956c7c1-0f60-4bc5-b7d7-b39ab3c08908,PktMon.EXE Execution,medium,T1040,14,0,0.094496
SigmaHQ,48a61b29-389f-4032-b317-b30de6b95314,Suspicious Plink Port Forwarding,high,"T1572,T1021.001",14,0,0.002809
SigmaHQ,f38ce0b9-5e97-4b47-a211-7dc8d8b871da,Potential RDP Tunneling Via Plink,high,T1572,14,0,0.108021
SigmaHQ,f8d6a15e-4bc8-4c27-8e5d-2b10f0b73e5b,Suspicious Powercfg Execution To Change Lock Screen Timeout,medium,,14,0,0.098906
SigmaHQ,c86500e9-a645-4680-98d7-f882c70c1ea3,AADInternals PowerShell Cmdlets Execution - ProccessCreation,high,,14,0,0.452575
SigmaHQ,70bc5215-526f-4477-963c-a47a5c9ebd12,Potential Active Directory Enumeration Using AD Module - ProcCreation,medium,,14,0,0.190956
SigmaHQ,b36d01a3-ddaf-4804-be18-18a6247adfcd,Add Windows Capability Via PowerShell Cmdlet,medium,,14,0,0.181467
SigmaHQ,30edb182-aa75-42c0-b0a9-e998bb29067c,Potential AMSI Bypass Via .NET Reflection,high,T1685,14,0,0.003943
SigmaHQ,92a974db-ab84-457f-9ec0-55db83d7a825,Potential AMSI Bypass Using NULL Bits,medium,T1685,14,0,0.001282
SigmaHQ,932fb0d8-692b-4b0f-a26e-5643a50fe7d6,Audio Capture via PowerShell,medium,T1123,14,0,0.0987
SigmaHQ,ca2092a1-c273-4878-9b4b-0d60115bf5ea,Suspicious Encoded PowerShell Command Line,high,T1059.001,14,0,0.255342
SigmaHQ,b9d9cc83-380b-4ba3-8d8f-60c0e7e2930c,Suspicious PowerShell Encoded Command Patterns,high,T1059.001,14,0,0.251845
SigmaHQ,8d01b53f-456f-48ee-90f6-bc28e67d4e35,Suspicious Obfuscated PowerShell Code,high,,14,0,0.004668
SigmaHQ,fdb62a13-9a81-4e5c-a38f-ea93a16f6d7c,PowerShell Base64 Encoded FromBase64String Cmdlet,high,"T1140,T1059.001",14,0,0.002108
SigmaHQ,f26c6093-6f14-4b12-800f-0fcb46f5ffd0,Malicious Base64 Encoded PowerShell Keywords in Command Lines,high,T1059.001,14,0,0.187648
SigmaHQ,88f680b8-070e-402c-ae11-d2914f2257f1,PowerShell Base64 Encoded IEX Cmdlet,high,T1059.001,14,0,0.004278
SigmaHQ,6385697e-9f1b-40bd-8817-f4a91f40508e,PowerShell Base64 Encoded Invoke Keyword,high,"T1059.001,T1027",14,0,0.222125
SigmaHQ,c6fb44c6-71f5-49e6-9462-1425d328aee3,Powershell Base64 Encoded MpPreference Cmdlet,high,T1685,14,0,0.004359
SigmaHQ,62b7ccc9-23b4-471e-aa15-6da3663c4d59,PowerShell Base64 Encoded Reflective Assembly Load,high,"T1059.001,T1027,T1620",14,0,0.003842
SigmaHQ,9c0295ce-d60d-40bd-bd74-84673b7592b1,Suspicious Encoded And Obfuscated Reflection Assembly Load Function Call,high,"T1059.001,T1027",14,0,0.003797
SigmaHQ,1816994b-42e1-4fb1-afd2-134d88184f71,PowerShell Base64 Encoded WMI Classes,high,"T1059.001,T1027",14,0,0.340326
SigmaHQ,a0459f02-ac51-4c09-b511-b8c9203fc429,Potential Process Execution Proxy Via CL_Invocation.ps1,medium,T1216,14,0,0.000973
SigmaHQ,c57872c7-614f-4d7f-a40d-b78c8df2d30d,Assembly Loading Via CL_LoadAssembly.ps1,medium,T1216,14,0,0.001429
SigmaHQ,1e0e1a81-e79b-44bc-935b-ddb9c8006b3d,Potential Script Proxy Execution Via CL_Mutexverifiers.ps1,medium,T1216,14,0,0.098851
SigmaHQ,74403157-20f5-415d-89a7-c505779585cf,ConvertTo-SecureString Cmdlet Usage Via CommandLine,medium,"T1027,T1059.001",14,0,0.170765
SigmaHQ,b6b49cd1-34d6-4ead-b1bf-176e9edba9a4,Potential PowerShell Obfuscation Via Reversed Commands,high,"T1027,T1059.001",14,0,0.307897
SigmaHQ,d7bcd677-645d-4691-a8d4-7a5602b780d1,Potential PowerShell Command Line Obfuscation,high,"T1027,T1059.001",14,0,0.293213
SigmaHQ,7b6a7418-3afc-11f0-aff4-000d3abf478c,Obfuscated PowerShell MSI Install via WindowsInstaller COM,high,"T1027.010,T1218.007,T1059.001",14,0,0.247438
SigmaHQ,222720a7-047f-4054-baa5-bab9be757db0,PowerShell MSI Install via WindowsInstaller COM From Remote Location,medium,"T1059.001,T1218,T1105",14,0,0.268184
SigmaHQ,435e10e4-992a-4281-96f3-38b11106adde,Computer Discovery And Export Via Get-ADComputer Cmdlet,medium,T1033,14,0,0.168678
SigmaHQ,f4ff7323-b5fc-4323-8b52-6b9408e15788,Potential PowerShell Console History Access Attempt via History File,medium,T1552.001,14,0,0.002006
SigmaHQ,c02e96b7-c63a-4c47-bd83-4a9f74afcfb2,New Service Creation Using PowerShell,low,T1543.003,14,0,0.001205
SigmaHQ,98767d61-b2e8-4d71-b661-e36783ee24c1,Gzip Archive Decode Via PowerShell,medium,T1132.001,14,0,0.001199
SigmaHQ,434c08ba-8406-4d15-8b24-782cb071a691,PowerShell Execution With Potential Decryption Capabilities,high,,14,0,0.104452
SigmaHQ,1ec65a5f-9473-4f12-97da-622044d6df21,Powershell Defender Disable Scan Feature,high,T1685,14,0,0.004709
SigmaHQ,17769c90-230e-488b-a463-e05c08e9d48f,Powershell Defender Exclusion,medium,T1685,14,0,0.002145
SigmaHQ,a7ee1722-c3c5-aeff-3212-c777e4733217,Disable Windows Defender AV Security Monitoring,high,T1685,14,0,0.272322
SigmaHQ,12f6b752-042d-483e-bf9c-915a6d06ad75,Windows Firewall Disabled via PowerShell,medium,T1685,14,0,0.222559
SigmaHQ,fb50eb7a-5ab1-43ae-bcc9-091818cb8424,Disabled IE Security Features,high,T1685,14,0,0.002323
SigmaHQ,b3512211-c67e-4707-bedc-66efc7848863,Potential PowerShell Downgrade Attack,medium,T1059.001,14,0,0.103895
SigmaHQ,02b64f1b-3f33-4e67-aede-ef3b0a5a8fcf,Potential COM Objects Download Cradles Usage - Process Creation,medium,T1105,14,0,0.003981
SigmaHQ,44e24481-6202-4c62-9127-5a0ae8e3fe3d,Obfuscated PowerShell OneLiner Execution,high,"T1059.001,T1685",14,0,0.060264
SigmaHQ,0f0450f3-8b47-441e-a31b-15a91dc243e2,Potential DLL File Download Via PowerShell Invoke-WebRequest,medium,"T1059.001,T1105",14,0,0.049892
SigmaHQ,85b0b087-eddf-4a2b-b033-d771fa2b9775,PowerShell Download and Execution Cradles,high,T1059,14,0,0.039685
SigmaHQ,3b6ab547-8ec2-4991-b9d2-2b06702a48d7,PowerShell Download Pattern,medium,T1059.001,14,0,0.253339
SigmaHQ,b6e04788-29e1-4557-bb14-77f761848ab8,Potentially Suspicious File Download From File Sharing Domain Via PowerShell.EXE,high,,14,0,0.393957
SigmaHQ,43d91656-a9b2-4541-b7e2-6a9bd3a13f4e,DSInternals Suspicious PowerShell Cmdlets,high,T1059.001,14,0,0.004442
SigmaHQ,312d0384-401c-4b8b-abdf-685ffba9a332,Email Exifiltration Via Powershell,high,,14,0,0.095158
SigmaHQ,c740d4cf-a1e9-41de-bb16-8a46a4f57918,Potential Suspicious Windows Feature Enabled - ProcCreation,medium,,14,0,0.026577
SigmaHQ,fb843269-508c-4b76-8b8d-88679db22ce7,Suspicious Execution of Powershell with Base64,medium,T1059.001,14,1,0.132237
SigmaHQ,cdf05894-89e7-4ead-b2b0-0a5f97a90f2f,Potential Encoded PowerShell Patterns In CommandLine,low,"T1027,T1059.001",14,0,0.247339
SigmaHQ,ee218c12-627a-4d27-9e30-d6fb2fe22ed2,Powershell Inline Execution From A File,medium,T1059.001,14,0,0.021833
SigmaHQ,9e716b33-63b2-46da-86a4-bd3c3b9b5dfb,Certificate Exported Via PowerShell,medium,"T1552.004,T1059.001",14,0,0.00126
SigmaHQ,e32d4572-9826-4738-b651-95fa63747e8a,Base64 Encoded PowerShell Command Detected,high,"T1027,T1140,T1059.001",14,0,0.001019
SigmaHQ,d75d6b6b-adb9-48f7-824b-ac2e786efe1f,Suspicious FromBase64String Usage On Gzip Archive - Process Creation,medium,T1132.001,14,0,0.001526
SigmaHQ,b9aeac14-2ffd-4ad3-b967-1354a4e628c3,PowerShell Get-Clipboard Cmdlet Via CLI,medium,T1115,14,0,0.001374
SigmaHQ,c8a180d6-47a3-4345-a609-53f9c3d834fc,Suspicious Reconnaissance Activity Using Get-LocalGroupMember Cmdlet,medium,T1087.001,14,0,0.023875
SigmaHQ,b2815d0d-7481-4bf0-9b6c-a4c48a94b349,PowerShell Get-Process LSASS,high,T1552.004,14,0,0.001556
SigmaHQ,514e4c3a-c77d-4cde-a00f-046425e2301e,Abuse of Service Permissions to Hide Services Via Set-Service,high,T1574.011,14,0,0.096352
SigmaHQ,09576804-7a05-458e-a817-eb718ca91f54,Suspicious PowerShell IEX Execution Patterns,high,T1059.001,14,0,0.362089
SigmaHQ,5f6a601c-2ecb-498b-9c33-660362323afa,Root Certificate Installed From Susp Locations,high,T1553.004,14,0,0.045195
SigmaHQ,c31364f7-8be6-4b77-8483-dd2b5a7b69a3,Import PowerShell Modules From Suspicious Directories - ProcCreation,medium,T1059.001,14,0,0.170655
SigmaHQ,37651c2a-42cd-4a69-ae0d-22a4349aa04a,Unsigned AppX Installation Attempt Using Add-AppxPackage,medium,,14,0,0.194108
SigmaHQ,536e2947-3729-478c-9903-745aaffe60d2,Suspicious PowerShell Invocations - Specific - ProcessCreation,medium,,14,0,0.159764
SigmaHQ,1edff897-9146-48d2-9066-52e8d8f80a2f,Suspicious Invoke-WebRequest Execution With DirectIP,medium,T1105,14,0,0.303335
SigmaHQ,5e3cc4d8-3e68-43db-8656-eaaeefdec9cc,Suspicious Invoke-WebRequest Execution,high,T1105,14,0,0.291871
SigmaHQ,caa9a802-8bd8-4b9e-a5cd-4d6221670219,Suspicious Kerberos Ticket Request via CLI,high,T1558.003,14,0,0.183803
SigmaHQ,889719ef-dd62-43df-86c3-768fb08dc7c0,Suspicious PowerShell Mailbox Export to Share,critical,,14,0,0.001867
SigmaHQ,02030f2f-6199-49ec-b258-ea71b07e03dc,Malicious PowerShell Commandlets - ProcessCreation,high,"T1482,T1087,T1087.001,T1087.002,T1069.001,T1069.002,T1069,T1059.001",14,0,0.821276
SigmaHQ,83809e84-4475-4b69-bc3e-4aad8568612f,MSExchange Transport Agent Installation,medium,T1505.002,14,0,0.001445
SigmaHQ,f4bbd493-b796-416e-bbf2-121235348529,Non Interactive PowerShell Process Spawned,low,T1059.001,14,1,0.226007
SigmaHQ,e312efd0-35a1-407f-8439-b8d434b438a6,Potential PowerShell Obfuscation Via WCHAR/CHAR,high,"T1059.001,T1027",14,0,0.001429
SigmaHQ,fb9d3ff7-7348-46ab-af8c-b55f5fbf39b4,Execution of Powershell Script in Public Folder,high,T1059.001,14,0,0.152767
SigmaHQ,a6fc3c46-23b8-4996-9ea2-573f4c4d88c5,RemoteFXvGPUDisablement Abuse Via AtomicTestHarnesses,high,T1218,14,0,0.011371
SigmaHQ,07e3cb2c-0608-410d-be4b-1511cb1a0448,Tamper Windows Defender Remove-MpPreference,high,T1685,14,0,0.001975
SigmaHQ,edc2f8ae-2412-4dfd-b9d5-0c57727e70be,Potential Powershell ReverseShell Connection,high,T1059.001,14,0,0.181633
SigmaHQ,45a594aa-1fbd-4972-a809-ff5a99dd81b8,Run PowerShell Script from ADS,high,T1564.004,14,0,0.094211
SigmaHQ,c83bf4b5-cdf0-437c-90fa-43d734f7c476,Run PowerShell Script from Redirected Input Stream,high,T1059,14,0,0.129431
SigmaHQ,1af57a4b-460a-4738-9034-db68b880c665,PowerShell SAM Copy,high,T1003.002,14,0,0.021007
SigmaHQ,95eadcb2-92e4-4ed1-9031-92547773a6db,Suspicious PowerShell Invocation From Script Engines,medium,T1059.001,14,0,0.098656
SigmaHQ,a6a39bdb-935c-4f0a-ab77-35f4bbf44d33,Potentially Suspicious Powershell Script Execution From Temp Folder,medium,T1059.001,14,0,0.13016
SigmaHQ,a95b9b42-1308-4735-a1af-abb1c5e6f5ac,Suspicious Service DACL Modification Via Set-Service Cmdlet,high,T1543.003,14,0,0.101335
SigmaHQ,bdeb2cff-af74-4094-8426-724dc937f20a,PowerShell Script Change Permission Via Set-Acl,high,,14,0,0.211193
SigmaHQ,0944e002-e3f6-4eb5-bf69-3a3067b53d73,PowerShell Set-Acl On Windows Folder,high,,14,0,0.180331
SigmaHQ,87e3c4e8-a6a8-4ad9-bb4f-46e7ff99a180,Change PowerShell Policies to an Insecure Level,medium,T1059.001,14,0,0.273495
SigmaHQ,62b20d44-1546-4e61-afce-8e175eb9473c,Service StartupType Change Via PowerShell Set-Service,medium,T1685,14,0,0.094378
SigmaHQ,21ff4ca9-f13a-41ad-b828-0077b2af2e40,Deletion of Volume Shadow Copies via WMI with PowerShell,high,T1490,14,0,0.002834
SigmaHQ,25676e10-2121-446e-80a4-71ff8506af47,Exchange PowerShell Snap-Ins Usage,high,"T1059.001,T1114",14,0,0.195807
SigmaHQ,c49c5062-0966-4170-9efd-9968c913a6cf,Stop Windows Service Via PowerShell Stop-Service,low,T1489,14,0,0.182581
SigmaHQ,e6c54d94-498c-4562-a37c-b469d8e9a275,Suspicious PowerShell Download and Execute Pattern,high,T1059.001,14,0,0.00287
SigmaHQ,36210e0d-5b19-485d-a087-c096088885f0,Suspicious PowerShell Parameter Substring,high,T1059.001,14,0,0.738402
SigmaHQ,754ed792-634f-40ae-b3bc-e0448d33f695,Suspicious PowerShell Parent Process,high,T1059.001,14,0,1.064427
SigmaHQ,ac175779-025a-4f12-98b0-acdaeb77ea85,PowerShell Script Run in AppData,medium,T1059.001,14,0,0.183433
SigmaHQ,deb9b646-a508-44ee-b7c9-d8965921c6b6,Powershell Token Obfuscation - Process Creation,high,T1027.009,14,0,0.210155
SigmaHQ,c443012c-7928-43bf-ac20-7eda5efe61ad,Suspicious Uninstall of Windows Defender Feature via PowerShell,high,T1685,14,0,0.273265
SigmaHQ,1114e048-b69c-4f41-bc20-657245ae6e3f,User Discovery And Export Via Get-ADUser Cmdlet,medium,T1033,14,0,0.185249
SigmaHQ,c86133ad-4725-4bd0-8170-210788e0a7ba,Net WebClient Casing Anomalies,high,T1059.001,14,0,1.033075
SigmaHQ,114de787-4eb2-48cc-abdb-c0b449f93ea4,Suspicious X509Enrollment - Process Creation,medium,T1553.004,14,0,0.002662
SigmaHQ,bb780e0c-16cf-4383-8383-1e5471db6cf9,Suspicious XOR Encoded PowerShell Command,medium,"T1059.001,T1140,T1027",14,0,0.281452
SigmaHQ,85a8e5ba-bd03-4bfb-bbfa-a4409a8f8b98,Folder Compress To Potentially Suspicious Output Via Compress-Archive Cmdlet,medium,T1074.001,14,0,0.077915
SigmaHQ,b124ddf4-778d-418e-907f-6dd3fc0d31cd,Arbitrary File Download Via PresentationHost.EXE,medium,T1218,14,0,0.10761
SigmaHQ,d22e2925-cfd8-463f-96f6-89cec9d9bc5f,XBAP Execution From Uncommon Locations Via PresentationHost.EXE,medium,T1218,14,0,0.102675
SigmaHQ,a20391f8-76fb-437b-abc0-dba2df1952c6,Visual Studio NodejsTools PressAnyKey Arbitrary Binary Execution,medium,T1218,14,0,0.049709
SigmaHQ,2fcda7e2-8c57-4904-86ac-37fc3157e09d,Sensitive File Dump Via Print.EXE,high,"T1003.003,T1003.002,T1218",14,0,0.100426
SigmaHQ,bafac3d6-7de9-4dd9-8874-4a1194b493ed,Abusing Print Executable,medium,T1218,14,0,0.05422
SigmaHQ,104cdb48-a7a8-4ca7-a453-32942c6e5dcb,File Download Using ProtocolHandler.exe,medium,T1218,14,0,0.106988
SigmaHQ,7f5d1c9a-3e83-48df-95a7-2b98aae6c13c,Potential Provlaunch.EXE Binary Proxy Execution Abuse,medium,T1218,14,0,0.053919
SigmaHQ,f9999590-1f94-4a34-a91e-951e47bedefd,Suspicious Provlaunch.EXE Child Process,high,T1218,14,0,0.052569
SigmaHQ,2158f96f-43c2-43cb-952a-ab4580f32382,Screen Capture Activity Via Psr.EXE,medium,T1113,14,0,0.053639
SigmaHQ,f38a82d2-fba3-4781-b549-525efbec8506,PUA - 3Proxy Execution,high,T1572,14,0,0.143726
SigmaHQ,455b9d50-15a1-4b99-853f-8d37655a4c1b,PUA - Suspicious ActiveDirectory Enumeration Via AdFind.EXE,high,T1087.002,14,0,0.003333
SigmaHQ,514e7e3e-b3b4-4a67-af60-be20f139198b,PUA - AdFind.EXE Execution,medium,T1087.002,14,0,0.461049
SigmaHQ,9a132afa-654e-11eb-ae93-0242ac130002,PUA - AdFind Suspicious Execution,high,"T1018,T1087.002,T1482,T1069.002",14,0,0.00401
SigmaHQ,bef37fa2-f205-4a7b-b484-0759bfd5f86f,PUA - Advanced IP Scanner Execution,medium,"T1046,T1135",14,0,0.002166
SigmaHQ,54773c5f-f1cc-4703-9126-2f797d96a69d,PUA - Advanced Port Scanner Execution,medium,"T1046,T1135",14,0,0.002551
SigmaHQ,d2b749ee-4225-417e-b20e-a8d2193cbb84,PUA - AdvancedRun Execution,medium,"T1564.003,T1134.002,T1059.003",14,0,0.180397
SigmaHQ,fa00b701-44c6-4679-994d-5a18afa8a707,PUA - AdvancedRun Suspicious Execution,high,T1134.002,14,0,0.026019
SigmaHQ,8b0e12da-d3c3-49db-bb4f-256703f380e5,PUA - Chisel Tunneling Tool Execution,high,T1090.001,14,0,0.175977
SigmaHQ,f44800ac-38ec-471f-936e-3fa7d9c53100,PUA - CleanWipe Execution,high,T1685,14,0,0.207222
SigmaHQ,2c32b543-1058-4808-91c6-5b31b8bed6c5,PUA - Crassus Execution,high,T1590.001,14,0,0.143145
SigmaHQ,d08a2711-ee8b-4323-bdec-b7d85e892b31,PUA - CsExec Execution,high,"T1587.001,T1569.002",14,0,0.094027
SigmaHQ,f0ca6c24-3225-47d5-b1f5-352bf07ecfa7,PUA - DefenderCheck Execution,high,T1027.005,14,0,0.094711
SigmaHQ,d3b70aad-097e-409c-9df2-450f80dc476b,PUA - DIT Snapshot Viewer,high,T1003.003,14,0,0.094597
SigmaHQ,32410e29-5f94-4568-b6a3-d91a8adad863,PUA - Fast Reverse Proxy (FRP) Execution,high,T1090,14,0,0.275071
SigmaHQ,d7654f02-e04b-4934-9838-65c46f187ebc,PUA- IOX Tunneling Tool Execution,high,T1090,14,0,0.364313
SigmaHQ,e76ca062-4de0-4d79-8d90-160a0d335eca,PUA - Kernel Driver Utility (KDU) Execution,high,T1543.003,14,0,0.15333
SigmaHQ,8a1b2c3d-4e5f-6789-abcd-ef1234567890,PUA - Memory Dump Mount Via MemProcFS,high,"T1003,T1003.001,T1003.004,T1003.002",14,0,0.144869
SigmaHQ,c9192ad9-75e5-43eb-8647-82a0a5b493e3,PUA - Mouse Lock Execution,medium,T1056.002,14,0,0.001927
SigmaHQ,e31033fc-33f0-4020-9a16-faf9b31cbf08,PUA - Netcat Suspicious Execution,high,T1095,14,0,0.611858
SigmaHQ,ca387a8e-1c84-4da3-9993-028b45342d30,PUA - SoftPerfect Netscan Execution,medium,T1046,14,0,0.146524
SigmaHQ,ee37eb7c-a4e7-4cd5-8fa4-efa27f1c3f31,PUA - Ngrok Execution,high,T1572,14,0,0.471959
SigmaHQ,74a12f18-505c-4114-8d0b-8448dd5485c6,PUA - Nimgrab Execution,high,T1105,14,0,0.190482
SigmaHQ,4fd6b1c7-19b8-4488-97f6-00f0924991a3,PUA - NimScan Execution,medium,T1046,14,0,0.189502
SigmaHQ,4e2ed651-1906-4a59-a78a-18220fca1b22,PUA - NirCmd Execution,medium,T1569.002,14,0,0.395127
SigmaHQ,d9047477-0359-48c9-b8c7-792cedcdc9c4,PUA - NirCmd Execution As LOCAL SYSTEM,high,T1569.002,14,0,0.001175
SigmaHQ,f6ecd1cf-19b8-4488-97f6-00f0924991a3,PUA - Nmap/Zenmap Execution,medium,T1046,14,0,0.210026
SigmaHQ,68d37776-61db-42f5-bf54-27e87072d17e,PUA - NPS Tunneling Tool Execution,high,T1090,14,0,0.282162
SigmaHQ,771d1eb5-9587-4568-95fb-9ec44153a012,PUA - NSudo Execution,high,T1569.002,14,0,0.282807
SigmaHQ,b1cb4ab6-ac31-43f4-adf1-d9d08957419c,PUA - PingCastle Execution,medium,T1595,14,0,6.52657
SigmaHQ,b37998de-a70b-4f33-b219-ec36bf433dc0,PUA - PingCastle Execution From Potentially Suspicious Parent,high,T1595,14,0,1.053512
SigmaHQ,811e0002-b13b-4a15-9d00-a613fce66e42,PUA - Process Hacker Execution,medium,"T1622,T1564,T1543",14,0,0.639525
SigmaHQ,5817e76f-4804-41e6-8f1d-5fa0b3ecae2d,PUA - Radmin Viewer Utility Execution,medium,T1072,14,0,0.143428
SigmaHQ,0c92f2e6-f08f-4b73-9216-ecb0ca634689,PUA - Potential PE Metadata Tamper Using Rcedit,medium,"T1036.003,T1036,T1027.005,T1027",14,0,0.192717
SigmaHQ,e37db05d-d1f9-49c8-b464-cee1a4b11638,PUA - Rclone Execution,high,T1567.002,14,0,0.17636
SigmaHQ,6ddff2e8-ea1a-45d0-8938-93dfc1d67ae7,PUA - Restic Backup Tool Execution,high,"T1048,T1567.002",14,0,0.057152
SigmaHQ,93199800-b52a-4dec-b762-75212c196542,PUA - RunXCmd Execution,high,T1569.002,14,0,0.001405
SigmaHQ,38646daa-e78f-4ace-9de0-55547b2d30da,PUA - Seatbelt Execution,high,"T1526,T1087,T1083",14,0,1.009603
SigmaHQ,5722dff1-4bdd-4949-86ab-fbaf707e767a,PUA - System Informer Execution,medium,"T1082,T1564,T1543",14,0,0.373624
SigmaHQ,44030449-b0df-4c94-aae1-502359ab28ee,PUA - TruffleHog Execution,medium,"T1083,T1552.001",14,0,0.481996
SigmaHQ,d0dae994-26c6-4d2d-83b5-b3c8b79ae513,PUA - WebBrowserPassView Execution,medium,T1555.003,14,0,0.099611
SigmaHQ,bdeeabc9-ff2a-4a51-be59-bb253aac7891,PUA - Wsudo Suspicious Execution,high,T1059,14,0,0.420701
SigmaHQ,26d3f0a2-f514-4a3f-a8a7-e7e48a8d9160,PUA - Adidnsdump Execution,low,T1018,14,0,0.054361
SigmaHQ,50a0aa3d-ab16-4594-a8aa-5145a6e6792b,Python One-Liners with Base64 Decoding,high,"T1059.006,T1027.010",14,0,0.003471
SigmaHQ,899133d5-4d7c-4a7f-94ee-27355c879d90,Python Inline Command Execution,medium,T1059,14,0,0.199927
SigmaHQ,480e7e51-e797-47e3-8d72-ebfce65b6d8d,Python Spawning Pretty TTY on Windows,high,T1059,14,0,0.144805
SigmaHQ,5fc297ae-25b6-488a-8f25-cc12ac29b744,Potentially Suspicious Usage Of Qemu,medium,"T1090,T1572",14,0,0.002931
SigmaHQ,53ef0cef-fa24-4f25-a34a-6c72dfa2e6e2,Query Usage To Exfil Data,medium,,14,0,0.053306
SigmaHQ,e20b5b14-ce93-4230-88af-981983ef6e74,QuickAssist Execution,low,T1219.002,14,0,0.048018
SigmaHQ,6f3e2987-db24-4c78-a860-b4f4095a7095,Files Added To An Archive Using Rar.EXE,low,T1560.001,14,0,0.05153
SigmaHQ,faa48cae-6b25-4f00-a094-08947fef582f,Rar Usage with Password and Compression Level,high,T1560.001,14,0,0.07468
SigmaHQ,afe52666-401e-4a02-b4ff-5d128990b8cb,Suspicious Greedy Compression Using Rar.EXE,high,T1059,14,0,0.19963
SigmaHQ,6bba49bf-7f8c-47d6-a1bb-6b4dece4640e,Suspicious RASdial Activity,medium,T1059,14,0,0.050367
SigmaHQ,4b8f6d3a-9c5e-4f2a-a7d8-6b9c3e5f2a8d,RDP Enable or Disable via Win32_TerminalServiceSetting WMI Class,medium,"T1021.001,T1047",14,0,0.293426
SigmaHQ,edadb1e5-5919-4e4c-8462-a9e643b02c4b,Process Memory Dump via RdrLeakDiag.EXE,high,T1003.001,14,0,0.100082
SigmaHQ,db1c21e4-cd66-4b4e-85ca-590f0780529c,Windows Recovery Environment Disabled Via Reagentc,medium,T1490,14,0,0.097902
SigmaHQ,de587dce-915e-4218-aac4-835ca6af6f70,Potential Persistence Attempt Via Run Keys Using Reg.EXE,medium,T1547.001,14,0,0.052688
SigmaHQ,d7662ff6-9e97-4596-a61d-9839e32dee8d,Add SafeBoot Keys Via Reg Utility,high,T1685,14,0,0.099018
SigmaHQ,0e0255bf-2548-47b8-9582-c0955c9283f5,Suspicious Reg Add BitLocker,high,T1486,14,0,0.010814
SigmaHQ,b7966f4a-b333-455b-8370-8ca53c229762,Dropping Of Password Filter DLL,medium,T1556.002,14,0,0.002883
SigmaHQ,48917adc-a28e-4f5d-b729-11e75da8941f,Suspicious Windows Defender Folder Exclusion Added Via Reg.EXE,medium,T1685,14,0,0.053731
SigmaHQ,c11aecef-9c37-45a6-9c07-bc0782f963fd,RunMRU Registry Key Deletion,high,T1070.003,14,0,0.104696
SigmaHQ,fc0e89b5-adb0-43c1-b749-c12a10ec37de,SafeBoot Registry Key Deleted Via Reg.EXE,high,T1685,14,0,0.104025
SigmaHQ,05b2aa93-1210-42c8-8d9a-2fcc13b284f5,Service Registry Key Deleted Via Reg.EXE,high,T1685,14,0,0.103523
SigmaHQ,8cbc9475-8d05-4e27-9c32-df960716c701,Potentially Suspicious Desktop Background Change Using Reg.EXE,medium,"T1112,T1491.001",14,0,0.107295
SigmaHQ,24357373-078f-44ed-9ac4-6d334a668a11,Direct Autorun Keys Modification,medium,T1547.001,14,0,0.103112
SigmaHQ,a1b2c3d4-e5f6-a7b8-c9d0-e1f2a3b4c5d6,Disabling Windows Defender WMI Autologger Session via Reg.exe,high,T1685,14,0,0.105153
SigmaHQ,5e95028c-5229-4214-afae-d653d573d0ec,Security Service Disabled Via Reg.EXE,high,T1685,14,0,0.004561
SigmaHQ,fd877b94-9bb5-4191-bb25-d79cbd93c167,Dumping of Sensitive Hives Via Reg.EXE,high,"T1003.002,T1003.004,T1003.005",14,0,0.102292
SigmaHQ,817f252c-5143-4dae-b418-48c3e9f63728,Windows Recall Feature Enabled Via Reg.EXE,medium,T1113,14,0,0.100293
SigmaHQ,e0b0c2ab-3d52-46d9-8cb7-049dc775fbd1,Enumeration for Credentials in Registry,medium,T1552.002,14,0,0.057063
SigmaHQ,62e0298b-e994-4189-bc87-bc699aa62d97,Potential Suspicious Registry File Imported Via Reg.EXE,medium,T1112,14,0,0.101694
SigmaHQ,28ac00d6-22d9-4a3c-927f-bbd770104573,RestrictedAdminMode Registry Value Tampering - ProcCreation,high,T1112,14,0,0.001928
SigmaHQ,f5240972-3938-4e56-8e4b-e33893176c1f,Suspicious Query of MachineGUID,low,T1082,14,0,0.054075
SigmaHQ,ada4b0c4-758b-46ac-9033-9004613a150d,Modify Group Policy Settings,medium,T1484.001,14,0,0.101802
SigmaHQ,98dedfdd-8333-49d4-9f23-d7018cccae53,Enable LM Hash Storage - ProcCreation,high,T1112,14,0,0.001692
SigmaHQ,970007b7-ce32-49d0-a4a4-fbef016950bd,Potential Configuration And Service Reconnaissance Via Reg.EXE,medium,"T1012,T1007",14,0,0.15393
SigmaHQ,0d5675be-bc88-4172-86d3-1e96a4476536,Potential Tampering With RDP Related Registry Keys Via Reg.EXE,high,"T1021.001,T1112",14,0,0.124398
SigmaHQ,0fc35fc3-efe6-4898-8a37-0b233339524f,Suspicious ScreenSave Change by Reg.exe,medium,T1546.002,14,0,0.057581
SigmaHQ,9b0b7ac3-6223-47aa-a3fd-e8f211e637db,Changing Existing Service ImagePath Value Via Reg.EXE,medium,T1574.011,14,0,0.056931
SigmaHQ,e13f668e-7f95-443d-98d2-1816a7648a7b,Detected Windows Software Discovery,medium,T1518,14,0,0.05162
SigmaHQ,b7e2a8d4-74bb-4b78-adc9-3f92af2d4829,Reg Add Suspicious Paths,high,"T1112,T1685",14,0,0.101107
SigmaHQ,c43a5405-e8e1-4221-9ac9-dbe3fa14e886,System Language Discovery via Reg.Exe,medium,T1614.001,14,0,0.099189
SigmaHQ,7c06ab9b-b1d2-4ba9-b06e-09491ded20d9,System Restore Registry Modification via CommandLine,high,T1490,14,0,0.275213
SigmaHQ,dee4af55-1f22-4e1d-a9d2-4bdc7ecb472a,Disabled Volume Snapshots,high,T1685,14,0,0.002228
SigmaHQ,452bce90-6fb0-43cc-97a5-affc283139b3,Suspicious Windows Defender Registry Key Tampering Via Reg.EXE,high,T1685,14,0,0.104743
SigmaHQ,75f7a0e2-7154-4c4d-9eae-5cdb4e0a5c13,Write Protect For Storage Disabled,medium,T1685,14,0,0.002001
SigmaHQ,651f87f7-12db-47f9-84c5-f27b081b94b6,RegAsm.EXE Execution Without CommandLine Flags or Files,low,T1218.009,14,0,0.123925
SigmaHQ,e9f8f8cc-07cc-4e81-b724-f387db9175e4,Potentially Suspicious Execution Of Regasm/Regsvcs With Uncommon Extension,medium,T1218.009,14,0,0.195037
SigmaHQ,cc368ed0-2411-45dc-a222-510ace303cb2,Potentially Suspicious Execution Of Regasm/Regsvcs From Uncommon Location,medium,T1218.009,14,0,0.192077
SigmaHQ,82880171-b475-4201-b811-e9c826cd5eaa,Exports Critical Registry Keys To a File,high,T1012,14,0,0.098974
SigmaHQ,f0e53e89-8d22-46ea-9db5-9d4796ee2f8a,Exports Registry Key To a File,low,T1012,14,0,0.101507
SigmaHQ,73bba97f-a82d-42ce-b315-9182e76c57b1,Imports Registry Key From a File,medium,T1112,14,0,0.165301
SigmaHQ,0b80ade5-6997-4b1d-99a1-71701778ea61,Imports Registry Key From an ADS,high,T1112,14,0,0.145803
SigmaHQ,883835a7-df45-43e4-bf1d-4268768afda4,Regedit as Trusted Installer,high,T1548,14,0,0.052826
SigmaHQ,77946e79-97f1-45a2-84b4-f37b5c0d8682,Suspicious Registry Modification From ADS Via Regini.EXE,high,T1112,14,0,0.140211
SigmaHQ,5f60740a-f57b-4e76-82a1-15b6ff2cb134,Registry Modification Via Regini.EXE,low,T1112,14,0,0.139045
SigmaHQ,a2910908-e86f-4687-aeba-76a5f996e652,DLL Execution Via Register-cimprovider.exe,medium,T1574,14,0,0.053382
SigmaHQ,87a476dc-0079-4583-a985-dee7a20a03de,Enumeration for 3rd Party Creds From CLI,medium,T1552.002,14,0,0.818618
SigmaHQ,cc1abf27-78a3-4ac5-a51c-f3070b1d8e40,Registry Export of Third-Party Credentials,high,T1552.002,14,0,0.101077
SigmaHQ,10344bb3-7f65-46c2-b915-2d00d47be5b0,IE ZoneMap Setting Downgraded To MyComputer Zone For HTTP Protocols Via CLI,high,,14,0,0.031498
SigmaHQ,ae215552-081e-44c7-805f-be16f975c8a2,Suspicious Debugger Registration Cmdline,high,T1546.008,14,0,0.055344
SigmaHQ,21d856f9-9281-4ded-9377-51a1a6e2a432,Potential Persistence Via Logon Scripts - CommandLine,high,T1037.001,14,0,0.00103
SigmaHQ,baef1ec6-2ca9-47a3-97cc-4cf2bda10b77,Potential Credential Dumping Attempt Using New NetworkProvider - CLI,high,T1003,14,0,0.001909
SigmaHQ,023c654f-8f16-44d9-bb2b-00ff36a62af9,Python Function Execution Security Warning Disabled In Excel,high,T1685,14,0,0.009121
SigmaHQ,0f9c21f1-6a73-4b0e-9809-cb562cb8d981,Potential Privilege Escalation via Service Permissions Weakness,high,T1574.011,14,0,0.025066
SigmaHQ,2a4b3e61-9d22-4e4a-b60f-6e8f0cde6f25,Potential Provisioning Registry Key Abuse For Binary Proxy Execution,high,T1218,14,0,0.011751
SigmaHQ,cf2e938e-9a3e-4fe8-a347-411642b28a9f,Potential PowerShell Execution Policy Tampering - ProcCreation,high,,14,0,0.079536
SigmaHQ,9ec9fb1b-e059-4489-9642-f270c207923d,Hiding User Account Via SpecialAccounts Registry Key - CommandLine,medium,T1564.002,14,0,0.053748
SigmaHQ,ec88289a-7e1a-4cc3-8d18-bd1f60e4b9ba,Persistence Via TypedPaths - CommandLine,medium,,14,0,0.023891
SigmaHQ,b236190c-1c61-41e9-84b3-3fe03f6d76b0,Potential Regsvr32 Commandline Flag Anomaly,medium,T1218.010,14,0,0.055319
SigmaHQ,2dd2c217-bf68-437a-b57c-fe9fd01d5de8,Potentially Suspicious Regsvr32 HTTP IP Pattern,high,T1218.010,14,0,0.108997
SigmaHQ,867356ee-9352-41c9-a8f2-1be690d78216,Potentially Suspicious Regsvr32 HTTP/FTP Pattern,medium,T1218.010,14,0,0.108077
SigmaHQ,88a87a10-384b-4ad7-8871-2f9bf9259ce5,Suspicious Regsvr32 Execution From Remote Share,high,T1218.010,14,0,0.099387
SigmaHQ,6f0947a4-1c5e-4e0d-8ac7-53159b8f23ca,Potentially Suspicious Child Process Of Regsvr32,high,T1218.010,14,0,0.06048
SigmaHQ,9525dc73-0327-438c-8c04-13c0e037e9da,Regsvr32 Execution From Potential Suspicious Location,medium,T1218.010,14,0,0.117593
SigmaHQ,327ff235-94eb-4f06-b9de-aaee571324be,Regsvr32 Execution From Highly Suspicious Location,high,T1218.010,14,0,0.138913
SigmaHQ,089fc3d2-71e8-4763-a8a5-c97fbb0a403e,Regsvr32 DLL Execution With Suspicious File Extension,high,T1218.010,14,0,0.120942
SigmaHQ,ab37a6ec-6068-432b-a64e-2c7bf95b1d22,Scripting/CommandLine Process Spawned Regsvr32,medium,T1218.010,14,0,0.37302
SigmaHQ,50919691-7302-437f-8e10-1fe088afa145,Regsvr32 DLL Execution With Uncommon Extension,medium,T1574,14,0,0.145412
SigmaHQ,b52e84a3-029e-4529-b09b-71d19dd27e94,Remote Access Tool - AnyDesk Execution,medium,T1219.002,14,0,0.245259
SigmaHQ,b1377339-fda6-477a-b455-ac0923f9ec2c,Remote Access Tool - AnyDesk Piped Password Via CLI,medium,T1219.002,14,0,0.05449
SigmaHQ,41f407b5-3096-44ea-a74f-96d04fbc41be,Remote Access Tool - AnyDesk Execution With Known Revoked Signing Certificate,medium,,14,0,0.213296
SigmaHQ,114e7f1c-f137-48c8-8f54-3088c24ce4b9,Remote Access Tool - AnyDesk Silent Installation,high,T1219.002,14,0,0.077923
SigmaHQ,065b00ca-5d5c-4557-ac95-64a6d0b64d86,Remote Access Tool - Anydesk Execution From Suspicious Folder,high,T1219.002,14,0,0.240774
SigmaHQ,b6d98a4f-cef0-4abf-bbf6-24132854a83d,Remote Access Tool - GoToAssist Execution,medium,T1219.002,14,0,0.001502
SigmaHQ,d85873ef-a0f8-4c48-a53a-6b621f11729d,Remote Access Tool - LogMeIn Execution,medium,T1219.002,14,0,0.001647
SigmaHQ,2fbbe9ff-0afc-470b-bdc0-592198339968,Remote Access Tool - Potential MeshAgent Execution - Windows,medium,T1219.002,14,0,0.00111
SigmaHQ,74a2b202-73e0-4693-9a3a-9d36146d0775,Remote Access Tool - MeshAgent Command Execution via MeshCentral,medium,T1219.002,14,0,0.0552
SigmaHQ,758ff488-18d5-4cbe-8ec4-02b6285a434f,Remote Access Tool - NetSupport Execution,medium,T1219.002,14,0,0.191021
SigmaHQ,37e8d358-6408-4853-82f4-98333fca7014,Remote Access Tool - NetSupport Execution From Unusual Location,medium,,14,0,0.191626
SigmaHQ,b471f462-eb0d-4832-be35-28d94bdb4780,Remote Access Tool - Renamed MeshAgent Execution - Windows,high,"T1219.002,T1036.003",14,0,0.102779
SigmaHQ,e01fa958-6893-41d4-ae03-182477c5e77d,Remote Access Tool - RURAT Execution From Unusual Location,medium,,14,0,0.14596
SigmaHQ,57bff678-25d1-4d6c-8211-8ca106d12053,Remote Access Tool - ScreenConnect Execution,medium,T1219.002,14,0,0.017462
SigmaHQ,75bfe6e6-cd8e-429e-91d3-03921e1d7962,Remote Access Tool - ScreenConnect Installation Execution,medium,T1133,14,0,0.001699
SigmaHQ,b1f73849-6329-4069-bc8f-78a604bb8b23,Remote Access Tool - ScreenConnect Remote Command Execution,low,T1059.003,14,0,0.054504
SigmaHQ,7b582f1a-b318-4c6a-bf4e-66fe49bf55a5,Remote Access Tool - ScreenConnect Potential Suspicious Remote Command Execution,medium,T1219.002,14,0,0.059888
SigmaHQ,b19146a3-25d4-41b4-928b-1e2a92641b1b,Remote Access Tool - ScreenConnect Server Web Shell Execution,high,T1190,14,0,0.055233
SigmaHQ,95e60a2b-4705-444b-b7da-ba0ea81a3ee2,Remote Access Tool - Simple Help Execution,medium,T1219.002,14,0,0.100315
SigmaHQ,2db93a3f-3249-4f73-9e68-0e77a0f8ae7e,Remote Access Tool - TacticalRMM Agent Registration to Potentially Attacker-Controlled Server,medium,"T1219,T1105",14,0,0.054021
SigmaHQ,ab70c354-d9ac-4e11-bbb6-ec8e3b153357,Remote Access Tool - Team Viewer Session Started On Windows Host,low,T1133,14,0,0.052949
SigmaHQ,88656cec-6c3b-487c-82c0-f73ebb805503,Remote Access Tool - UltraViewer Execution,medium,T1219.002,14,0,0.143273
SigmaHQ,b243b280-65fe-48df-ba07-6ddea7646427,Discovery of a System Time,low,T1124,14,0,0.148759
SigmaHQ,df55196f-f105-44d3-a675-e9dfb6cc2f2b,Renamed AdFind Execution,high,"T1018,T1087.002,T1482,T1069.002",14,0,1.292474
SigmaHQ,0f16d9cf-0616-45c8-8fad-becc11b5a41c,Renamed AutoHotkey.EXE Execution,medium,,14,0,0.18694
SigmaHQ,f4264e47-f522-4c38-a420-04525d5b880f,Renamed AutoIt Execution,high,T1027,14,0,0.377461
SigmaHQ,36480ae1-a1cb-4eaa-a0d6-29801d7e9142,Potential Defense Evasion Via Binary Rename,medium,T1036.003,14,0,0.4921
SigmaHQ,0ba1da6d-b6ce-4366-828c-18826c9de23e,Potential Defense Evasion Via Rename Of Highly Relevant Binaries,high,T1036.003,14,0,1.004287
SigmaHQ,30d07da2-83ab-45d8-ae75-ec7c0edcaffc,Renamed BOINC Client Execution,medium,T1553,14,0,0.048665
SigmaHQ,8a4519e8-e64a-40b6-ae85-ba8ad2177559,Renamed BrowserCore.EXE Execution,high,"T1528,T1036.003",14,0,0.049675
SigmaHQ,e0c69ebd-b54f-4aed-8ae3-e3467843f3f0,Renamed Cloudflared.EXE Execution,high,T1090.001,14,0,1.73814
SigmaHQ,1a1ed54a-2ba4-4221-94d5-01dee560d71e,Renamed CreateDump Utility Execution,high,"T1036,T1003.001",14,0,0.148771
SigmaHQ,7530cd3d-7671-43e3-b209-976966f6ea48,Renamed CURL.EXE Execution,medium,"T1059,T1202",14,0,0.094346
SigmaHQ,340a090b-c4e9-412e-bb36-b4b16fe96f9b,Renamed ZOHO Dctask64 Execution,high,"T1036,T1055.001,T1202,T1218",14,0,0.173934
SigmaHQ,277a4393-446c-449a-b0ed-7fdc7795244c,Renamed FTP.EXE Execution,medium,"T1059,T1202",14,0,0.048418
SigmaHQ,ec0722a3-eb5c-4a56-8ab2-bf6f20708592,Renamed Gpg.EXE Execution,high,T1486,14,0,0.066109
SigmaHQ,edd8a48c-1b9f-4ba1-83aa-490338cd1ccb,Renamed Jusched.EXE Execution,high,T1036.003,14,0,0.107188
SigmaHQ,e6474a1b-5390-49cd-ab41-8d88655f7394,Renamed Mavinject.EXE Execution,high,"T1055.001,T1218.013",14,0,0.101609
SigmaHQ,643bdcac-8b82-49f4-9fd9-25a90b929f3b,Renamed MegaSync Execution,high,T1218,14,0,0.051599
SigmaHQ,bd1c6866-65fc-44b2-be51-5588fcff82b9,Renamed Msdt.EXE Execution,high,T1036.003,14,0,0.048471
SigmaHQ,88f46b67-14d4-4f45-ac2c-d66984f22191,Renamed Microsoft Teams Execution,medium,,14,0,0.093012
SigmaHQ,0afbd410-de03-4078-8491-f132303cb67d,Renamed NetSupport RAT Execution,high,,14,0,0.136852
SigmaHQ,264982dc-dbad-4dce-b707-1e0d3e0f73d9,Renamed NirCmd.EXE Execution,high,"T1059,T1202",14,0,0.068148
SigmaHQ,0b0cd537-fc77-4e6e-a973-e53495c1083d,Renamed Office Binary Execution,high,T1036.003,14,0,0.728687
SigmaHQ,c4e49831-1496-40cf-8ce1-b53f942b02f9,Renamed PAExec Execution,high,T1202,14,0,0.304251
SigmaHQ,2433a154-bb3d-42e4-86c3-a26bdac91c45,Renamed PingCastle Binary Execution,high,"T1059,T1202",14,0,0.953659
SigmaHQ,1c12727d-02bf-45ff-a9f3-d49806a3cf43,Renamed Plink Execution,high,T1036,14,0,0.099465
SigmaHQ,65c3ca2c-525f-4ced-968e-246a713d164f,Visual Studio NodejsTools PressAnyKey Renamed Execution,medium,T1218,14,0,0.049771
SigmaHQ,2569ed8c-1147-498a-9b8c-2ad3656b10ed,Potential Renamed Rundll32 Execution,high,,14,0,0.050324
SigmaHQ,9ef27c24-4903-4192-881a-3adde7ff92a5,Renamed Remote Utilities RAT (RURAT) Execution,medium,,14,0,0.052359
SigmaHQ,f91e51c9-f344-4b32-969b-0b6f6b8537d4,Renamed Schtasks Execution,high,"T1036.003,T1053.005",14,0,1.381239
SigmaHQ,cd764533-2e07-40d6-a718-cfeec7f2da7f,Renamed SysInternals DebugView Execution,high,T1588.002,14,0,0.049238
SigmaHQ,4a0b2c7e-7cb2-495d-8b63-5f268e7bfd67,Renamed ProcDump Execution,high,T1036.003,14,0,0.477943
SigmaHQ,51ae86a2-e2e1-4097-ad85-c46cb6851de4,Renamed PsExec Service Execution,high,,14,0,0.048384
SigmaHQ,c1d867fe-8d95-4487-aab4-e53f2d339f90,Renamed Sysinternals Sdelete Execution,high,T1485,14,0,0.049035
SigmaHQ,7b4f794b-590a-4ad4-ba18-7964a2832205,Renamed Vmnat.exe Execution,high,T1574.001,14,0,0.049455
SigmaHQ,f1086bf7-a0c4-4a37-9102-01e573caf4a0,Renamed Whoami Execution,critical,T1033,14,0,0.049606
SigmaHQ,93671f99-04eb-4ab4-a161-70d446a84003,Capture Credentials with Rpcping.exe,medium,T1003,14,0,0.110083
SigmaHQ,20a5ffa1-3848-4584-b6f8-c7c7fd9f69c8,Ruby Inline Command Execution,medium,T1059,14,0,0.095077
SigmaHQ,9248c7e1-2bf3-4661-a22c-600a8040b446,Potential Rundll32 Execution With DLL Stored In ADS,high,T1564.004,14,0,0.129765
SigmaHQ,a1473adb-5338-4a20-b4c3-126763e2d3d3,Suspicious Advpack Call Via Rundll32.EXE,high,,14,0,0.141652
SigmaHQ,1cc50f3f-1fc8-4acf-b2e9-6f172e1fdebd,Suspicious Rundll32 Invoking Inline VBScript,high,T1055,14,0,0.055614
SigmaHQ,15bd98ea-55f4-4d37-b09a-e7caa0fa2221,Rundll32 InstallScreenSaver Execution,medium,T1218.011,14,0,0.092495
SigmaHQ,a4694263-59a8-4608-a3a0-6f8d3a51664c,Suspicious Key Manager Access,high,T1555.004,14,0,0.112328
SigmaHQ,4782eb5a-a513-4523-a0ac-f3082b26ac5c,Mshtml.DLL RunHTMLApplication Suspicious Usage,high,,14,0,0.001681
SigmaHQ,1775e15e-b61b-4d14-a1a3-80981298085a,Rundll32 Execution Without CommandLine Parameters,high,T1202,14,0,0.142188
SigmaHQ,bb76d96b-821c-47cf-944b-7ce377864492,Suspicious NTLM Authentication on the Printer Spooler Service,high,T1212,14,0,0.103993
SigmaHQ,43fa5350-db63-4b8f-9a01-789a427074e1,Potential Obfuscated Ordinal Call Via Rundll32,medium,T1027.010,14,0,0.157082
SigmaHQ,1723e720-616d-4ddc-ab02-f7e3685a4713,Rundll32 Spawned Via Explorer.EXE,medium,,14,0,0.055632
SigmaHQ,646ea171-dded-4578-8a4d-65e9822892e3,Process Memory Dump Via Comsvcs.DLL,high,"T1036,T1003.001",14,0,0.193587
SigmaHQ,f1edd233-30b5-4823-9e6a-c4171b24d316,Rundll32 Registered COM Objects,high,T1546.015,14,0,0.094067
SigmaHQ,15b75071-74cc-47e0-b4c6-b43744a62a2b,Suspicious Process Start Locations,medium,T1036,14,0,0.187861
SigmaHQ,285b85b1-a555-4095-8652-a8a4106af63f,Suspicious Rundll32 Setupapi.dll Activity,medium,T1218.011,14,0,0.04821
SigmaHQ,32b96012-7892-429e-b26c-ac2bf46066ff,Shell32 DLL Execution in Suspicious Directory,high,T1218.011,14,0,0.093795
SigmaHQ,82343930-652f-43f5-ab70-2ee9fdd6d5e9,Potential ShellDispatch.DLL Functionality Abuse,medium,,14,0,0.092215
SigmaHQ,caa06de8-fdef-4c91-826a-7f9e163eef4b,RunDLL32 Spawning Explorer,high,T1218.011,14,0,0.054214
SigmaHQ,e593cf51-88db-4ee1-b920-37e89012a3c9,Potentially Suspicious Rundll32 Activity,medium,T1218.011,14,0,1.178295
SigmaHQ,d7eb979b-c2b5-4a6f-a3a7-c87ce6763819,Suspicious Control Panel DLL Load,high,T1218.011,14,0,0.057258
SigmaHQ,4aa6040b-3f28-44e3-a769-9208e5feb5ec,Suspicious Rundll32 Execution With Image Extension,high,T1218.011,14,0,0.099621
SigmaHQ,d87bd452-6da1-456e-8155-7dc988157b7d,Suspicious Usage Of ShellExec_RunDLL,high,,14,0,0.023304
SigmaHQ,8823e85d-31d8-473e-b7f4-92da070f0fc6,Suspicious ShellExec_RunDLL Call Via Ordinal,high,T1218.011,14,0,0.062217
SigmaHQ,b0524451-19af-4efa-a46f-562a977f792e,ShimCache Flush,high,T1112,14,0,0.035192
SigmaHQ,731231b9-0b5d-4219-94dd-abb6959aa7ea,Suspicious Rundll32 Activity Invoking Sys File,high,T1218.011,14,0,0.059978
SigmaHQ,0ea52357-cd59-4340-9981-c46c7e900428,Potentially Suspicious Rundll32.EXE Execution of UDL File,medium,"T1218.011,T1071",14,0,0.050896
SigmaHQ,5cdb711b-5740-4fb2-ba88-f7945027afac,Rundll32 UNC Path Execution,high,"T1021.002,T1218.011",14,0,0.140221
SigmaHQ,c3a99af4-35a9-4668-879e-c09aeb4f2bdf,Rundll32 Execution With Uncommon DLL Extension,medium,T1218.011,14,0,0.130863
SigmaHQ,3b5b0213-0460-4e3f-8937-3abf98ff7dcc,Suspicious Workstation Locking via Rundll32,medium,,14,0,0.094253
SigmaHQ,2dbd9d3d-9e27-42a8-b8df-f13825c6c3d5,WebDav Client Execution Via Rundll32.EXE,medium,T1048.003,14,0,0.049831
SigmaHQ,982e9f2d-1a85-4d5b-aea4-31f5e97c6555,Suspicious WebDav Client Execution Via Rundll32.EXE,high,T1048.003,14,0,0.074301
SigmaHQ,5bb68627-3198-40ca-b458-49f973db8752,Rundll32 Execution Without Parameters,high,"T1021.002,T1570,T1569.002",14,1,0.088617
SigmaHQ,198effb6-6c98-4d0c-9ea3-451fa143c45c,Run Once Task Execution as Configured in Registry,low,T1112,14,0,0.09463
SigmaHQ,d937b75f-a665-4480-88a5-2f20e9f9b22a,Possible Privilege Escalation via Weak Service Permissions,high,T1574.011,14,0,0.053601
SigmaHQ,85ff530b-261d-48c6-a441-facaa2e81e48,New Service Creation Using Sc.EXE,low,T1543.003,14,0,0.076469
SigmaHQ,85c312b7-f44d-4a51-a024-d671c40b49fc,Service StartupType Change Via Sc.EXE,medium,T1685,14,0,0.120105
SigmaHQ,431a1fdb-4799-4f3b-91c3-a683b003fc49,New Kernel Driver Via SC.EXE,medium,T1543.003,14,0,0.059047
SigmaHQ,e83e8899-c9b2-483b-b355-5decc942b959,Interesting Service Enumeration Via Sc.EXE,low,T1003,14,0,0.101265
SigmaHQ,6c8fbee5-dee8-49bc-851d-c3142d02aa47,Allow Service Access Using Security Descriptor Tampering Via Sc.EXE,high,T1543.003,14,0,0.096943
SigmaHQ,99cf1e02-00fb-4c0d-8375-563f978dfd37,Deny Service Access Using Security Descriptor Tampering Via Sc.EXE,high,T1543.003,14,0,0.090235
SigmaHQ,a537cfc3-4297-4789-92b5-345bfd845ad0,Service DACL Abuse To Hide Services Via Sc.EXE,high,T1574.011,14,0,0.091139
SigmaHQ,98c5aeef-32d5-492f-b174-64a691896d25,Service Security Descriptor Tampering Via Sc.EXE,medium,T1574.011,14,0,0.091207
SigmaHQ,138d3531-8793-4f50-a2cd-f291b2863d78,Suspicious Service Path Modification,high,T1543.003,14,0,0.048591
SigmaHQ,38879043-7e1e-47a9-8d46-6bec88e201df,Potential Persistence Attempt Via Existing Service Tampering,medium,"T1543.003,T1574.011",14,0,0.203723
SigmaHQ,81bcb81b-5b1f-474b-b373-52c871aaa7b1,Stop Windows Service Via Sc.EXE,low,T1489,14,0,0.092809
SigmaHQ,c5c00f49-b3f9-45a6-997e-cfdecc6e1967,Suspicious Schtasks Execution AppData Folder,high,"T1053.005,T1059.001",14,0,0.050715
SigmaHQ,1c0e41cd-21bb-4433-9acc-4a2cd6367b9b,Suspicious Modification Of Scheduled Tasks,high,T1053.005,14,0,0.052024
SigmaHQ,92626ddd-662c-49e3-ac59-f6535f12d189,Scheduled Task Creation Via Schtasks.EXE,low,T1053.005,14,0,0.05153
SigmaHQ,39019a4e-317f-4ce3-ae63-309a8c6b53c5,Suspicious Scheduled Task Creation Involving Temp Folder,high,T1053.005,14,0,0.048119
SigmaHQ,1d174d38-8fda-4081-a9b6-56d9763c0cd8,Scheduled Task Creation with Curl and PowerShell Execution Combo,medium,"T1053.005,T1218,T1105",14,0,0.057079
SigmaHQ,dbc1f800-0fe0-4bc0-9c66-292c2abe3f78,Delete Important Scheduled Task,high,T1489,14,0,0.095449
SigmaHQ,220457c1-1c9f-4c2e-afe6-9598926222c1,Delete All Scheduled Tasks,high,T1489,14,0,0.048994
SigmaHQ,9ac94dc8-9042-493c-ba45-3b5e7c86b980,Disable Important Scheduled Task,high,T1489,14,0,0.093025
SigmaHQ,81325ce1-be01-4250-944f-b4789644556f,Schedule Task Creation From Env Variable Or Potentially Suspicious Path Via Schtasks.EXE,medium,T1053.005,14,0,0.106707
SigmaHQ,8a8379b8-780b-4dbf-b1e9-31c8d112fefb,Schtasks From Suspicious Folders,high,T1053.005,14,0,0.092879
SigmaHQ,ff2fff64-4cd6-4a2b-ba7d-e28a30bbe66b,Suspicious Scheduled Task Name As GUID,medium,T1053.005,14,0,0.051996
SigmaHQ,970823b7-273b-460a-8afc-3a6811998529,Uncommon One Time Only Scheduled Task At 00:00,high,T1053.005,14,0,0.113151
SigmaHQ,2daa93a0-a5fb-41c5-8cd8-3c11294bfd1f,Potential SSH Tunnel Persistence Install Using A Scheduled Task,high,T1053.005,14,0,0.097073
SigmaHQ,f548a603-c9f2-4c89-b511-b089f7e94549,Potential Persistence Via Microsoft Compatibility Appraiser,medium,T1053.005,14,0,0.094899
SigmaHQ,b66474aa-bd92-4333-a16c-298155b120df,Potential Persistence Via Powershell Search Order Hijacking - Task,high,"T1053.005,T1059.001",14,0,0.053062
SigmaHQ,86588b36-c6d3-465f-9cee-8f9093e07798,Scheduled Task Executing Payload from Registry,medium,"T1053.005,T1059.001",14,0,0.102235
SigmaHQ,c4eeeeae-89f4-43a7-8b48-8d1bdfa66c78,Scheduled Task Executing Encoded Payload from Registry,high,"T1053.005,T1059.001",14,0,0.097547
SigmaHQ,24c8392b-aa3c-46b7-a545-43f71657fe98,Suspicious Schtasks Schedule Types,high,T1053.005,14,0,0.100712
SigmaHQ,7a02e22e-b885-4404-b38b-1ddc7e65258a,Suspicious Schtasks Schedule Type With High Privileges,medium,T1053.005,14,0,0.094735
SigmaHQ,dd2a821e-3b07-4d3b-a9ac-929fe4c6ca0c,Suspicious Scheduled Task Creation via Masqueraded XML File,medium,"T1036.005,T1053.005",14,0,0.100505
SigmaHQ,f2c64357-b1d2-41b7-849f-34d2682c0fad,Suspicious Command Patterns In Scheduled Task Creation,high,T1053.005,14,0,0.102492
SigmaHQ,89ca78fd-b37c-4310-b3d3-81a023f83936,Schtasks Creation Or Modification With SYSTEM Privileges,high,T1053.005,14,0,0.060921
SigmaHQ,9f8573c9-22b4-40e3-89c1-72bc2b8d49ab,Scheduled Task Creation Masquerading as System Processes,high,"T1053.005,T1036.004,T1036.005",14,0,0.101683
SigmaHQ,f6d1dd2f-b8ce-40ca-bc23-062efb686b34,Script Event Consumer Spawning Process,high,T1047,14,0,0.052545
SigmaHQ,517490a7-115a-48c6-8862-1a481504d5a8,Potential Shim Database Persistence via Sdbinst.EXE,medium,T1546.011,14,0,0.100029
SigmaHQ,18ee686c-38a3-4f65-9f44-48a077141f42,Uncommon Extension Shim Database Installation Via Sdbinst.EXE,medium,T1546.011,14,0,0.131823
SigmaHQ,da2738f2-fadb-4394-afa7-0a0674885afa,Sdclt Child Processes,medium,T1548.002,14,0,0.046983
SigmaHQ,f3d39c45-de1a-4486-a687-ab126124f744,Sdiagnhost Calling Suspicious Child Process,high,"T1036,T1218",14,0,0.055427
SigmaHQ,c2c76b77-32be-4d1f-82c9-7e544bdfe0eb,Potential Suspicious Activity Using SeCEdit,medium,"T1685.001,T1547.001,T1505.005,T1556.002,T1685,T1574.007,T1564.002,T1546.008,T1546.007,T1547.014,T1547.010,T1547.002,T1557,T1082",14,0,0.096067
SigmaHQ,ba3874b9-0fae-465f-836c-eb5d071a1789,NodeJS Execution of JavaScript File,low,T1059.007,14,0,0.132726
SigmaHQ,58f4ea09-0fc2-4520-ba18-b85c540b0eaf,Suspicious Serv-U Process Pattern,high,T1555,14,0,0.04802
SigmaHQ,835e75bf-4bfd-47a4-b8a6-b766cac8bcb7,Uncommon Child Process Of Setres.EXE,high,"T1218,T1202",14,0,0.04955
SigmaHQ,1eeed653-dbc8-4187-ad0c-eeebb20e6599,Potential SPN Enumeration Via Setspn.EXE,medium,T1558.003,14,0,0.137856
SigmaHQ,99c8be4f-3087-4f9f-9c24-8c7e257b442e,Setup16.EXE Execution With Custom .Lst File,medium,T1574.005,14,0,0.073154
SigmaHQ,762bb580-79b4-40f4-8b9e-9349ce1710f4,Indirect Command Execution via SFTP ProxyCommand,medium,T1202,14,0,0.051092
SigmaHQ,34ebb878-1b15-4895-b352-ca2eeb99b274,Suspicious Execution of Shutdown,medium,T1529,14,0,0.044255
SigmaHQ,ec290c06-9b6b-4338-8b6b-095c0f284f10,Suspicious Execution of Shutdown to Log Out,medium,T1529,14,0,0.043027
SigmaHQ,7d4aaec2-08ed-4430-8b96-28420e030e04,Uncommon Sigverif.EXE Child Process,medium,T1216,14,0,0.045775
SigmaHQ,ba42babc-0666-4393-a4f7-ceaf5a69191e,Uncommon Child Processes Of SndVol.exe,medium,,14,0,0.046794
SigmaHQ,83865853-59aa-449e-9600-74b9d89a6d6e,Audio Capture via SoundRecorder,medium,T1123,14,0,0.046166
SigmaHQ,78f10490-f2f4-4d19-a75b-4e0683bf3b8d,Suspicious Speech Runtime Binary Child Process,high,"T1021.003,T1218",14,0,0.042421
SigmaHQ,1f1a8509-2cbb-44f5-8751-8e1571518ce2,Suspicious Splwow64 Without Params,high,T1202,14,0,0.047618
SigmaHQ,dcdbc940-0bff-46b2-95f3-2d73f848e33b,Suspicious Spool Service Child Process,high,"T1203,T1068",14,0,0.05561
SigmaHQ,696bfb54-227e-4602-ac5b-30d9d2053312,Veeam Backup Database Suspicious Query,medium,T1005,14,0,0.052646
SigmaHQ,b57ba453-b384-4ab9-9f40-1038086b4e53,VeeamBackup Database Credentials Dump Via Sqlcmd.EXE,high,T1005,14,0,0.045044
SigmaHQ,24c77512-782b-448a-8950-eddb0785fc71,SQLite Chromium Profile Data DB Access,high,"T1539,T1555.003,T1005",14,0,0.128516
SigmaHQ,4833155a-4053-4c9c-a997-777fcea0baa7,SQLite Firefox Profile Data DB Access,high,"T1539,T1005",14,0,0.124482
SigmaHQ,1e75c1cc-c5d4-42aa-ac3d-91b0b68b3b4c,Arbitrary File Download Via Squirrel.EXE,medium,T1218,14,0,0.105216
SigmaHQ,45239e6a-b035-4aaf-b339-8ad379fcb67e,Process Proxy Execution Via Squirrel.EXE,medium,T1218,14,0,0.089579
SigmaHQ,327f48c1-a6db-4eb8-875a-f6981f1b0183,Port Forwarding Activity Via SSH.EXE,medium,"T1572,T1021.001,T1021.004",14,0,0.042752
SigmaHQ,7d6d30b8-5b91-4b90-a891-46cccaf29598,Program Executed Using Proxy/Local Command Via SSH.EXE,medium,T1218,14,0,0.461283
SigmaHQ,f7d7ebd5-a016-46e2-9c54-f9932f2d386d,Potential RDP Tunneling Via SSH,high,T1572,14,0,0.044524
SigmaHQ,d20ee2f4-822c-4827-9e15-41500b1fff10,Potential Amazon SSM Agent Hijacking,medium,T1219.002,14,0,0.045327
SigmaHQ,961e0abb-1b1e-4c84-a453-aafe56ad0d34,Execution via stordiag.exe,high,T1218,14,0,0.048777
SigmaHQ,16905e21-66ee-42fe-b256-1318ada2d770,Start of NT Virtual DOS Machine,medium,,14,0,0.083934
SigmaHQ,d522eca2-2973-4391-a3e0-ef0374321dae,Abused Debug Privilege by Arbitrary Parent Processes,high,T1548,14,0,0.353142
SigmaHQ,ad720b90-25ad-43ff-9b5e-5c841facc8e5,User Added to Local Administrators Group,medium,T1098,14,0,0.002555
SigmaHQ,10fb649c-3600-4d37-b1e6-56ea90bb7e09,User Added To Highly Privileged Group,high,T1098,14,0,0.002611
SigmaHQ,ffa28e60-bdb1-46e0-9f82-05f7a61cc06e,User Added to Remote Desktop Users Group,high,"T1133,T1136.001,T1021.001",14,0,0.024794
SigmaHQ,7f43c430-5001-4f8b-aaa9-c3b88f18fa5c,Execute From Alternate Data Streams,medium,T1564.004,14,0,0.002219
SigmaHQ,cd951fdc-4b2f-47f5-ba99-a33bf61e3770,Always Install Elevated Windows Installer,medium,T1548.002,14,0,0.101906
SigmaHQ,f91ed517-a6ba-471d-9910-b3b4a398c0f3,Potentially Suspicious Windows App Activity,medium,,14,0,0.052703
SigmaHQ,24de4f3b-804c-4165-b442-5a06a2302c7e,Arbitrary Shell Command Execution Via Settingcontent-Ms,medium,"T1204,T1566.001",14,0,0.001382
SigmaHQ,fcdf69e5-a3d3-452a-9724-26f2308bf2b1,Phishing Pattern ISO in Archive,high,T1566,14,0,0.12703
SigmaHQ,f576a613-2392-4067-9d1a-9345fb58d8d1,Automated Collection Command Prompt,medium,"T1119,T1552.001",14,0,0.40299
SigmaHQ,a7c3d773-caef-227e-a7e7-c2f13c622329,Bad Opsec Defaults Sacrificial Processes With Improper Arguments,high,T1218.011,14,0,0.243421
SigmaHQ,1193d960-2369-499f-a158-7b50a31df682,Potential Suspicious Browser Launch From Document Reader Process,medium,T1204.002,14,0,0.145268
SigmaHQ,590a5f4c-6c8c-4f10-8307-89afe9453a9d,Suspicious Child Process Created as System,high,T1134.002,14,0,0.400218
SigmaHQ,f0cdd048-82dc-4f7a-8a7a-b87a52b6d0fd,Potential Commandline Obfuscation Using Escape Characters,medium,T1140,14,0,0.120387
SigmaHQ,584bca0f-3608-4402-80fd-4075ff6072e3,Potential CommandLine Obfuscation Using Unicode Characters From Suspicious Image,high,T1027,14,0,0.270101
SigmaHQ,d487ed4a-fd24-436d-a0b2-f4e95f7b2635,Suspicious ClickFix/FileFix Execution Pattern,high,"T1204.001,T1204.004",14,0,0.055882
SigmaHQ,3ae9974a-eb09-4044-8e70-8980a50c12c8,Suspicious Explorer Process with Whitespace Padding - ClickFix/FileFix,high,"T1204.004,T1027.010",14,0,0.051362
SigmaHQ,2782fbd8-b662-4eb5-9962-5bfbfb671e7b,Suspicious Usage of For Loop with Recursive Directory Search in CMD,medium,"T1059.003,T1027.010",14,0,0.001299
SigmaHQ,1327381e-6ab0-4f38-b583-4c1b8346a56b,Potential Command Line Path Traversal Evasion Attempt,medium,T1036,14,0,0.110106
SigmaHQ,47147b5b-9e17-4d76-b8d2-7bac24c5ce1b,Potential Browser Data Stealing,medium,T1555.003,14,0,0.555204
SigmaHQ,855bc8b5-2ae8-402e-a9ed-b889e6df1900,Copy From Or To Admin Share Or Sysvol Folder,medium,"T1039,T1048,T1021.002",14,0,0.088101
SigmaHQ,fff9d2b7-e11c-4a69-93d3-40ef66189767,Suspicious Copy From or To System Directory,medium,T1036.003,14,0,0.443437
SigmaHQ,f5d19838-41b5-476c-98d8-ba8af4929ee2,LOL-Binary Copied From System Directory,high,T1036.003,14,0,0.332466
SigmaHQ,66c3b204-9f88-4d0a-a7f7-8a57d521ca55,Potential Crypto Mining Activity,high,T1496,14,0,0.004176
SigmaHQ,7d1aaf3d-4304-425c-b7c3-162055e0b3ab,Potential Data Exfiltration Activity Via CommandLine Tools,high,T1059.001,14,0,0.396966
SigmaHQ,a31eeaed-3fd5-478e-a8ba-e62c6b3f9ecc,Raccine Uninstall,high,T1685,14,0,0.139386
SigmaHQ,1cdd9a09-06c9-4769-99ff-626e2b3991b8,Suspicious Double Extension File Execution,high,T1566.001,14,0,1.204641
SigmaHQ,5e6a80c8-2d45-4633-9ef4-fa2671a39c5c,Suspicious Parent Double Extension File Execution,high,T1036.007,14,0,0.003369
SigmaHQ,00d49ed5-4491-4271-a8db-650a4ef6f8c1,Suspicious Download from Office Domain,high,"T1105,T1608",14,0,0.456645
SigmaHQ,4f647cfa-b598-4e12-ad69-c68dd16caef8,DumpStack.log Defender Evasion,critical,,14,0,0.001537
SigmaHQ,1e53dd56-8d83-4eb4-a43e-b790a05510aa,Always Install Elevated MSI Spawned Cmd And Powershell,medium,T1548.002,14,0,0.292359
SigmaHQ,f26eb764-fd89-464b-85e2-dc4a8e6e77b8,Suspicious Electron Application Child Processes,medium,,14,0,0.35195
SigmaHQ,378a05d8-963c-46c9-bcce-13c7657eac99,Potentially Suspicious Electron Application CommandLine,medium,,14,0,0.843805
SigmaHQ,178e615d-e666-498b-9630-9ed363038101,Elevated System Shell Spawned From Uncommon Parent Location,medium,T1059,14,0,0.45527
SigmaHQ,30e92f50-bb5a-4884-98b5-d20aa80f3d7a,Hidden Powershell in Link File Pattern,medium,T1059.001,14,0,0.050072
SigmaHQ,4a30ac0c-b9d6-4e01-b71a-5f851bbf4259,Potential Defense Evasion Activity Via Emoji Usage In CommandLine - 1,high,,14,0,56.219431
SigmaHQ,c98f2a0d-e1b8-4f76-90d3-359caf88d6b9,Potential Defense Evasion Activity Via Emoji Usage In CommandLine - 2,high,,14,0,66.156059
SigmaHQ,f9578658-9e71-4711-b634-3f9b50cd3c06,Potential Defense Evasion Activity Via Emoji Usage In CommandLine - 3,high,,14,0,61.718646
SigmaHQ,225274c4-8dd1-40db-9e09-71dff4f6fb3c,Potential Defense Evasion Activity Via Emoji Usage In CommandLine - 4,high,,14,0,42.124793
SigmaHQ,41421f44-58f9-455d-838a-c398859841d4,ETW Logging Tamper In .NET Processes Via CommandLine,high,T1685,14,0,0.004521
SigmaHQ,a238b5d0-ce2d-4414-a676-7a531b3d13d6,ETW Trace Evasion Activity,high,"T1070,T1685",14,0,0.00374
SigmaHQ,cc36992a-4671-4f21-a91d-6c2b72a2edf5,Suspicious Eventlog Clearing or Configuration Change Activity,high,"T1685.005,T1685.001",14,0,0.401381
SigmaHQ,beaa66d6-aa1b-4e3c-80f5-e0145369bfaf,Potentially Suspicious EventLog Recon Activity Using Log Query Utilities,medium,"T1552,T1087",14,0,1.728828
SigmaHQ,69bd9b97-2be2-41b6-9816-fb08757a4d1a,Potentially Suspicious Execution From Parent Process In Public Folder,high,"T1564,T1059",14,0,0.050502
SigmaHQ,3dfd06d2-eaf4-4532-9555-68aca59f57c4,Process Execution From A Potentially Suspicious Folder,high,T1036,14,0,0.691074
SigmaHQ,9637e8a5-7131-4f7f-bdc7-2b05d8670c43,Suspicious File Characteristics Due to Missing Fields,medium,T1059.006,14,0,0.001215
SigmaHQ,b5b29e4e-31fa-4fdf-b058-296e7a1aa0c2,Suspicious FileFix Execution Pattern,high,T1204.004,14,0,0.19054
SigmaHQ,07aa184a-870d-413d-893a-157f317f6f58,Suspicious Reconnaissance Activity Via GatherNetworkInfo.VBS,high,"T1615,T1059.005",14,0,0.048921
SigmaHQ,0900463c-b33b-49a8-be1d-552a3b553dae,Potential Hidden Directory Creation Via NTFS INDEX_ALLOCATION Stream - CLI,medium,T1564.004,14,0,0.000942
SigmaHQ,ae9b0bd7-8888-4606-b444-0ed7410cb728,Writing Of Malicious Files To The Fonts Folder,medium,"T1211,T1059",14,0,0.24296
SigmaHQ,32e280f1-8ad4-46ef-9e80-910657611fbc,Potential Homoglyph Attack Using Lookalike Characters,medium,"T1036,T1036.003",14,0,2.783554
SigmaHQ,71158e3f-df67-472b-930e-7d287acaa3e1,Execution Of Non-Existing File,high,T1055,14,8,0.496217
SigmaHQ,22e58743-4ac8-4a9f-bf19-00a0428d8c5f,Base64 MZ Header In CommandLine,high,,14,0,0.002353
SigmaHQ,8537c866-072e-460d-bfff-aaf39cbd73d3,Potentially Suspicious Inline JavaScript Execution via NodeJS Binary,medium,T1059.007,14,0,0.14619
SigmaHQ,ba3f5c1b-6272-4119-9dbd-0bc8d21c2702,Potential WinAPI Calls Via CommandLine,high,T1106,14,0,1.837662
SigmaHQ,6d3a3952-6530-44a3-8554-cf17c116c615,Potentially Suspicious JWT Token Search Via CLI,medium,"T1528,T1552.001",14,0,0.211161
SigmaHQ,dd8756e7-a3a0-4768-b47e-8f545d1a751c,Suspicious LNK Command-Line Padding with Whitespace Characters,high,T1204.002,14,0,0.125437
SigmaHQ,502b42de-4306-40b4-9596-6f590c81f073,Local Accounts Discovery,low,"T1033,T1087.001",14,0,0.483565
SigmaHQ,d4ca7c59-e9e4-42d8-bf57-91a776efcb87,LOLBIN Execution From Abnormal Drive,medium,,14,0,1.000204
SigmaHQ,ffa6861c-4461-4f59-8a41-578c39f3f23e,LSASS Dump Keyword In CommandLine,high,T1003.001,14,0,0.058198
SigmaHQ,180c7c5c-d64b-4a63-86e9-68910451bc8b,Potential File Download Via MS-AppInstaller Protocol Handler,medium,T1218,14,0,0.006383
SigmaHQ,a29c1813-ab1f-4dde-b489-330b952e91ae,Suspicious Network Command,low,T1016,14,0,0.346091
SigmaHQ,f8ad2e2c-40b6-4117-84d7-20b89896ab23,Suspicious Scan Loop Network,medium,"T1059,T1018",14,0,0.001779
SigmaHQ,ba1f7802-adc7-48b4-9ecb-81e227fddfd5,Potential Network Sniffing Activity Using Network Tools,medium,T1040,14,0,0.102333
SigmaHQ,f208d6d8-d83a-4c2c-960d-877c37da84e5,Process Launched Without Image Name,medium,,14,0,0.043622
SigmaHQ,c09dad97-1c78-4f71-b127-7edb2b8e491a,Execution of Suspicious File Type Extension,medium,,14,8,1.090074
SigmaHQ,8f02c935-effe-45b3-8fc9-ef8696a9e41d,Non-privileged Usage of Reg or Powershell,high,T1112,14,0,0.149962
SigmaHQ,8bc64091-6875-4881-aaf9-7bd25b5dda08,Suspicious Process Patterns NTDS.DIT Exfil,high,T1003.003,14,0,0.401708
SigmaHQ,caf201a9-c2ce-4a26-9c3a-2b9525413711,Potentially Suspicious Call To Win32_NTEventlogFile Class,high,,14,0,0.003165
SigmaHQ,a96970af-f126-420d-90e1-d37bf25e50e1,Use Short Name Path in Image,medium,T1564.004,14,0,0.092133
SigmaHQ,dd6b39d9-d9be-4a3b-8fe0-fe3c6a5c1795,Use NTFS Short Name in Command Line,medium,T1564.004,14,0,0.741167
SigmaHQ,3ef5605c-9eb9-47b0-9a71-b727e6aa5c3b,Use NTFS Short Name in Image,medium,T1564.004,14,0,0.767172
SigmaHQ,cb5a2333-56cf-4562-8fcb-22ba1bca728d,Obfuscated IP Download Activity,medium,,14,0,0.476279
SigmaHQ,56d19cb4-6414-4769-9644-1ed35ffbb148,Obfuscated IP Via CLI,medium,,14,0,0.123023
SigmaHQ,cbec226f-63d9-4eca-9f52-dfb6652f24df,Suspicious Process Parents,high,T1036,14,0,0.481572
SigmaHQ,6812a10b-60ea-420c-832f-dfcc33b646ba,Potential PowerShell Execution Via DLL,high,T1218.011,14,0,0.444238
SigmaHQ,9bd04a79-dabe-4f1f-a5ff-92430265c96b,Privilege Escalation via Named Pipe Impersonation,high,T1021,14,0,0.165643
SigmaHQ,213d6a77-3d55-4ce8-ba74-fcfef741974e,Private Keys Reconnaissance Via CommandLine Tools,medium,T1552.004,14,0,0.409257
SigmaHQ,50d66fb0-03f8-4da0-8add-84e77d12a020,Suspicious RunAs-Like Flag Combination,medium,,14,0,0.174745
SigmaHQ,96036718-71cc-4027-a538-d1587e0006a7,Windows Processes Suspicious Parent Directory,low,"T1036.003,T1036.005",14,0,0.531588
SigmaHQ,efdd8dd5-cee8-4e59-9390-7d4d5e4dd6f6,Suspicious Program Names,high,T1059,14,0,1.716038
SigmaHQ,aa2efee7-34dd-446e-8a37-40790a66efd7,Recon Information for Export with Command Prompt,medium,T1119,14,0,0.308965
SigmaHQ,5ce0f04e-3efc-42af-839d-5b3a543b76c0,Suspicious Process Execution From Fake Recycle.Bin Folder,high,,14,0,0.001768
SigmaHQ,ab9e3b40-0c85-4ba1-aede-455d226fd124,Suspicious Redirection to Local Admin Share,high,T1048,14,0,0.001708
SigmaHQ,dd3ee8cc-f751-41c9-ba53-5a32ed47e563,Registry Modification of MS-settings Protocol Handler,medium,"T1548.002,T1546.001,T1112",14,0,0.278452
SigmaHQ,8a3038e8-9c9d-46f8-b184-66234a160f6f,Potential Remote Desktop Tunneling,medium,T1021,14,0,0.001608
SigmaHQ,ad691d92-15f2-4181-9aa4-723c74f9ddc3,Potential Defense Evasion Via Right-to-Left Override,high,T1036.002,14,0,0.001142
SigmaHQ,1228c958-e64e-4e71-92ad-7d429f4138ba,Script Interpreter Execution From Suspicious Folder,high,T1059,14,0,0.493388
SigmaHQ,0f60b28c-64dd-4e2c-9a63-5334d3e3a6e6,Script Interpreter Spawning Credential Scanner - Windows,high,"T1552,T1005,T1059.007",14,0,0.09039
SigmaHQ,f57f8d16-1f39-4dcb-a604-6c73d9b54b3d,Sensitive File Access Via Volume Shadow Copy Backup,high,T1490,14,0,0.002101
SigmaHQ,17a1be64-8d88-40bf-b5ff-a4f7a50ebcc8,Suspicious New Service Creation,high,T1543.003,14,0,0.097611
SigmaHQ,883faa95-175a-4e22-8181-e5761aeb373c,Suspicious Service Binary Directory,high,T1202,14,0,0.430574
SigmaHQ,ce72ef99-22f1-43d4-8695-419dcb5d9330,Suspicious Windows Service Tampering,high,"T1489,T1685",14,0,0.702321
SigmaHQ,b17ea6f7-6e90-447e-a799-e6c0a493d6ce,Shadow Copies Creation Using Operating Systems Utilities,medium,"T1003,T1003.002,T1003.003",14,0,0.324245
SigmaHQ,c947b146-0abc-4c87-9c64-b17e9d7274a2,Shadow Copies Deletion Using Operating Systems Utilities,high,"T1070,T1490",14,0,0.533853
SigmaHQ,3a6586ad-127a-4d3b-a677-1e6eacdf8fde,Windows Shell/Scripting Processes Spawning Suspicious Programs,high,"T1059.005,T1059.001,T1218",14,0,0.328509
SigmaHQ,3c1b5fb0-c72f-45ba-abd1-4d4c353144ab,Process Creation Using Sysnative Folder,medium,T1055,14,0,0.089741
SigmaHQ,e4a6b256-3e47-40fc-89d2-7a477edd6915,System File Execution Location Anomaly,high,T1036,14,0,1.98233
SigmaHQ,2617e7ed-adb7-40ba-b0f3-8f9945fe6c09,Suspicious SYSTEM User Process Creation,high,"T1134,T1003,T1027",14,0,0.139268
SigmaHQ,05f3c945-dcc8-4393-9f3d-af65077a8f86,Suspicious SYSVOL Domain Group Policy Access,medium,T1552.006,14,0,0.001702
SigmaHQ,cc4e02ba-9c06-48e2-b09e-2500cace9ae0,Tasks Folder Evasion,high,T1574.001,14,0,0.08278
SigmaHQ,634b00d5-ccc3-4a06-ae3b-0ec8444dd51b,Malicious Windows Script Components File Execution by TAEF Detection,low,T1218,14,0,0.124937
SigmaHQ,15c7904e-6ad1-4a45-9b46-5fb25df37fd2,Malicious PE Execution by Microsoft Visual Studio Debugger,medium,T1218,14,0,0.048393
SigmaHQ,b655a06a-31c0-477a-95c2-3726b83d649d,Suspicious Userinit Child Process,medium,T1055,14,0,0.065306
SigmaHQ,4bc90587-e6ca-4b41-be0b-ed4d04e4ed0c,Suspicious Velociraptor Child Process,high,T1219,14,0,0.053517
SigmaHQ,91edcfb1-2529-4ac2-9ecc-7617f895c7e4,Weak or Abused Passwords In CLI,medium,,14,0,0.002901
SigmaHQ,9fc51a3c-81b3-4fa7-b35f-7c02cf10fd2d,Usage Of Web Request Commands And Cmdlets,medium,T1059.001,14,0,0.044993
SigmaHQ,e9142d84-fbe0-401d-ac50-3e519fb00c89,WhoAmI as Parameter,high,T1033,14,0,0.044401
SigmaHQ,0bbc6369-43e3-453d-9944-cae58821c173,Execution via WorkFolders.exe,high,T1218,14,0,0.049959
SigmaHQ,16c37b52-b141-42a5-a3ea-bbe098444397,Suspect Svchost Activity,high,T1055,14,0,0.071553
SigmaHQ,be58d2e2-06c8-4f58-b666-b99f6dc3b6cd,Suspicious Process Masquerading As SvcHost.EXE,high,T1036.005,14,0,0.048097
SigmaHQ,1012f107-b8f1-4271-af30-5aed2de89b39,Terminal Service Process Spawn,high,"T1190,T1210",14,0,0.072956
SigmaHQ,f17211f1-1f24-4d0c-829f-31e28dc93cdd,Uncommon Svchost Command Line Parameter,high,"T1036.005,T1055,T1055.012",14,0,0.06505
SigmaHQ,01d2e2a1-5f09-44f7-9fc1-24faa7479b6d,Uncommon Svchost Parent Process,medium,T1036.005,14,0,0.065137
SigmaHQ,c625d754-6a3d-4f65-9c9a-536aea960d37,Permission Check Via Accesschk.EXE,medium,T1069.001,14,0,0.253404
SigmaHQ,9212f354-7775-4e28-9c9f-8f0a4544e664,Active Directory Database Snapshot Via ADExplorer,medium,"T1087.002,T1069.002,T1482",14,0,0.303509
SigmaHQ,ef61af62-bc74-4f58-b49b-626448227652,Suspicious Active Directory Database Snapshot Via ADExplorer,high,"T1087.002,T1069.002,T1482",14,0,0.296634
SigmaHQ,7cccd811-7ae9-4ebe-9afd-cb5c406b824b,Potential Execution of Sysinternals Tools,low,T1588.002,14,0,0.001221
SigmaHQ,a85f7765-698a-4088-afa0-ecfbf8d01fa4,Potential Memory Dumping Activity Via LiveKD,medium,,14,0,0.143915
SigmaHQ,c7746f1c-47d3-43d6-8c45-cd1e54b6b0a2,Kernel Memory Dump Via LiveKD,high,,14,0,0.136595
SigmaHQ,2e65275c-8288-4ab4-aeb7-6274f58b6b20,Procdump Execution,medium,"T1036,T1003.001",14,0,0.123152
SigmaHQ,79b06761-465f-4f88-9ef2-150e24d3d737,Potential SysInternals ProcDump Evasion,high,"T1036,T1003.001",14,0,0.027304
SigmaHQ,5afee48e-67dd-4e03-a783-f74259dcf998,Potential LSASS Process Dump Via Procdump,high,"T1036,T1003.001",14,0,0.001071
SigmaHQ,730fc21b-eaff-474b-ad23-90fd265d4988,Psexec Execution,medium,"T1569,T1021",14,0,0.085799
SigmaHQ,8834e2f7-6b4b-4f09-8906-d2276470ee23,PsExec/PAExec Escalation to LOCAL SYSTEM,high,T1587.001,14,0,2.705051
SigmaHQ,ea011323-7045-460b-b2d7-0f7442ea6b38,Potential PsExec Remote Execution,high,T1587.001,14,0,0.001873
SigmaHQ,fdfcbd78-48f1-4a4b-90ac-d82241e368c5,PsExec Service Execution,medium,,14,0,0.088273
SigmaHQ,7c0dcd3d-acf8-4f71-9570-f448b0034f94,PsExec Service Child Process Execution as LOCAL SYSTEM,high,,14,0,0.04867
SigmaHQ,aae1243f-d8af-40d8-ab20-33fc6d0c55bc,Suspicious Use of PsLogList,medium,"T1087,T1087.001,T1087.002",14,0,0.170007
SigmaHQ,3371f518-5fe3-4cf6-a14b-2a0ae3fd8a4f,Sysinternals PsService Execution,medium,T1543.003,14,0,0.166886
SigmaHQ,48bbc537-b652-4b4e-bd1d-281172df448f,Sysinternals PsSuspend Execution,medium,T1543.003,14,0,0.179218
SigmaHQ,4beb6ae0-f85b-41e2-8f18-8668abc8af78,Sysinternals PsSuspend Suspicious Execution,high,T1685,14,0,0.169389
SigmaHQ,a4824fca-976f-4964-b334-0621379e84c4,Potential File Overwrite Via Sysinternals SDelete,high,T1485,14,0,0.046947
SigmaHQ,207b0396-3689-42d9-8399-4222658efc99,Potential Privilege Escalation To LOCAL SYSTEM,high,T1587.001,14,0,2.779944
SigmaHQ,87911521-7098-470b-a459-9a57fc80bdfd,Sysmon Configuration Update,medium,T1685,14,0,0.17209
SigmaHQ,6a5f68d1-c4b5-46b9-94ee-5324892ea939,Uninstall Sysinternals Sysmon,high,T1685,14,0,0.167823
SigmaHQ,7cce6fc8-a07f-4d84-a53e-96e1879843c9,Potential Binary Impersonating Sysinternals Tools,medium,"T1218,T1202,T1036.005",14,0,11.036422
SigmaHQ,d5b9ae7a-e6fc-405e-80ff-2ff9dcc64e7e,Sysprep on AppData Folder,medium,T1059,14,0,0.080852
SigmaHQ,0ef56343-059e-4cb6-adc1-4c3c967c5e46,Suspicious Execution of Systeminfo,low,T1082,14,0,0.090943
SigmaHQ,da92713f-ca2d-4fab-8320-098013d3f43a,Windows Defender Disabled Via SystemSettingsAdminFlows.EXE,high,T1685,14,0,0.09379
SigmaHQ,a383dec4-deec-4e6e-913b-ed9249670848,Potential Signing Bypass Via Windows Developer Features,high,,14,0,0.088164
SigmaHQ,554601fb-9b71-4bcc-abf4-21a611be4fde,Suspicious Recursive Takeown,medium,T1222.001,14,0,0.045763
SigmaHQ,99793437-3e16-439b-be0f-078782cf953d,Tap Installer Execution,medium,T1048,14,0,0.047632
SigmaHQ,418a3163-3247-4b7b-9933-dcfcb7c52ea9,Compressed File Creation Via Tar.EXE,low,"T1560,T1560.001",14,0,0.105518
SigmaHQ,bf361876-6620-407a-812f-bfe11e51e924,Compressed File Extraction Via Tar.EXE,low,"T1560,T1560.001",14,0,0.088053
SigmaHQ,4a6713f6-3331-11ed-a261-0242ac120002,Taskkill Symantec Endpoint Protection,high,T1685,14,0,0.051532
SigmaHQ,34275eb8-fa19-436b-b959-3d9ecd53fa1f,Loaded Module Enumeration Via Tasklist.EXE,medium,T1003,14,0,0.093716
SigmaHQ,9fff585c-c33e-4a86-b3cd-39312079a65f,Taskmgr as LOCAL_SYSTEM,high,T1036,14,0,0.015553
SigmaHQ,3d7679bd-0c00-440c-97b0-3f204273e6c7,New Process Created Via Taskmgr.EXE,low,T1036,14,0,0.048936
SigmaHQ,d2eb17db-1d39-41dc-b57f-301f6512fa75,Potentially Suspicious Command Targeting Teams Sensitive Files,medium,T1528,14,0,0.097906
SigmaHQ,c633622e-cab9-4eaa-bb13-66a1d68b3e47,New Virtual Smart Card Created Via TpmVscMgr.EXE,medium,,14,0,0.052501
SigmaHQ,9847f263-4a81-424f-970c-875dab15b79b,Suspicious TSCON Start as SYSTEM,high,T1219.002,14,0,0.013798
SigmaHQ,f72aa3e8-49f9-4c7d-bd74-f8ab84ff9bbb,Suspicious RDP Redirect Using TSCON,high,"T1563.002,T1021.001",14,0,0.001529
SigmaHQ,224f140f-3553-4cd1-af78-13d81bf9f7cc,Potential RDP Session Hijacking Activity,medium,,14,0,0.089805
SigmaHQ,503d581c-7df0-4bbe-b9be-5840c0ecc1fc,UAC Bypass Using ChangePK and SLUI,high,T1548.002,14,0,0.046259
SigmaHQ,b697e69c-746f-4a86-9f59-7bfff8eab881,UAC Bypass Using Disk Cleanup,high,T1548.002,14,0,0.048579
SigmaHQ,e66779cc-383e-4224-a3a4-267eeb585c40,Bypass UAC via CMSTP,high,"T1548.002,T1218.003",14,0,0.087284
SigmaHQ,4b60e6f2-bf39-47b4-b4ea-398e33cfe253,CMSTP UAC Bypass via COM Object Access,high,"T1548.002,T1218.003",14,0,0.049275
SigmaHQ,3c05e90d-7eba-4324-9972-5d7f711a60a8,UAC Bypass Tools Using ComputerDefaults,high,T1548.002,14,0,0.177217
SigmaHQ,1ca6bd18-0ba0-44ca-851c-92ed89a61085,UAC Bypass Using Consent and Comctl32 - Process,high,T1548.002,14,0,0.047995
SigmaHQ,853e74f9-9392-4935-ad3b-2e8c040dae86,UAC Bypass Using DismHost,high,T1548.002,14,0,0.052245
SigmaHQ,30fc8de7-d833-40c4-96b6-28319fbc4f6c,UAC Bypass Using Event Viewer RecentViews,high,,14,0,0.001781
SigmaHQ,7f741dcf-fc22-4759-87b4-9ae8376676a2,Bypass UAC via Fodhelper.exe,high,T1548.002,14,0,0.044114
SigmaHQ,e52cb31c-10ed-4aea-bcb7-593c9f4a315b,UAC Bypass via Windows Firewall Snap-In Hijack,medium,T1548,14,0,0.051392
SigmaHQ,49f2f17b-b4c8-4172-a68b-d5bf95d05130,UAC Bypass via ICMLuaUtil,high,T1548.002,14,0,0.059111
SigmaHQ,4cbef972-f347-4170-b62a-8253f6168e6d,UAC Bypass Using IDiagnostic Profile,high,T1548.002,14,0,0.056226
SigmaHQ,80fc36aa-945e-4181-89f2-2f907ab6775d,UAC Bypass Using IEInstal - Process,high,T1548.002,14,0,0.21258
SigmaHQ,ad92e3f9-7eb6-460e-96b1-582b0ccbb980,UAC Bypass Using MSConfig Token Modification - Process,high,T1548.002,14,0,0.167888
SigmaHQ,39ed3c80-e6a1-431b-9df3-911ac53d08a7,UAC Bypass Using NTFS Reparse Point - Process,high,T1548.002,14,0,0.095809
SigmaHQ,a743ceba-c771-4d75-97eb-8a90f7f4844c,UAC Bypass Using PkgMgr and DISM,high,T1548.002,14,0,0.049191
SigmaHQ,40f9af16-589d-4984-b78d-8c2aec023197,Potential UAC Bypass Via Sdclt.EXE,medium,T1548.002,14,0,0.047313
SigmaHQ,4ac47ed3-44c2-4b1f-9d51-bf46e8914126,TrustedPath UAC Bypass Pattern,critical,T1548.002,14,0,0.05637
SigmaHQ,7a01183d-71a2-46ad-ad5c-acd989ac1793,UAC Bypass Abusing Winsat Path Parsing - Process,high,T1548.002,14,0,0.179109
SigmaHQ,0058b9e5-bcd7-40d4-9205-95ca5a16d7b2,UAC Bypass Using Windows Media Player - Process,high,T1548.002,14,0,0.094376
SigmaHQ,d797268e-28a9-49a7-b9a8-2f5039011c5c,Bypass UAC via WSReset.exe,high,T1548.002,14,0,0.047246
SigmaHQ,89a9a0e0-f61a-42e5-8957-b1479565a658,UAC Bypass WSReset,high,T1548.002,14,0,0.047077
SigmaHQ,145322e4-0fd3-486b-81ca-9addc75736d8,Use of UltraVNC Remote Access Software,medium,T1219.002,14,0,0.164981
SigmaHQ,871b9555-69ca-4993-99d3-35a59f9f3599,Suspicious UltraVNC Execution,high,T1021.005,14,0,0.001161
SigmaHQ,f0f7be61-9cf5-43be-9836-99d6ef448a18,Uninstall Crowdstrike Falcon Sensor,high,T1685,14,0,0.047524
SigmaHQ,8f3ab69a-aa22-4943-aa58-e0a52fdf6818,User Shell Folders Registry Modification via CommandLine,high,"T1547.001,T1112",14,0,0.245915
SigmaHQ,0a98a10c-685d-4ab0-bddc-b6bdd1d48458,Uncommon Userinit Child Process,high,T1037.001,14,0,0.063721
SigmaHQ,58f50261-c53b-4c88-bd12-1d71f12eda4c,Windows Credential Manager Access via VaultCmd,medium,T1555.004,14,0,0.088208
SigmaHQ,921aa10f-2e74-4cca-9498-98f9ca4d6fdf,Registry Modification Attempt Via VBScript,medium,"T1112,T1059.005",14,0,0.001715
SigmaHQ,d06be4b9-8045-428b-a567-740a26d9db25,Verclsid.exe Runs COM Object,medium,T1218,14,0,0.091403
SigmaHQ,bab049ca-7471-4828-9024-38279a4c04da,Virtualbox Driver Installation or Starting of VMs,low,"T1564.006,T1564",14,0,0.022772
SigmaHQ,b7b19cb6-9b32-4fc4-a108-73f19acfe262,Suspicious VBoxDrvInst.exe Parameters,medium,T1112,14,0,0.045157
SigmaHQ,7aa4e81a-a65c-4e10-9f81-b200eb229d7d,Potential Persistence Via VMwareToolBoxCmd.EXE VM State Change Script,medium,T1059,14,0,0.08685
SigmaHQ,236d8e89-ed95-4789-a982-36f4643738ba,Suspicious Persistence Via VMwareToolBoxCmd.EXE VM State Change Script,high,T1059,14,0,0.088339
SigmaHQ,5687f942-867b-4578-ade7-1e341c46e99a,VMToolsd Suspicious Child Process,high,T1059,14,0,0.06772
SigmaHQ,5a3164f2-b373-4152-93cf-090b13c12d27,Potentially Suspicious Child Process Of VsCode,medium,"T1218,T1202",14,0,0.053183
SigmaHQ,90d6bd71-dffb-4989-8d86-a827fedd6624,Visual Studio Code Tunnel Execution,medium,"T1071.001,T1219",14,0,0.133713
SigmaHQ,f4a623c2-4ef5-4c33-b811-0642f702c9f1,Visual Studio Code Tunnel Shell Execution,medium,T1071.001,14,0,0.052221
SigmaHQ,2cf29f11-e356-4f61-98c0-1bdb9393d6da,Renamed Visual Studio Code Tunnel Execution,high,"T1071.001,T1219",14,0,0.212377
SigmaHQ,30bf1789-379d-4fdc-900f-55cd0a90a801,Visual Studio Code Tunnel Service Installation,medium,T1071.001,14,0,0.007236
SigmaHQ,ac1c92b4-ac81-405a-9978-4604d78cc47e,Potential Binary Proxy Execution Via VSDiagnostics.EXE,medium,T1218,14,0,0.088781
SigmaHQ,d7c75059-2901-4578-b209-8837fd31c6a8,Proxy Execution via Vshadow,medium,T1202,14,0,0.106073
SigmaHQ,43103702-5886-11ed-9b6a-0242ac120002,Suspicious Vsls-Agent Command With AgentExtensionPath Load,medium,T1218,14,0,0.050105
SigmaHQ,22154f0e-5132-4a54-aa78-cc62f6def531,Vulnerable Driver Blocklist Registry Tampering Via CommandLine,high,T1685,14,0,0.261817
SigmaHQ,6da2c9f5-7c53-401b-aacb-92c040ce1215,Use of W32tm as Timer,high,T1124,14,0,0.087083
SigmaHQ,395907ee-96e5-4666-af2e-2ca91688e151,Wab Execution From Non Default Location,high,,14,0,0.084755
SigmaHQ,63d1ccc0-2a43-4f4b-9289-361b308991ff,Wab/Wabmig Unusual Parent Or Child Processes,high,,14,0,0.211601
SigmaHQ,639c9081-f482-47d3-a0bd-ddee3d4ecd76,All Backups Deleted Via Wbadmin.EXE,high,T1490,14,0,0.086651
SigmaHQ,89f75308-5b1b-4390-b2d8-d6b2340efaf8,Windows Backup Deleted Via Wbadmin.EXE,medium,T1490,14,0,0.088404
SigmaHQ,8b93a509-1cb8-42e1-97aa-ee24224cdc15,Sensitive File Dump Via Wbadmin.EXE,high,T1003.003,14,0,0.085965
SigmaHQ,6fe4aa1e-0531-4510-8be2-782154b73b48,File Recovery From Backup Via Wbadmin.EXE,medium,T1490,14,0,0.086362
SigmaHQ,84972c80-251c-4c3a-9079-4f00aad93938,Sensitive File Recovery From Backup Via Wbadmin.EXE,high,T1003.003,14,0,0.086963
SigmaHQ,1412aa78-a24c-4abd-83df-767dfb2c5bbe,Potentially Suspicious WebDAV LNK Execution,medium,"T1059.001,T1204",14,0,0.046638
SigmaHQ,fa3c117a-bc0d-416e-a31b-0c0e80653efb,Chopper Webshell Process Pattern,high,"T1505.003,T1018,T1033,T1087",14,0,0.086559
SigmaHQ,4ebc877f-4612-45cb-b3a5-8e3834db36c9,Webshell Hacking Activity Patterns,high,"T1505.003,T1018,T1033,T1087",14,0,0.478514
SigmaHQ,bed2a484-9348-4143-8a8a-b801c979301c,Webshell Detection With Command Line Keywords,high,"T1505.003,T1018,T1033,T1087",14,0,0.410186
SigmaHQ,8202070f-edeb-4d31-a010-a26c72ac5600,Suspicious Process By Web Server Process,high,"T1505.003,T1190",14,0,0.523871
SigmaHQ,f64e5c19-879c-4bae-b471-6d84c8339677,Webshell Tool Reconnaissance Activity,high,T1505.003,14,0,0.407474
SigmaHQ,9a4ccd1a-3526-4d99-b980-9f9c5d3a6ff3,Potential Credential Dumping Via WER,high,T1003.001,14,0,0.092267
SigmaHQ,fabfb3a7-3ce1-4445-9c7c-3c27f1051cdd,Potential ReflectDebugger Content Execution Via WerFault.EXE,medium,T1036,14,0,0.086253
SigmaHQ,1f0b4cac-9c81-41f4-95d0-8475ff46b3e2,PPL Tampering Via WerFaultSecure,high,"T1685,T1003.001",14,0,0.090225
SigmaHQ,396f6630-f3ac-44e3-bfc8-1b161bc00c4e,Suspicious Child Process Of Wermgr.EXE,high,"T1055,T1036",14,0,0.065775
SigmaHQ,5394fcc7-aeb2-43b5-9a09-cac9fc5edcd5,Suspicious Execution Location Of Wermgr.EXE,high,,14,0,0.048018
SigmaHQ,17f0c0a8-8bd5-4ee0-8c5f-a342c0199f35,Suspicious File Download From IP Via Wget.EXE,high,,14,0,0.124565
SigmaHQ,a0d7e4d2-bede-4141-8896-bc6e237e977c,Suspicious File Download From File Sharing Domain Via Wget.EXE,high,,14,0,0.122632
SigmaHQ,40aa399c-7b02-4715-8e5f-73572b493f33,Suspicious File Download From IP Via Wget.EXE - Paths,high,,14,0,0.122575
SigmaHQ,725a9768-0f5e-4cb3-aec2-bc5719c6831a,Suspicious Where Execution,low,T1217,14,0,0.090904
SigmaHQ,c248c896-e412-4279-8c15-1c558067b6fa,Enumerate All Information With Whoami.EXE,medium,T1033,14,0,0.088692
SigmaHQ,79ce34ca-af29-4d0e-b832-fc1b377020db,Whoami.EXE Execution From Privileged Process,high,T1033,14,0,0.088491
SigmaHQ,bd8b828d-0dca-48e1-8a63-8a58ecf2644f,Group Membership Reconnaissance Via Whoami.EXE,medium,T1033,14,0,0.088761
SigmaHQ,c30fb093-1109-4dc8-88a8-b30d11c95a5d,Whoami.EXE Execution With Output Option,medium,T1033,14,0,0.137284
SigmaHQ,8de1cbe8-d6f5-496d-8237-5f44a721c7a0,Whoami.EXE Execution Anomaly,medium,T1033,14,0,0.125549
SigmaHQ,97a80ec7-0e2f-4d05-9ef4-65760e634f6b,Security Privileges Enumeration Via Whoami.EXE,high,T1033,14,0,0.087527
SigmaHQ,8de89e52-f6e1-4b5b-afd1-41ecfa300d48,Suspicious WindowsTerminal Child Processes,medium,,14,0,0.102426
SigmaHQ,05ebafc8-7aa2-4bcd-a269-2aec93f9e842,Add New Download Source To Winget,medium,T1059,14,0,0.088018
SigmaHQ,81a0ecb5-0a41-4ba1-b2ba-c944eb92bfa2,Add Insecure Download Source To Winget,high,T1059,14,0,0.107118
SigmaHQ,c15a46a0-07d4-4c87-b4b6-89207835a83b,Add Potential Suspicious New Download Source To Winget,medium,T1059,14,0,0.125807
SigmaHQ,313d6012-51a0-4d93-8dfc-de8553239e25,Install New Package Via Winget Local Manifest,medium,T1059,14,0,0.086687
SigmaHQ,1ac14d38-3dfc-4635-92c7-e3fd1c5f5bfc,Winrar Compressing Dump Files,medium,T1560.001,14,0,0.147811
SigmaHQ,146aace8-9bd6-42ba-be7a-0070d8027b76,Potentially Suspicious Child Process Of WinRAR.EXE,medium,T1203,14,0,0.048462
SigmaHQ,4ede543c-e098-43d9-a28f-dd784a13132f,WinRAR Execution in Non-Standard Folder,medium,T1560.001,14,0,0.188281
SigmaHQ,074e0ded-6ced-4ebd-8b4d-53f55908119d,AWL Bypass with Winrm.vbs and Malicious WsmPty.xsl/WsmTxt.xsl,medium,T1216,14,0,0.025231
SigmaHQ,9df0dd3a-1a5c-47e3-a2bc-30ed177646a0,Remote Code Execute via Winrm.vbs,medium,T1216,14,0,0.099322
SigmaHQ,734f8d9b-42b8-41b2-bcf5-abaf49d5a3c8,Remote PowerShell Session Host Process (WinRM),medium,"T1059.001,T1021.006",14,0,0.091675
SigmaHQ,5cc2cda8-f261-4d88-a2de-e9e193c86716,Suspicious Processes Spawned by WinRM,high,T1190,14,0,0.0542
SigmaHQ,bcfece3d-56fe-4545-9931-3b8e92927db1,Winrs Local Command Execution,high,"T1021.006,T1218",14,0,0.203141
SigmaHQ,79df3f68-dccb-48e9-9171-b75cbc37c51d,Potential Lateral Movement via Windows Remote Shell,medium,T1021.006,14,0,0.052601
SigmaHQ,e2e80da2-8c66-4e00-ae3c-2eebd29f6b6d,Compress Data and Lock With Password for Exfiltration With WINZIP,medium,T1560.001,14,0,0.098775
SigmaHQ,9cfc00b6-bfb7-49ce-9781-ef78503154bb,Wlrmdr.EXE Uncommon Argument Or Child Process,medium,T1218,14,0,0.20368
SigmaHQ,797011dc-44f4-4e6f-9f10-a8ceefbe566b,WMI Backdoor Exchange Transport Agent,critical,T1546.003,14,0,0.053737
SigmaHQ,7864a175-3654-4824-9f0d-f0da18ab27c0,Password Set to Never Expire via WMI,medium,"T1047,T1098",14,0,0.120256
SigmaHQ,ec1d5e28-8f3b-4188-a6f8-6e8df81dc28e,WMI Persistence - Script Event Consumer,medium,T1546.003,14,0,0.050909
SigmaHQ,ebef4391-1a81-4761-a40a-1db446c0e625,NewActiveScriptEventConsumer Creation Attempt via Wmic.EXE,high,T1546.003,14,0,0.092958
SigmaHQ,51cbac1e-eee3-4a90-b1b7-358efb81fa0a,Potential Windows Defender Tampering Via Wmic.EXE,high,"T1047,T1685",14,0,0.090434
SigmaHQ,526be59f-a573-4eea-b5f7-f0973207634d,Process Creation Attempt via Wmic.EXE,medium,T1047,14,0,0.088976
SigmaHQ,9d7ca793-f6bd-471c-8d0f-11e68b2f0d2f,Computer System Reconnaissance Via Wmic.EXE,medium,T1047,14,0,0.102341
SigmaHQ,3e3ceccd-6c06-48b8-b5ff-ab1d25db8c1d,Hardware Model Reconnaissance Via Wmic.EXE,medium,T1047,14,0,0.087857
SigmaHQ,164eda96-11b2-430b-85ff-6a265c15bf32,Local Groups Reconnaissance Via Wmic.EXE,low,T1069.001,14,0,0.086233
SigmaHQ,dfd2fcb7-8bd5-4daa-b132-5adb61d6ad45,Windows Hotfix Updates Reconnaissance Via Wmic.EXE,medium,T1047,14,0,0.08602
SigmaHQ,221b251a-357a-49a9-920a-271802777cc0,Potential Process Reconnaissance via Wmic.EXE,medium,"T1047,T1057",14,0,0.094693
SigmaHQ,15434e33-5027-4914-88d5-3d4145ec25a9,Potential Product Reconnaissance Via Wmic.EXE,medium,T1047,14,0,0.096925
SigmaHQ,e568650b-5dcd-4658-8f34-ded0b1e13992,Potential Product Class Reconnaissance Via Wmic.EXE,medium,"T1047,T1082",14,0,0.089647
SigmaHQ,76f55eaa-d27f-4213-9d45-7b0e4b60bbae,Service Reconnaissance Via Wmic.EXE,medium,T1047,14,0,0.091288
SigmaHQ,9d5a1274-922a-49d0-87f3-8c653483b909,Uncommon System Information Discovery Via Wmic.EXE,medium,T1082,14,0,0.127852
SigmaHQ,68bcd73b-37ef-49cb-95fc-edc809730be6,Potential Unquoted Service Path Reconnaissance Via Wmic.EXE,medium,T1047,14,0,0.086605
SigmaHQ,c79da740-5030-45ec-a2e0-479e824a562c,System Disk And Volume Reconnaissance Via Wmic.EXE,medium,"T1047,T1082",14,0,0.086968
SigmaHQ,7773b877-5abb-4a3e-b9c9-fd0369b59b00,WMIC Remote Command Execution,medium,T1047,14,0,0.091915
SigmaHQ,0b7163dc-7eee-4960-af17-c0cd517f92da,Service Started/Stopped Via Wmic.EXE,medium,T1047,14,0,0.092306
SigmaHQ,c0514f28-fdae-42df-b886-06e2b2bc5b37,Service Startup Type Change Via Wmic.EXE,medium,"T1047,T1685",14,0,0.090383
SigmaHQ,8d63dadf-b91b-4187-87b6-34a1114577ea,Potential Remote SquiblyTwo Technique Execution,high,"T1047,T1220,T1059.005,T1059.007",14,0,0.291327
SigmaHQ,a0e417e2-2fa1-40da-b6d2-e094cd5e1191,Registry Enumeration via WMI Stdregprov,medium,"T1047,T1012",14,0,0.088986
SigmaHQ,c453ab7a-1f5c-4716-a3b4-dea8135fb43a,Registry Manipulation via WMI Stdregprov,medium,"T1047,T1112",14,0,0.087764
SigmaHQ,e1693bc8-7168-4eab-8718-cdcaa68a1738,Suspicious WMIC Execution Via Office Process,high,"T1204.002,T1047,T1218.010",14,0,0.414869
SigmaHQ,3c89a1e8-0fba-449e-8f1b-8409d6267ec8,Suspicious Process Created Via Wmic.EXE,high,T1047,14,0,0.053655
SigmaHQ,49d9671b-0a0a-4c09-8280-d215bfd30662,Application Termination Attempt via Wmic.EXE,medium,T1047,14,0,0.092295
SigmaHQ,b53317a0-8acf-4fd1-8de8-a5401e776b96,Application Removed Via Wmic.EXE,medium,T1047,14,0,0.086415
SigmaHQ,847d5ff3-8a31-4737-a970-aeae8fe21765,Potential Tampering With Security Products Via WMIC,high,T1685,14,0,0.077069
SigmaHQ,05c36dd6-79d6-4a9a-97da-3db20298ab2d,XSL Script Execution Via WMIC.EXE,medium,"T1047,T1220,T1059.005,T1059.007",14,0,0.347596
SigmaHQ,d21374ff-f574-44a7-9998-4a8c8bf33d7d,WmiPrvSE Spawned A Process,medium,T1047,14,0,0.067962
SigmaHQ,692f0bec-83ba-4d04-af7e-e884a96059b6,Potential WMI Lateral Movement WmiPrvSE Spawned PowerShell,medium,"T1047,T1059.001",14,0,0.048486
SigmaHQ,8a582fe2-0882-4b89-a82a-da6b2dc32937,Suspicious WmiPrvSE Child Process,high,"T1047,T1204.002,T1218.010",14,0,0.049495
SigmaHQ,4abc0ec4-db5a-412f-9632-26659cddf145,UEFI Persistence Via Wpbbin - ProcessCreation,high,T1542.001,14,0,0.045131
SigmaHQ,cea72823-df4d-4567-950c-0b579eaf0846,Potential Dropper Script Execution Via WScript/CScript/MSHTA,medium,"T1059.005,T1059.007",14,0,0.12796
SigmaHQ,b6676963-0353-4f88-90f5-36c20d443c6a,Cscript/Wscript Potentially Suspicious Child Process,medium,,14,0,0.101423
SigmaHQ,99b7460d-c9f1-40d7-a316-1f36f61d52ee,Cscript/Wscript Uncommon Script Extension Execution,high,"T1059.005,T1059.007",14,0,0.174619
SigmaHQ,2267fe65-0681-42ad-9a6d-46553d3f3480,WSL Child Process Anomaly,medium,"T1218,T1202",14,0,0.091234
SigmaHQ,eca8ae39-5c3c-4321-b538-9e64fe25822e,Installation of WSL Kali-Linux,high,T1059,14,0,0.089008
SigmaHQ,6f1a11aa-4b8a-4b7f-9e13-4d3e4ff0e0d4,WSL Kali-Linux Usage,high,T1202,14,0,0.232154
SigmaHQ,ed825c86-c009-4014-b413-b76003e33d35,Windows Binary Executed From WSL,medium,T1202,14,0,0.378776
SigmaHQ,af77cf95-c469-471c-b6a0-946c685c4798,Proxy Execution Via Wuauclt.EXE,high,T1218,14,0,0.098527
SigmaHQ,52d097e2-063e-4c9c-8fbb-855c8948d135,Suspicious Windows Update Agent Empty Cmdline,high,T1036,14,0,0.086885
SigmaHQ,c74c0390-3e20-41fd-a69a-128f0275a5ea,Cab File Extraction Via Wusa.EXE From Potentially Suspicious Paths,high,,14,0,0.049317
SigmaHQ,ef64fc9c-a45e-43cc-8fd8-7d75d73b4c99,Wusa.EXE Executed By Parent Process Located In Suspicious Location,high,,14,0,0.04683
SigmaHQ,193d5ccd-6f59-40c6-b5b0-8e32d5ddd3d1,Xwizard.EXE Execution From Non-Default Location,high,T1574.001,14,0,0.087012
SigmaHQ,53d4bb30-3f36-4e8a-b078-69d36c4a79ff,COM Object Execution via Xwizard.EXE,medium,T1218,14,0,0.065331
SigmaHQ,c4b890e5-8d8c-4496-8c66-c805753817cd,Potential Process Hollowing Activity,medium,T1055.012,14,0,0.30469
SigmaHQ,db809f10-56ce-4420-8c86-d6a7d793c79c,Potential Defense Evasion Via Raw Disk Access By Uncommon Tools,low,T1006,14,13,1.501375
SigmaHQ,d4f4e0be-cf12-439f-9e25-4e2cdcf7df5a,Potential Persistence Via Disk Cleanup Handler - Registry,medium,,14,0,0.277337
SigmaHQ,72a0369a-2576-4aaf-bfc9-6bb24a574ac6,Delete Defender Scan ShellEx Context Menu Registry Key,medium,,14,0,0.248883
SigmaHQ,d645ef86-2396-48a1-a2b6-b629ca3f57ff,Windows Credential Guard Related Registry Value Deleted - Registry,high,T1685,14,0,0.001864
SigmaHQ,5dfc1465-8f65-4fde-8eb5-6194380c6a62,Windows Recall Feature Enabled - DisableAIDataAnalysis Value Deleted,medium,T1113,14,0,0.022325
SigmaHQ,272e55a4-9e6b-4211-acb6-78f51f0b1b40,Folder Removed From Exploit Guard ProtectedFolders List - Registry,high,T1685,14,0,0.023358
SigmaHQ,07bdd2f5-9c58-4f38-aec8-e101bb79ef8d,Terminal Server Client Connection History Cleared - Registry,high,"T1070,T1112",14,0,0.01362
SigmaHQ,41d1058a-aea7-4952-9293-29eaaf516465,Removal Of AMSI Provider Registry Keys,high,T1685,14,0,0.092727
SigmaHQ,96f697b0-b499-4e5d-9908-a67bec11cdb6,Removal of Potential COM Hijacking Registry Keys,medium,T1112,14,0,0.051577
SigmaHQ,3a9b8c1e-5b2e-4f7a-9d1c-2a7f3b6e1c55,RunMRU Registry Key Deletion - Registry,high,T1070.003,14,0,0.023332
SigmaHQ,526cc8bc-1cdc-48ad-8b26-f19bff969cec,Removal Of Index Value to Hide Schedule Task - Registry,medium,T1685,14,0,0.024685
SigmaHQ,acd74772-5f88-45c7-956b-6a7b36c294d2,Removal Of SD Value to Hide Schedule Task - Registry,medium,T1685,14,0,0.024061
SigmaHQ,460479f3-80b7-42da-9c43-2cc1d54dbccd,Creation of a Local Hidden User Account by Registry,high,T1136.001,14,0,0.048336
SigmaHQ,6ea3bf32-9680-422d-9f50-e90716b12a66,UAC Bypass Via Wsreset,high,T1548.002,14,0,0.001515
SigmaHQ,b6d235fc-1d38-4b12-adbe-325f06728f37,CMSTP Execution Registry Event,high,T1218.003,14,0,0.045368
SigmaHQ,5a9e1b2c-8f7d-4a1e-9b3c-0f6d7e5a4b1f,Windows Defender Threat Severity Default Action Modified,high,T1685,14,0,0.03966
SigmaHQ,919f2ef0-be2d-4a7a-b635-eb2b41fde044,Disable Security Events Logging Adding Reg Key MiniNt,high,"T1685.001,T1112",14,0,0.002655
SigmaHQ,1a2d6c47-75b0-45bd-b133-2c0be75349fd,Wdigest CredGuard Registry Modification,high,T1112,14,0,0.000921
SigmaHQ,5aad0995-46ab-41bd-a9ff-724f41114971,Esentutl Volume Shadow Copy Service Keys,high,T1003.002,14,0,0.059152
SigmaHQ,a6b33c02-8305-488f-8585-03cb2a7763f2,Windows Credential Editor Registry,critical,T1003.001,14,0,0.001337
SigmaHQ,ac8866c7-ce44-46fd-8c17-b24acff96ca8,HybridConnectionManager Service Installation - Registry,high,T1608,14,0,0.091724
SigmaHQ,f7f9ab88-7557-4a69-b30e-0a8f91b3a0e7,Registry Entries For Azorult Malware,critical,T1112,14,0,0.019911
SigmaHQ,1c8e96cd-2bed-487d-9de0-b46c90cade56,Potential Qakbot Registry Activity,high,T1112,14,0,0.007635
SigmaHQ,67a6c006-3fbe-46a7-9074-2ba3b82c3000,Path To Screensaver Binary Modified,medium,T1546.002,14,0,0.048473
SigmaHQ,f663a6d9-9d1b-49b8-b2b1-0637914d199a,Narrator's Feedback-Hub Persistence,high,T1547.001,14,0,0.009758
SigmaHQ,d67572a0-e2ec-45d6-b8db-c100d14b8ef2,NetNTLM Downgrade Attack - Registry,high,"T1685,T1112",14,0,0.004208
SigmaHQ,6aa1d992-5925-4e9f-a49b-845e51d1de01,New DLL Added to AppCertDlls Registry Key,medium,T1546.009,14,0,0.002635
SigmaHQ,4f84b697-c9ed-4420-8ab5-e09af5b2345d,New DLL Added to AppInit_DLLs Registry Key,medium,T1546.010,14,0,0.29477
SigmaHQ,3d27f6dd-1c74-4687-b4fa-ca849d128d1c,Office Application Startup - Office Test,medium,T1137.002,14,0,0.008314
SigmaHQ,295a59c1-7b79-4b47-a930-df12c15fc9c2,Windows Registry Trust Record Modification,medium,T1566.001,14,0,0.001521
SigmaHQ,277efb8f-60be-4f10-b4d3-037802f37167,Registry Persistence Mechanisms in Recycle Bin,high,T1547,14,0,0.003029
SigmaHQ,a54f842a-3713-4b45-8c84-5f136fdebd3c,New PortProxy Registry Entry Added,medium,T1090,14,0,0.00157
SigmaHQ,5b175490-b652-4b02-b1de-5b5b4083c5f8,RedMimicry Winnti Playbook Registry Manipulation,high,T1112,14,0,0.007901
SigmaHQ,b98968aa-dbc0-4a9c-ac35-108363cbf8d5,WINEKEY Registry Modification,high,T1547,14,0,0.021876
SigmaHQ,c74d7efc-8826-45d9-b8bb-f04fac9e4eff,Run Once Task Configuration in Registry,medium,T1112,14,0,0.053643
SigmaHQ,152f3630-77c1-4284-bcc0-4cc68ab2f6e7,Shell Open Registry Keys Manipulation,high,"T1548.002,T1546.001",14,0,0.019981
SigmaHQ,55e29995-75e7-451a-bef0-6225e2f13597,Potential Credential Dumping Via LSASS SilentProcessExit Technique,critical,T1003.001,14,0,0.045603
SigmaHQ,eeb30123-9fbd-4ee8-aaa0-2e545bbed6dc,Security Support Provider (SSP) Added to LSA Configuration,high,T1547.005,14,0,0.125355
SigmaHQ,baca5663-583c-45f9-b5dc-ea96a22ce542,Sticky Key Like Backdoor Usage - Registry,critical,T1546.008,14,0,0.31884
SigmaHQ,9577edbb-851f-4243-8c91-1d5b50c1a39b,Atbroker Registry Change,medium,"T1218,T1547",14,0,0.090462
SigmaHQ,9c5037d1-c568-49b3-88c7-9846a5bdc2be,Suspicious Run Key from Download,high,T1547.001,14,0,0.092067
SigmaHQ,b3503044-60ce-4bf4-bbcb-e3db98788823,DLL Load via LSASS,high,T1547.008,14,0,0.090327
SigmaHQ,62120148-6b7a-42be-8b91-271c04e281a3,Suspicious Camera and Microphone Access,high,"T1125,T1123",14,0,0.039063
SigmaHQ,7f4c43f9-b1a5-4c7d-b24a-b41bf3a3ebf2,Registry Tampering by Potentially Suspicious Processes,medium,"T1112,T1059.005",14,0,0.173235
SigmaHQ,4d431012-2ab5-4db7-a84e-b29809da2172,Enable Remote Connection Between Anonymous Computer - AllowAnonymousCallback,medium,T1685,14,0,0.008131
SigmaHQ,1547e27c-3974-43e2-a7d7-7f484fb928ec,Registry Persistence via Service in Safe Mode,high,T1564.001,14,0,0.092862
SigmaHQ,944e8941-f6f6-4ee8-ac05-1c224e923c0e,Add Port Monitor Persistence in Registry,medium,T1547.010,14,0,0.050602
SigmaHQ,092af964-4233-4373-b4ba-d86ea2890288,Add Debugger Entry To AeDebug For Persistence,medium,,14,0,0.050829
SigmaHQ,37b437cf-3fc5-4c8e-9c94-1d7c9aff842b,Allow RDP Remote Assistance Feature,medium,T1112,14,0,0.002659
SigmaHQ,160d2780-31f7-4922-8b3a-efce30e63e96,Potential AMSI COM Server Hijacking,high,T1685,14,0,0.022296
SigmaHQ,aa37cbb0-da36-42cb-a90f-fdf216fc7467,AMSI Disabled via Registry Modification,high,T1685,14,0,0.022255
SigmaHQ,9df5f547-c86a-433e-b533-f2794357e242,Classes Autorun Keys Modification,medium,T1547.001,14,0,0.086513
SigmaHQ,f59c3faf-50f3-464b-9f4c-1b67ab512d99,Common Autorun Keys Modification,medium,T1547.001,14,0,1.070611
SigmaHQ,f674e36a-4b91-431e-8aef-f8a96c2aca35,CurrentControlSet Autorun Keys Modification,medium,T1547.001,14,0,0.061331
SigmaHQ,20f0ee37-5942-4e45-b7d5-c5b5db9df5cd,CurrentVersion Autorun Keys Modification,medium,T1547.001,14,0,0.189865
SigmaHQ,cbf93e5d-ca6c-4722-8bea-e9119007c248,CurrentVersion NT Autorun Keys Modification,medium,T1547.001,14,0,0.080014
SigmaHQ,a80f662f-022f-4429-9b8c-b1a41aaa6688,Internet Explorer Autorun Keys Modification,medium,T1547.001,14,0,0.017966
SigmaHQ,baecf8fb-edbf-429f-9ade-31fc3f22b970,Office Autorun Keys Modification,medium,T1547.001,14,0,0.144004
SigmaHQ,046218bd-e0d8-4113-a3c3-895a12b2b298,Session Manager Autorun Keys Modification,medium,"T1547.001,T1546.009",14,0,0.003685
SigmaHQ,e7a2fd40-3ae1-4a85-bf80-15cf624fb1b1,System Scripts Autorun Keys Modification,medium,T1547.001,14,0,0.025942
SigmaHQ,d6c2ce7e-afb5-4337-9ca4-4b5254ed0565,WinSock2 Autorun Keys Modification,medium,T1547.001,14,0,0.051174
SigmaHQ,b29aed60-ebd1-442b-9cb5-16a1d0324adb,Wow6432Node CurrentVersion Autorun Keys Modification,medium,T1547.001,14,0,0.072414
SigmaHQ,18f2065c-d36c-464a-a748-bcf909acb2e3,Wow6432Node Classes Autorun Keys Modification,medium,T1547.001,14,0,0.011164
SigmaHQ,480421f9-417f-4d3b-9552-fd2728443ec8,Wow6432Node Windows NT CurrentVersion Autorun Keys Modification,medium,T1547.001,14,0,0.077926
SigmaHQ,53330955-dc52-487f-a3a2-da24dcff99b5,New BgInfo.EXE Custom DB Path Registry Configuration,medium,T1112,14,0,0.008666
SigmaHQ,992dd79f-dde8-4bb0-9085-6350ba97cfb3,New BgInfo.EXE Custom VBScript Registry Configuration,medium,T1112,14,0,0.008256
SigmaHQ,cd277474-5c52-4423-a52b-ac2d7969902f,New BgInfo.EXE Custom WMI Query Registry Configuration,medium,T1112,14,0,0.007763
SigmaHQ,46dd5308-4572-4d12-aa43-8938f0184d4f,Bypass UAC Using DelegateExecute,high,T1548.002,14,0,0.001611
SigmaHQ,674202d0-b22a-4af4-ae5f-2eda1f3da1af,Bypass UAC Using Event Viewer,high,T1547.010,14,0,0.050946
SigmaHQ,724ea201-6514-4f38-9739-e5973c34f49a,Bypass UAC Using SilentCleanup Task,high,T1548.002,14,0,0.00151
SigmaHQ,509e84b9-a71a-40e0-834f-05470369bd1e,Default RDP Port Changed to Non Standard Port,high,T1547.010,14,0,0.003025
SigmaHQ,45e112d0-7759-4c2a-aa36-9f8fb79d3393,IE Change Domain Zone,medium,T1137,14,0,0.024006
SigmaHQ,4916a35e-bfc4-47d0-8e25-a003d7067061,Sysmon Driver Altitude Change,high,T1685,14,0,0.002024
SigmaHQ,7d9263bd-dc47-4a58-bc92-5474abab390c,Change Winevt Channel Access Permission Via Registry,high,T1685.001,14,0,0.077166
SigmaHQ,b64a026b-8deb-4c1d-92fd-98893209dff1,Running Chrome VPN Extensions via the Registry 2 VPN Extension,high,T1133,14,0,0.012725
SigmaHQ,ac9159cc-c364-4304-8f0a-d63fc1a0aabb,ClickOnce Trust Prompt Tampering,medium,T1112,14,0,0.010512
SigmaHQ,61a7697c-cb79-42a8-a2ff-5f0cdfae0130,Potential CobaltStrike Service Installations - Registry,high,"T1021.002,T1543.003,T1569.002",14,0,0.100821
SigmaHQ,07743f65-7ec9-404a-a519-913db7118a8d,COM Hijack via Sdclt,high,"T1546,T1548",14,0,0.00808
SigmaHQ,2ff692c2-4594-41ec-8fcb-46587de769e0,CrashControl CrashDump Disabled,medium,"T1564,T1112",14,0,0.002432
SigmaHQ,8839e550-52d7-4958-9f2f-e13c1e736838,Security Event Logging Disabled via MiniNt Registry Key - Registry Set,high,"T1685.001,T1112",14,0,0.002058
SigmaHQ,a07f0359-4c90-4dc4-a681-8ffea40b4f47,Service Binary in Suspicious Folder,high,T1112,14,0,0.103698
SigmaHQ,73921b9c-cafd-4446-b0c6-fdb0ace42bc0,Windows Credential Guard Disabled - Registry,high,T1685,14,0,0.003108
SigmaHQ,7530b96f-ad8e-431d-a04d-ac85cc461fdc,Custom File Open Handler Executes PowerShell,high,T1202,14,0,0.021038
SigmaHQ,9827ae57-3802-418f-994b-d5ecf5cd974b,Potential Registry Persistence Attempt Via DbgManagedDebugger,medium,T1574,14,0,0.048438
SigmaHQ,a982fc9c-6333-4ffb-a51d-addb04e8b529,Windows Defender Exclusions Added - Registry,medium,T1685,14,0,0.021362
SigmaHQ,85b88e05-dadc-430b-8a9e-53ff1cd30aae,Potentially Suspicious Desktop Background Change Via Registry,medium,"T1112,T1491.001",14,0,0.132481
SigmaHQ,31e124fb-5dc4-42a0-83b3-44a69c77b271,Antivirus Filter Driver Disallowed On Dev Drive - Registry,high,T1685,14,0,0.001566
SigmaHQ,8b7273a4-ba5d-4d8a-b04f-11f2900d043a,Windows Hypervisor Enforced Code Integrity Disabled,high,T1685,14,0,0.058937
SigmaHQ,7f2954d2-99c2-4d42-a065-ca36740f187b,Hypervisor Enforced Paging Translation Disabled,high,T1685,14,0,0.001443
SigmaHQ,9d3436ef-9476-4c43-acca-90ce06bdf33a,DHCP Callout DLL Installation,high,"T1574.001,T1112",14,0,0.002007
SigmaHQ,c7dcacd0-cc59-4004-b0a4-1d6cdebe6f3e,Disable Administrative Share Creation at Startup,medium,T1070.005,14,0,0.002233
SigmaHQ,f37b4bce-49d0-4087-9f5b-58bffda77316,Potential AutoLogger Sessions Tampering,high,T1685.001,14,0,0.053383
SigmaHQ,974515da-6cc5-4c95-ae65-f97f9150ec7f,Disable Microsoft Defender Firewall via Registry,medium,T1686.003,14,0,0.00289
SigmaHQ,e2482f8d-3443-4237-b906-cc145d87a076,Disable Internal Tools or Feature in Registry,medium,T1112,14,0,0.332172
SigmaHQ,ab871450-37dc-4a3a-997f-6662aa8ae0f1,Disable Macro Runtime Scan Scope,high,,14,0,0.014871
SigmaHQ,0372e1f9-0fd2-40f7-be1b-a7b2b848fa7b,Disable Privacy Settings Experience in Registry,medium,T1685,14,0,0.023502
SigmaHQ,3ae1a046-f7db-439d-b7ce-b8b366b81fa6,Disable Windows Security Center Notifications,medium,T1112,14,0,0.023635
SigmaHQ,5de03871-5d46-4539-a82d-3aa992a69a83,Registry Disable System Restore,high,T1490,14,0,0.042102
SigmaHQ,e1aa95de-610a-427d-b9e7-9b46cfafbe6a,Windows Defender Service Disabled - Registry,high,T1685,14,0,0.001894
SigmaHQ,ba226dcf-d390-4642-b9af-b534872f1156,Windows Event Log Access Tampering Via Registry,high,"T1547.001,T1112",14,0,0.200452
SigmaHQ,e78c408a-e2ea-43cd-b5ea-51975cf358c0,Disable Windows Firewall by Registry,medium,T1686.003,14,0,0.014024
SigmaHQ,2f78da12-f7c7-430b-8b19-a28f269b77a3,Disable Windows Event Logging Via Registry,high,T1685.001,14,0,0.070338
SigmaHQ,bf9e1387-b040-4393-9851-1598f8ecfae9,Disable Exploit Guard Network Protection on Windows Defender,medium,T1685,14,0,0.023982
SigmaHQ,fcddca7c-b9c0-4ddf-98da-e1e2d18b0157,Disabled Windows Defender Eventlog,high,T1685,14,0,0.023654
SigmaHQ,8ffc5407-52e3-478f-9596-0a7371eafe13,Disable PUA Protection on Windows Defender,high,T1685,14,0,0.022591
SigmaHQ,93d298a1-d28f-47f1-a468-d971e7796679,Disable Tamper Protection on Windows Defender,medium,T1685,14,0,0.052205
SigmaHQ,275641a5-a492-45e2-a817-7c81e9d9d3e9,Add DisallowRun Execution to Registry,medium,T1112,14,0,0.022891
SigmaHQ,d4e2745c-f0c6-4bde-a3ab-b553b3f693cc,Persistence Via Disk Cleanup Handler - Autorun,medium,,14,0,0.05048
SigmaHQ,04b45a8a-d11d-49e4-9acc-4a1b524407a5,DNS-over-HTTPS Enabled by Registry,medium,"T1140,T1112",14,0,0.021404
SigmaHQ,e61e8a88-59a9-451c-874e-70fcc9740d67,New DNS ServerLevelPluginDll Installed,high,"T1574.001,T1112",14,0,0.001715
SigmaHQ,bf4fc428-dcc3-4bbd-99fe-2422aeee2544,ETW Logging Disabled In .NET Processes - Sysmon Registry,high,"T1112,T1685",14,0,0.213474
SigmaHQ,b61e87c0-50db-4b2e-8986-6a2be94b33b0,Directory Service Restore Mode(DSRM) Registry Value Tampering,high,T1556,14,0,0.002058
SigmaHQ,973ef012-8f1a-4c40-93b4-7e659a5cd17f,Periodic Backup For System Registry Hives Enabled,medium,T1113,14,0,0.002191
SigmaHQ,75180c5f-4ea1-461a-a4f6-6e4700c065d4,Windows Recall Feature Enabled - Registry,medium,T1113,14,0,0.024788
SigmaHQ,ad89044a-8f49-4673-9a55-cbd88a1b374f,Enabling COR Profiler Environment Variables,medium,T1574.012,14,0,0.001726
SigmaHQ,7d995e63-ec83-4aa3-89d5-8a17b5c87c86,Scripted Diagnostics Turn Off Check Enabled - Registry,medium,T1685,14,0,0.023841
SigmaHQ,0cb8d736-995d-4ce7-a31e-1e8d452a1459,Potential EventLog File Location Tampering,high,T1685.001,14,0,0.019296
SigmaHQ,42205c73-75c8-4a63-9db1-e3782e06fda0,Suspicious Application Allowed Through Exploit Guard,high,T1685,14,0,0.03628
SigmaHQ,e3fdf743-f05b-4051-990a-b66919be1743,Change User Account Associated with the FAX Service,high,T1112,14,0,0.002487
SigmaHQ,9e3357ba-09d4-4fbd-a7c5-ad6386314513,Change the Fax Dll,high,T1112,14,0,0.029352
SigmaHQ,44a22d59-b175-4f13-8c16-cbaef5b581ff,New File Association Using Exefile,high,,14,0,0.001772
SigmaHQ,4fee3d51-8069-4a4c-a0f7-924fcaff2c70,FileFix - Command Evidence in TypedPaths,high,T1204.004,14,0,0.048337
SigmaHQ,833ef470-fa01-4631-a79b-6f291c9ac498,Add Debugger Entry To Hangs Key For Persistence,high,,14,0,0.021309
SigmaHQ,f10ed525-97fe-4fed-be7c-2feecca941b1,Persistence Via Hhctrl.ocx,high,,14,0,0.023802
SigmaHQ,5df86130-4e95-4a54-90f7-26541b40aec2,Registry Modification to Hidden File Extension,medium,T1137,14,0,0.04459
SigmaHQ,5a5152f1-463f-436b-b2f5-8eceb3964b42,Displaying Hidden Files Feature Disabled,medium,T1564.001,14,0,0.041459
SigmaHQ,5a93eb65-dffa-4543-b761-94aa60098fb6,Registry Hide Function from User,medium,T1112,14,0,0.141662
SigmaHQ,5b16df71-8615-4f7f-ac9b-6c43c0509e61,Hide Schedule Task Via Index Value Tamper,high,T1685,14,0,0.024883
SigmaHQ,555155a2-03bf-4fe7-af74-d176b3fdbe16,Driver Added To Disallowed Images In HVCI - Registry,high,,14,0,0.001204
SigmaHQ,3fd4c8d7-8362-4557-a8e6-83b29cc0d724,IE ZoneMap Setting Downgraded To MyComputer Zone For HTTP Protocols,high,,14,0,0.02806
SigmaHQ,b888e3f2-224d-4435-b00b-9dd66e9ea1f1,Uncommon Extension In Keyboard Layout IME File Registry Value,high,T1685,14,0,0.001914
SigmaHQ,9d8f9bb8-01af-4e15-a3a2-349071530530,Suspicious Path In Keyboard Layout IME File Registry Value,high,T1685,14,0,0.039169
SigmaHQ,d223b46b-5621-4037-88fe-fda32eead684,New Root or CA or AuthRoot Certificate to Store,medium,T1490,14,0,0.046665
SigmaHQ,ab567429-1dfb-4674-b6d2-979fd2f9d125,Internet Explorer DisableFirstRunCustomize Enabled,medium,,14,0,0.054545
SigmaHQ,8b9606c9-28be-4a38-b146-0e313cc232c1,Potential Ransomware Activity Using LegalNotice Message,high,T1491.001,14,0,0.044928
SigmaHQ,3aff0be0-7802-4a7e-a4fa-c60c74bc5e1d,Lolbas OneDriveStandaloneUpdater.exe Proxy Download,high,T1105,14,0,0.008182
SigmaHQ,d6ce7ebd-260b-4323-9768-a9631c8d4db2,RestrictedAdminMode Registry Value Tampering,high,T1112,14,0,0.001863
SigmaHQ,33efc23c-6ea2-4503-8cfe-bdf82ce8f719,Lsass Full Dump Request Via DumpType Registry Settings,high,T1003.001,14,0,0.096754
SigmaHQ,28036918-04d3-423d-91c0-55ecf99fb892,NET NGenAssemblyUsageLog Registry Key Tamper,high,T1112,14,0,0.006975
SigmaHQ,e7b18879-676e-4a0e-ae18-27039185a8e7,New Netsh Helper DLL Registered From A Suspicious Location,high,T1546.007,14,0,0.037295
SigmaHQ,c90362e0-2df3-4e61-94fe-b37615814cb1,Potential Persistence Via Netsh Helper DLL - Registry,medium,T1546.007,14,0,0.052318
SigmaHQ,60936b49-fca0-4f32-993d-7415edcf9a5d,New Application in AppCompat,informational,T1204.002,14,0,0.001727
SigmaHQ,0442defa-b4a2-41c9-ae2c-ea7042fc4701,Potential Credential Dumping Attempt Using New NetworkProvider - REG,medium,T1003,14,0,0.051458
SigmaHQ,3390fbef-c98d-4bdd-a863-d65ed7c610dd,New ODBC Driver Registered,low,,14,0,0.029202
SigmaHQ,e4d22291-f3d5-4b78-9a0c-a1fbaf32a6a4,Potentially Suspicious ODBC Driver Registered,high,T1003,14,0,0.074124
SigmaHQ,1a5c46e9-f32f-42f7-b2bc-6e9084db7fbf,Trust Access Disable For VBApplications,high,T1112,14,0,0.001799
SigmaHQ,a5c7a43f-6009-4a8c-80c5-32abf1c53ecc,Microsoft Office Protected View Disabled,high,T1685,14,0,0.012302
SigmaHQ,17e53739-a1fc-4a62-b1b9-87711c2d5e44,Python Function Execution Security Warning Disabled In Excel - Registry,high,T1685,14,0,0.009628
SigmaHQ,63647769-326d-4dde-a419-b925cc0caf42,Enable Microsoft Dynamic Data Exchange,medium,T1559.002,14,0,0.003628
SigmaHQ,396ae3eb-4174-4b9b-880e-dc0364d78a19,Potential Persistence Via Outlook LoadMacroProviderOnBoot Setting,high,"T1137,T1008,T1546",14,0,0.001661
SigmaHQ,e3b50fa5-3c3f-444e-937b-0a99d33731cd,Outlook Macro Execution Without Warning Setting Enabled,high,"T1137,T1008,T1546",14,0,0.001776
SigmaHQ,6763c6c8-bd01-4687-bc8d-4fa52cf8ba08,Outlook EnableUnsafeClientMailRules Setting Enabled - Registry,high,T1112,14,0,0.002139
SigmaHQ,c3cefdf4-6703-4e1c-bad8-bf422fc5015a,Outlook Security Settings Updated - Registry,medium,T1137,14,0,0.060001
SigmaHQ,a166f74e-bf44-409d-b9ba-ea4b2dd8b3cd,Macro Enabled In A Potentially Suspicious Document,high,T1112,14,0,0.040177
SigmaHQ,f742bde7-9528-42e5-bd82-84f51a8387d2,Uncommon Microsoft Office Trusted Location Added,high,T1112,14,0,0.056753
SigmaHQ,91239011-fe3c-4b54-9f24-15c86bb65913,Office Macros Warning Disabled,high,T1112,14,0,0.00166
SigmaHQ,0e6a9e62-627e-496c-aef5-bfa39da29b5e,MaxMpxCt Registry Value Changed,low,T1070.005,14,0,0.001459
SigmaHQ,33efc23c-6ea2-4503-8cfe-bdf82ce8f705,Potential Persistence Via New AMSI Providers - Registry,medium,,14,0,0.098196
SigmaHQ,b86852fb-4c77-48f9-8519-eb1b2c308b59,Potential Persistence Via AppCompat RegisterAppRestart Layer,medium,T1546.011,14,0,0.02442
SigmaHQ,707e097c-e20f-4f67-8807-1f72ff4500d6,Potential Persistence Via App Paths Default Property,high,T1546.012,14,0,0.044564
SigmaHQ,df4dc653-1029-47ba-8231-3c44238cc0ae,Potential Persistence Using DebugPath,medium,T1546.015,14,0,0.047038
SigmaHQ,e6fe26ee-d063-4f5b-b007-39e90aaf50e3,Potential Persistence Via AutodialDLL,high,,14,0,0.001742
SigmaHQ,976dd1f2-a484-45ec-aa1d-0e87e882262b,Potential Persistence Via CHM Helper DLL,high,,14,0,0.013583
SigmaHQ,790317c0-0a36-4a6a-a105-6e576bf99a14,COM Object Hijacking Via Modification Of Default System CLSID Default Value,high,T1546.015,14,0,0.043615
SigmaHQ,9b0f8a61-91b2-464f-aceb-0527e0a45020,Potential COM Object Hijacking Via TreatAs Subkey - Registry,medium,T1546.015,14,0,0.054886
SigmaHQ,243380fa-11eb-4141-af92-e14925e77c1b,Potential PSFactoryBuffer COM Hijacking,high,T1546.015,14,0,0.029587
SigmaHQ,fdbf0b9d-0182-4c43-893b-a1eaab92d085,Potential Persistence Via Custom Protocol Handler,medium,T1112,14,0,0.026247
SigmaHQ,a1e11042-a74a-46e6-b07c-c4ce8ecc239b,Potential Persistence Via Event Viewer Events.asp,medium,T1112,14,0,0.119068
SigmaHQ,36803969-5421-41ec-b92f-8500f79c23b0,Potential Persistence Via GlobalFlags,high,T1546.012,14,0,0.084617
SigmaHQ,d88d0ab2-e696-4d40-a2ed-9790064e66b3,Modification of IE Registry Settings,low,T1112,14,0,0.067199
SigmaHQ,b23818c7-e575-4d13-8012-332075ec0a2b,Register New IFiltre For Persistence,medium,,14,0,0.050851
SigmaHQ,9ace0707-b560-49b8-b6ca-5148b42f39fb,Potential Persistence Via Logon Scripts - Registry,medium,T1037.001,14,0,0.001288
SigmaHQ,41f6531d-af6e-4c6e-918f-b946f2b85a36,Potential Persistence Via LSA Extensions,high,,14,0,0.00204
SigmaHQ,92772523-d9c1-4c93-9547-b0ca500baba3,Potential Persistence Via Mpnotify,high,,14,0,0.023542
SigmaHQ,8fbe98a8-8f9d-44f8-aa71-8c572e29ef06,Potential Persistence Via MyComputer Registry Keys,high,,14,0,0.024703
SigmaHQ,a1b1fd53-9c4a-444c-bae0-34a330fc7aa8,Potential Persistence Via DLLPathOverride,high,,14,0,0.002586
SigmaHQ,9d15044a-7cfe-4d23-8085-6ebc11df7685,Potential Persistence Via Visual Studio Tools for Office,medium,T1137.006,14,0,0.211912
SigmaHQ,ddd171b5-2cc6-4975-9e78-f0eccd08cc76,Potential Persistence Via Outlook Home Page,high,T1112,14,0,0.008363
SigmaHQ,487bb375-12ef-41f6-baae-c6a1572b4dd1,Potential Persistence Via Outlook Today Page,high,T1112,14,0,0.053625
SigmaHQ,0cf2e1c6-8d10-4273-8059-738778f981ad,Potential WerFault ReflectDebugger Registry Value Abuse,high,T1036.003,14,0,0.021798
SigmaHQ,fe20dda1-6f37-4379-bbe0-a98d400cae90,Potential Persistence Via Scrobj.dll COM Hijacking,medium,T1546.015,14,0,0.027859
SigmaHQ,dfb5b4e8-91d0-4291-b40a-e3b0d3942c45,Potential Persistence Via Shim Database Modification,medium,T1546.011,14,0,0.12536
SigmaHQ,bf344fea-d947-4ef4-9192-34d008315d3a,Suspicious Shim Database Patching Activity,high,T1546.011,14,0,0.049716
SigmaHQ,6b6976a3-b0e6-4723-ac24-ae38a737af41,Potential Persistence Via Shim Database In Uncommon Location,high,T1546.011,14,0,0.023903
SigmaHQ,086ae989-9ca6-4fe7-895a-759c5544f247,Potential Persistence Via TypedPaths,high,,14,0,0.0493
SigmaHQ,961e33d1-4f86-4fcf-80ab-930a708b2f82,Potential Persistence Via Excel Add-in - Registry,high,T1137.006,14,0,0.008054
SigmaHQ,a9b6c011-ab69-4ddb-bc0a-c4f21c80ec47,Potential Attachment Manager Settings Associations Tamper,high,,14,0,0.049041
SigmaHQ,ee77a5db-b0f3-4be2-bfd4-b58be1c6b15a,Potential Attachment Manager Settings Attachments Tamper,high,,14,0,0.023732
SigmaHQ,f5fe36cf-f1ec-4c23-903d-09a3110f6bbb,Potential ClickFix Execution Pattern - Registry,high,T1204.001,14,0,0.044807
SigmaHQ,c0e0bdec-3e3d-47aa-9974-05539c999c89,Registry Modification for OCI DLL Redirection,high,"T1112,T1574.001",14,0,0.053613
SigmaHQ,4a5f5a5e-ac01-474b-9b4e-d61298c9df1d,PowerShell as a Service in Registry,high,T1569.002,14,0,0.024365
SigmaHQ,8218c875-90b9-42e2-b60d-0b0069816d10,PowerShell Script Execution Policy Enabled,low,,14,0,0.035194
SigmaHQ,fad91067-08c5-4d1a-8d8c-d96a21b37814,Potential PowerShell Execution Policy Tampering,medium,,14,0,0.069435
SigmaHQ,8d85cf08-bf97-4260-ba49-986a2a65129c,Suspicious PowerShell In Registry Run Keys,medium,T1547.001,14,0,0.462739
SigmaHQ,fecfd1a1-cc78-4313-a1ea-2ee2e8ec27a7,PowerShell Logging Disabled Via Registry Key Tampering,high,"T1564.001,T1112",14,0,0.070701
SigmaHQ,7021255e-5db3-4946-a8b9-0ba7a4644a69,Potential Provisioning Registry Key Abuse For Binary Proxy Execution - REG,high,T1218,14,0,0.007409
SigmaHQ,25ffa65d-76d8-4da5-a832-3f2b0136e133,PUA - Sysinternal Tool Execution - Registry,low,T1588.002,14,0,0.000956
SigmaHQ,f50f3c09-557d-492d-81db-9064a8d4e211,Suspicious Execution Of Renamed Sysinternals Tools - Registry,high,T1588.002,14,0,0.515503
SigmaHQ,c7da8edc-49ae-45a2-9e61-9fd860e4e73d,PUA - Sysinternals Tools Execution - Registry,medium,T1588.002,14,0,0.047743
SigmaHQ,8023f872-3f1d-4301-a384-801889917ab4,Usage of Renamed Sysinternals Tools - RegistrySet,high,T1588.002,14,0,0.468013
SigmaHQ,90f342e1-1aaa-4e43-b092-39fda57ed11e,ETW Logging Disabled For rpcrt4.dll,low,"T1112,T1685",14,0,0.02326
SigmaHQ,a7df0e9e-91a5-459a-a003-4cde67c2ff5d,Potentially Suspicious Command Executed Via Run Dialog Box - Registry,high,T1059.001,14,0,0.040747
SigmaHQ,40b6e656-4e11-4c0c-8772-c1cc6dae34ce,ScreenSaver Registry Key Set,medium,T1218.011,14,0,0.049211
SigmaHQ,6c304b02-06e6-402d-8be4-d5833cdf8198,Potential SentinelOne Shell Context Menu Scan Command Tampering,medium,,14,0,0.048089
SigmaHQ,612e47e9-8a59-43a6-b404-f48683f45bd6,ServiceDll Hijack,medium,T1543.003,14,0,0.054258
SigmaHQ,4f281b83-0200-4b34-bf35-d24687ea57c2,ETW Logging Disabled For SCM,low,"T1112,T1685",14,0,0.02242
SigmaHQ,1c3121ed-041b-4d97-a075-07f54f20fb4a,Registry Explorer Policy Modification,medium,T1112,14,0,0.211468
SigmaHQ,5a2b21ee-6aaa-4234-ac9d-59a59edf90a1,Persistence Via New SIP Provider,medium,T1553.003,14,0,0.196363
SigmaHQ,9f4662ac-17ca-43aa-8f12-5d7b989d0101,Tamper With Sophos AV Registry Keys,high,T1685,14,0,0.003681
SigmaHQ,f8aebc67-a56d-4ec9-9fbe-7b0e8b7b4efd,Hiding User Account Via SpecialAccounts Registry Key,high,T1564.002,14,0,0.026102
SigmaHQ,0c93308a-3f1b-40a9-b649-57ea1a1c1d63,Activate Suppression of Windows Security Center Notifications,medium,T1112,14,0,0.023199
SigmaHQ,34aa0252-6039-40ff-951f-939fd6ce47d8,Suspicious Keyboard Layout Load,medium,T1588.002,14,0,0.002271
SigmaHQ,4eec988f-7bf0-49f1-8675-1e6a510b3a2a,Potential PendingFileRenameOperations Tampering,medium,T1036.003,14,0,0.050041
SigmaHQ,e0813366-0407-449a-9869-a2db1119dc41,Suspicious Printer Driver Empty Manufacturer,high,T1574,14,0,0.027536
SigmaHQ,b7916c2a-fa2f-4795-9477-32b731f70f11,Registry Persistence via Explorer Run Key,high,T1547.001,14,0,0.036558
SigmaHQ,02ee49e2-e294-4d0f-9278-f5b3212fc588,New RUN Key Pointing to Suspicious Folder,high,T1547.001,14,0,0.197317
SigmaHQ,7a1b4c5e-8f3d-4b9a-7c2e-1f4a5b8c6d9e,Suspicious Space Characters in RunMRU Registry Path - ClickFix,high,"T1204.004,T1027.010",14,0,0.026702
SigmaHQ,f2485272-a156-4773-82d7-1d178bc4905b,Suspicious Service Installed,medium,T1685,14,0,0.090718
SigmaHQ,9e8894c0-0ae0-11ef-9d85-1f2942bec57c,Suspicious Shell Open Command Registry Modification,medium,"T1548.002,T1546.001",14,0,0.036416
SigmaHQ,8f2a5c3d-9e4b-4a7c-8d1f-2e5a6b9c3d7e,Suspicious Space Characters in TypedPaths Registry Path - FileFix,high,"T1204.004,T1027.010",14,0,0.024446
SigmaHQ,9c226817-8dc9-46c2-a58d-66655aafd7dc,Modify User Shell Folders Startup Value,high,T1547.001,14,0,0.13058
SigmaHQ,1f1d8209-636e-4c6c-a137-781cca8b82f9,WFP Filter Added via Registry,medium,"T1685,T1569.002",14,0,0.048201
SigmaHQ,966315ef-c5e1-4767-ba25-fce9c8de3660,Suspicious Environment Variable Has Been Registered,high,,14,0,0.034627
SigmaHQ,c420410f-c2d8-4010-856b-dffe21866437,Enable LM Hash Storage,high,T1112,14,0,0.002221
SigmaHQ,4720b7df-40c3-48fd-bbdf-fd4b3c464f0d,Scheduled TaskCache Change by Uncommon Program,high,"T1053,T1053.005",14,0,0.066246
SigmaHQ,73a883d0-0348-4be4-a8d8-51031c2564f8,Potential Registry Persistence Attempt Via Windows Telemetry,high,T1053.005,14,0,0.052841
SigmaHQ,a2863fbc-d5cb-48d5-83fb-d976d4b1743b,RDP Sensitive Settings Changed to Zero,medium,T1112,14,0,0.002077
SigmaHQ,3f6b7b62-61aa-45db-96bd-9c31b36b653c,RDP Sensitive Settings Changed,high,T1112,14,0,0.17522
SigmaHQ,e88a6ddc-74f7-463b-9b26-f69fc0d2ce85,New TimeProviders Registered With Uncommon DLL Name,high,T1547.003,14,0,0.030848
SigmaHQ,439957a7-ad86-4a8f-9705-a28131c6821b,Old TLS1.0/TLS1.1 Protocol Version Enabled,medium,,14,0,0.016406
SigmaHQ,dc5c24af-6995-49b2-86eb-a9ff62199e82,COM Hijacking via TreatAs,medium,T1546.015,14,0,0.051673
SigmaHQ,b110ebaf-697f-4da1-afd5-b536fa27a2c1,Potential Signing Bypass Via Windows Developer Features - Registry,high,,14,0,0.043195
SigmaHQ,7c81fec3-1c1d-43b0-996a-46753041b1b6,UAC Bypass via Event Viewer,high,T1548.002,14,0,0.001725
SigmaHQ,5b872a46-3b90-45c1-8419-f675db8053aa,UAC Bypass via Sdclt,high,T1548.002,14,0,0.125235
SigmaHQ,6597be7b-ac61-4ac8-bef4-d3ec88174853,UAC Bypass Abusing Winsat Path Parsing - Registry,high,T1548.002,14,0,0.048786
SigmaHQ,5f9db380-ea57-4d1e-beab-8a2d33397e93,UAC Bypass Using Windows Media Player - Registry,high,T1548.002,14,0,0.049094
SigmaHQ,48437c39-9e5f-47fb-af95-3d663c3f2919,UAC Disabled,medium,T1548.002,14,0,0.022138
SigmaHQ,c5f6a85d-b647-40f7-bbad-c10b66bab038,UAC Notification Disabled,medium,T1548.002,14,0,0.007429
SigmaHQ,0d7ceeef-3539-4392-8953-3dc664912714,UAC Secure Desktop Prompt Disabled,medium,T1548.002,14,0,0.022236
SigmaHQ,46490193-1b22-4c29-bdd6-5bf63907216f,VBScript Payload Stored in Registry,high,T1547.001,14,0,0.081769
SigmaHQ,d526c60a-e236-4011-b165-831ffa52ab70,Windows Vulnerable Driver Blocklist Disabled,high,T1685,14,0,0.001773
SigmaHQ,fc014922-5def-4da9-a0fc-28c973f41bfb,Execution DLL of Choice Using WAB.EXE,high,T1218,14,0,0.012639
SigmaHQ,d6a9b252-c666-4de6-8806-5561bbbd3bdc,Wdigest Enable UseLogonCredential,high,T1112,14,0,0.001742
SigmaHQ,0eb46774-f1ab-4a74-8238-1155855f2263,Disable Windows Defender Functionalities Via Registry Keys,high,T1685,14,0,0.131601
SigmaHQ,6db5eaf9-88f7-4ed9-af7d-9ef2ad12f236,Winget Admin Settings Modification,low,,14,0,0.047321
SigmaHQ,fa277e82-9b78-42dd-b05c-05555c7b6015,Enable Local Manifest Installation With Winget,medium,,14,0,0.001434
SigmaHQ,f7997770-92c3-4ec9-b112-774c4ef96f96,Winlogon AllowMultipleTSSessions Enable,medium,T1112,14,0,0.022039
SigmaHQ,bbf59793-6efb-4fa1-95ca-a7d288e52c88,Winlogon Notify Key Logon Persistence,high,T1547.004,14,0,0.027199
SigmaHQ,8ac03a65-6c84-4116-acad-dc1558ff7a77,Sysmon Configuration Change,medium,,14,0,0.005248
SigmaHQ,815cd91b-7dbc-4247-841a-d7dd1392b0a8,Sysmon Configuration Error,high,T1564,14,0,0.003824
SigmaHQ,1f2b5353-573f-4880-8e33-7d04dcf97744,Sysmon Configuration Modification,high,T1564,14,0,0.002062
SigmaHQ,23b71bc5-953e-4971-be4c-c896cda73fc2,Sysmon Blocked Executable,high,,14,0,0.004387
SigmaHQ,c3e5c1b1-45e9-4632-b242-27939c170239,Sysmon Blocked File Shredding,high,,14,0,0.004847
SigmaHQ,693a44e9-7f26-4cb6-b787-214867672d3a,Sysmon File Executable Creation Detected,medium,,14,0,0.004761
SigmaHQ,0f06a3a5-6a09-413f-8743-e6cf35561297,WMI Event Subscription,medium,T1546.003,14,1,0.011623
SigmaHQ,83844185-1c5b-45bc-bcf3-b5bf3084ca5b,Suspicious Encoded Scripts in a WMI Consumer,high,"T1047,T1546.003",14,0,0.002616
SigmaHQ,fe21810c-2a8c-478f-8dd3-5a287fb2a0e0,Suspicious Scripting in a WMI Consumer,high,T1059.005,14,0,0.340362
THOS,thos-0003,Suspicious Process Access to LSASS Memory,high,T1003.001,14,1,0.106667
THOS,thos-0010,DLL Search-Order Hijacking via wwlib.dll,high,T1574.002,14,0,0.043871
THOS,thos-0012,Domain Admins Group Membership Enumeration,medium,T1069.002,14,0,0.030442
THOS,thos-0008,LOLBin Execution via regsvr32.exe (Squiblydoo-style),high,T1218.010,14,0,0.036694
THOS,thos-0007,LOLBin Execution via rundll32.exe,medium,T1218.011,14,0,0.036036
THOS,thos-0004,Mimikatz Credential Theft Indicators,critical,T1003,14,0,0.041964
THOS,thos-0001,PowerShell Script Block Logging Execution,medium,T1059.001,14,1,0.023256
THOS,thos-0006,Remote PowerShell / WinRM Lateral Movement,medium,T1021.006,14,0,0.049525
THOS,thos-0011,Suspicious svchost.exe Spawning Command Shell (Possible Reverse Shell),critical,"T1059.003,T1071",14,0,0.038503
THOS,thos-0015,MSI Package Installed from Remote URL,medium,"T1204.002,T1105",14,0,0.029097
THOS,thos-0002,Windows Security Audit Log Cleared,high,T1070.001,14,0,0.021761
THOS,thos-0009,Suspicious JScript Engine Load (Defense Evasion),medium,T1059.007,14,0,0.033012
THOS,thos-0005,Token Duplication / UAC Bypass Indicators,high,"T1134,T1548",14,0,0.031399
THOS,thos-0016,Web Server Access Log Webshell Interaction Pattern,high,T1505.003,14,0,0.036656
THOS,thos-0014,Windows Defender Threat Detected / Blocked,high,T1562.001,14,0,0.024231
THOS,thos-0013,Suspicious Netlogon RPC Password Reset (Possible Zerologon),critical,"T1003,T1548",14,0,0.025051
